StockCode,Description,Revenue,Units,Orders,Customers,Revenue_Share_%
DOT,DOTCOM POSTAGE,206248.7700000002,706.0,706,1,1.9335789780709065
22423,REGENCY CAKESTAND 3 TIER,174484.74000000025,13879.0,1988,881,1.6357916959125043
23843,"PAPER CRAFT , LITTLE BIRDIE",168469.6,80995.0,1,1,1.579399852925252
85123A,WHITE HANGING HEART T-LIGHT HOLDER,104340.28999999838,37599.0,2189,856,0.9781885793055577
47566,PARTY BUNTING,99504.33000000053,18295.0,1685,708,0.932851530290489
85099B,JUMBO BAG RED RETROSPOT,94340.0500000021,48474.0,2089,635,0.8844364864341354
23166,MEDIUM CERAMIC TOP STORAGE JAR,81700.92000000007,78033.0,247,138,0.7659448412761584
M,Manual,78110.26999999992,7224.0,289,197,0.7322825539441631
POST,POSTAGE,78101.87999999999,3150.0,1126,331,0.7322038978259915
23084,RABBIT NIGHT LIGHT,66964.99000000028,30788.0,994,450,0.6277957290641244
22086,PAPER CHAIN KIT 50'S CHRISTMAS ,64952.28999999993,19355.0,1160,613,0.6089266981886239
84879,ASSORTED COLOUR BIRD ORNAMENT,59094.929999999535,36461.0,1455,678,0.5540140402222556
79321,CHILLI LIGHTS,54117.759999999966,10306.0,661,205,0.5073531496759298
23298,SPOTTY BUNTING,42548.12999999984,8327.0,1140,571,0.3988880502134762
22386,JUMBO BAG PINK POLKADOT,42436.24000000009,21465.0,1218,372,0.39783908322154765
21137,BLACK RECORD COVER FRAME,40652.13000000003,11656.0,375,140,0.3811130800043347
22502,PICNIC BASKET WICKER 60 PIECES,39619.5,61.0,2,1,0.3714321899795098
23284,DOORMAT KEEP CALM AND COME IN,38166.64000000005,5491.0,728,378,0.35781165030753986
22720,SET OF 3 CAKE TINS PANTRY DESIGN ,38158.38999999981,7493.0,1385,640,0.35773430668716555
22960,JAM MAKING SET WITH JARS,37128.880000000136,8706.0,1132,573,0.348082666613321
82484,WOOD BLACK BOARD ANT WHITE FINISH,36030.22000000018,6020.0,685,285,0.33778274637599165
20725,LUNCH BAG RED RETROSPOT,35752.010000000075,19353.0,1564,532,0.3351745319973589
22197,POPCORN HOLDER,34298.87000000005,36761.0,803,295,0.3215513673297878
22178,VICTORIAN GLASS HANGING T-LIGHT,33187.97000000008,24304.0,1037,403,0.311136697284779
22114,HOT WATER BOTTLE TEA AND SYMPATHY,33002.590000000026,5747.0,643,325,0.30939876269755745
22910,PAPER CHAIN KIT VINTAGE CHRISTMAS,32873.34000000018,10604.0,820,470,0.30818704597839663
22112,CHOCOLATE HOT WATER BOTTLE,32866.18000000005,6025.0,858,382,0.30811992109089675
85099F,JUMBO BAG STRAWBERRY,32570.469999999947,17273.0,812,315,0.3053476444872324
22469,HEART OF WICKER SMALL,32107.79999999991,17971.0,1201,573,0.30101012050692383
23245,SET OF 3 REGENCY CAKE TINS,31177.94999999992,6357.0,873,472,0.29229279136717085
21931,JUMBO STORAGE BAG SUKI,30770.119999999908,13654.0,1184,333,0.28846939152519036
22727,ALARM CLOCK BAKELIKE RED ,30701.119999999955,7815.0,1051,388,0.28782251760935174
23199,JUMBO BAG APPLES,30475.649999999863,14920.0,978,344,0.2857087399020431
22470,HEART OF WICKER LARGE,30139.410000000295,9901.0,925,485,0.2825564951852105
22355,CHARLOTTE BAG SUKI DESIGN,29277.94999999995,18152.0,882,249,0.27448032122087784
22699,ROSES REGENCY TEACUP AND SAUCER ,29095.27000000042,9877.0,1065,423,0.27276769909123755
23355,HOT WATER BOTTLE KEEP CALM,28842.550000000003,5841.0,782,474,0.2703984530620909
22411,JUMBO SHOPPER VINTAGE RED PAISLEY,28634.9499999999,12602.0,1175,375,0.2684522063240002
22457,NATURAL SLATE HEART CHALKBOARD ,28147.960000000472,9172.0,1249,587,0.26388668272582483
85099C,JUMBO  BAG BAROQUE BLACK WHITE,28092.199999999917,13922.0,933,306,0.2633639336019474
20685,DOORMAT RED RETROSPOT,28082.54000000003,4092.0,696,329,0.26327337125373096
23201,JUMBO BAG ALPHABET,27890.169999999882,13379.0,906,396,0.2614699055263388
22726,ALARM CLOCK BAKELIKE GREEN,27196.529999999966,6430.0,980,322,0.25496704142514226
84347,ROTATING SILVER ANGELS T-LIGHT HLDR,26463.829999999933,9476.0,449,192,0.248097990437674
21915,RED  HARMONICA IN BOX ,26331.57999999997,21933.0,661,349,0.24685814876564943
22666,RECIPE BOX PANTRY YELLOW DESIGN,26240.600000000293,8276.0,1111,471,0.24600521269517367
21175,GIN + TONIC DIET METAL SIGN,25836.569999999796,11727.0,759,330,0.24221743779348115
22629,SPACEBOY LUNCH BOX ,25740.47000000013,14260.0,900,322,0.24131650180345332
22961,JAM MAKING SET PRINTED,25660.980000000185,16412.0,1162,537,0.24057128430243868
48138,DOORMAT UNION FLAG,25609.59999999999,3762.0,616,313,0.24008959760974397
21181,PLEASE ONE PERSON METAL SIGN,25290.58000000009,12305.0,845,361,0.23709879012233934
23173,REGENCY TEAPOT ROSES ,24918.93000000009,2770.0,416,248,0.2336145772118815
21621,VINTAGE UNION JACK BUNTING,24542.82999999999,2789.0,475,267,0.23008864562134324
23203,JUMBO BAG VINTAGE DOILY ,24522.35999999991,11464.0,711,363,0.2298967396929769
22111,SCOTTIE DOG HOT WATER BOTTLE,24509.8400000001,4666.0,771,425,0.22977936488969886
22722,SET OF 6 SPICE TINS PANTRY DESIGN,24483.659999999993,5978.0,834,393,0.22953392780105053
22326,ROUND SNACK BOXES SET OF4 WOODLAND ,24438.620000000254,8560.0,732,281,0.22911167850874292
48187,DOORMAT NEW ENGLAND,24292.83999999998,3830.0,600,314,0.2277449932993053
22138,BAKING SET 9 PIECE RETROSPOT ,24239.72000000012,4948.0,934,581,0.2272469941339534
21731,RED TOADSTOOL LED NIGHT LIGHT,23932.979999999974,14009.0,849,266,0.2243713114535973
48185,DOORMAT FAIRY CAKE,23888.810000000005,3617.0,365,143,0.22395721839761773
23344,JUMBO BAG 50'S CHRISTMAS ,23815.74999999997,10306.0,716,391,0.22327228204557098
23243,SET OF TEA COFFEE SUGAR TINS PANTRY,23514.170000000016,4805.0,470,275,0.22044497428414028
22189,CREAM HEART CARD HOLDER,23463.47,8291.0,524,274,0.21996966258076273
21733,RED HANGING HEART T-LIGHT HOLDER,23228.740000000176,7882.0,741,385,0.2177690725189541
21929,JUMBO BAG PINK VINTAGE PAISLEY,23181.13999999993,11007.0,865,308,0.21732282326686575
82482,WOODEN PICTURE FRAME WHITE FINISH,23113.26000000006,9006.0,1100,410,0.2166864493334299
20713,JUMBO BAG OWLS,23030.959999999926,11444.0,657,207,0.2159148881265655
21623,VINTAGE UNION JACK MEMOBOARD,23010.0900000001,3272.0,221,139,0.21571923220448652
22139,RETROSPOT TEA SET CERAMIC 11 PC ,22912.810000000125,4527.0,962,488,0.21480723373299657
22697,GREEN REGENCY TEACUP AND SAUCER,22826.300000000316,7302.0,1013,387,0.21399620384228474
22090,PAPER BUNTING RETROSPOT,22790.960000000177,7564.0,798,325,0.2136648918975624
85066,CREAM SWEETHEART MINI CHEST,22708.949999999975,1793.0,519,289,0.21289604943614077
20727,LUNCH BAG  BLACK SKULL.,22421.21000000004,12240.0,1273,458,0.21019849145724953
15056N,EDWARDIAN PARASOL NATURAL,22176.490000000005,3954.0,456,184,0.20790424530240667
84029E,RED WOOLLY HOTTIE WHITE HEART.,22144.979999999996,4765.0,429,228,0.20760883954750675
48194,DOORMAT HEARTS,22138.569999999985,3419.0,592,286,0.20754874589822359
20712,JUMBO BAG WOODLAND ANIMALS,22092.419999999904,9773.0,863,248,0.20711609037335366
23202,JUMBO BAG VINTAGE LEAF,21852.809999999892,10962.0,879,377,0.2048697503882202
20724,RED RETROSPOT CHARLOTTE BAG,21776.789999999986,17765.0,1032,335,0.2041570640826836
20728,LUNCH BAG CARS BLUE,21750.63000000001,11817.0,1150,479,0.20391181449372223
22630,DOLLY GIRL LUNCH BOX,21635.14000000006,11793.0,850,287,0.20282909755835668
21523,DOORMAT FANCY FONT HOME SWEET HOME,21601.689999999995,3246.0,502,203,0.20251550433393845
21843,RED RETROSPOT CAKE STAND,21365.250000000073,2013.0,539,260,0.20029888304899732
21212,PACK OF 72 RETROSPOT CAKE CASES,21259.10000000019,36419.0,1320,635,0.19930372846687786
21166,COOK WITH WINE METAL SIGN ,20957.639999999876,10364.0,723,287,0.19647754570355827
23206,LUNCH BAG APPLE DESIGN,20911.979999999992,12183.0,1036,401,0.19604948392099109
22659,LUNCH BOX I LOVE LONDON,20818.700000000008,11523.0,707,213,0.1951749853866511
22728,ALARM CLOCK BAKELIKE PINK,20702.14999999998,5364.0,783,291,0.19408233096794003
21479,WHITE SKULL HOT WATER BOTTLE ,20594.45000000002,3918.0,499,252,0.19307264516017422
82494L,WOODEN FRAME ANTIQUE WHITE ,19640.79000000015,6749.0,910,392,0.18413209764453642
84946,ANTIQUE SILVER T-LIGHT GLASS,19411.619999999988,14688.0,689,348,0.1819836324953633
22501,PICNIC BASKET WICKER LARGE,19322.160000000076,1604.0,445,187,0.18114494640100234
22328,ROUND SNACK BOXES SET OF 4 FRUITS ,19130.370000000126,6847.0,581,227,0.17934691816449883
22467,GUMBALL COAT RACK,18890.46999999987,7962.0,681,262,0.1770978594339197
22969,HOMEMADE JAM SCENTED CANDLES,18788.550000000025,12532.0,646,429,0.17614236103533684
22383,LUNCH BAG SUKI DESIGN ,18750.579999999976,10332.0,1084,399,0.17578639288193915
15036,ASSORTED COLOURS SILK FAN,18569.83999999987,23826.0,518,194,0.17409195822181125
20726,LUNCH BAG WOODLAND,18323.379999999943,9933.0,1017,372,0.17178139959430908
22382,LUNCH BAG SPACEBOY DESIGN ,18092.359999999982,10464.0,1157,490,0.16961559072420593
21108,FAIRY CAKE FLANNEL ASSORTED COLOUR,18069.28000000003,10253.0,262,160,0.16939921608685038
22835,HOT WATER BOTTLE I AM SO POORLY,18055.109999999993,3474.0,657,316,0.1692663725594958
22693,GROW A FLYTRAP OR SUNFLOWER IN TIN,17927.450000000004,16244.0,305,167,0.16806956206535073
22865,HAND WARMER OWL DESIGN,17910.030000000108,8498.0,654,375,0.16790624983906308
21485,RETROSPOT HEART HOT WATER BOTTLE,17708.530000000053,3533.0,623,371,0.16601719050512673
20914,SET/5 RED RETROSPOT LID GLASS BOWLS,17655.800000000123,6084.0,879,356,0.16552284758364627
22698,PINK REGENCY TEACUP AND SAUCER,17551.760000000126,5824.0,765,319,0.16454747421837246
22384,LUNCH BAG PINK POLKADOT,17435.18999999994,10515.0,1090,444,0.16345463229997417
23203,JUMBO BAG DOILEY PATTERNS,17272.84999999993,8895.0,514,299,0.16193269735073762
21928,JUMBO BAG SCANDINAVIAN BLUE PAISLEY,17245.92999999991,8414.0,662,232,0.1616803227737173
22077,6 RIBBONS RUSTIC CHARM,17205.369999999988,9183.0,955,413,0.16130007341101613
22385,JUMBO BAG SPACEBOY DESIGN,17081.859999999848,8671.0,686,247,0.16014216910166287
71477,COLOUR GLASS. STAR T-LIGHT HOLDER,17073.64999999997,5737.0,264,145,0.16006520048066344
22197,SMALL POPCORN HOLDER,17055.15000000005,20160.0,589,228,0.15989176327134502
21754,HOME BUILDING BLOCK WORD,17049.920000000056,2780.0,777,360,0.15984273210352135
82583,HOT BATHS METAL SIGN,17047.06000000005,7306.0,609,206,0.15981591964845898
22492,MINI PAINT SET VINTAGE ,16937.81999999995,26633.0,380,213,0.15879179636488905
20719,WOODLAND CHARLOTTE BAG,16759.74999999999,13308.0,833,238,0.15712239291281022
22624,IVORY KITCHEN SCALES,16528.309999999983,1901.0,711,376,0.15495264654930588
22993,SET OF 4 PANTRY JELLY MOULDS,16507.229999999967,12672.0,1073,431,0.15475502188052476
84978,HANGING HEART JAR T-LIGHT HOLDER,16477.529999999966,12512.0,728,304,0.15447658484718532
84078A,SET/4 WHITE RETRO STORAGE CUBES ,16363.300000000043,415.0,155,79,0.15340568039202232
23301,GARDENERS KNEELING PAD KEEP CALM ,16357.04999999995,8825.0,913,405,0.15334708674022443
84029G,KNITTED UNION FLAG HOT WATER BOTTLE,16164.040000000028,3323.0,459,211,0.1515376210228904
85152,HAND OVER THE CHOCOLATE   SIGN ,15983.330000000042,8272.0,677,270,0.14984346761229228
23313,VINTAGE CHRISTMAS BUNTING,15833.310000000018,2997.0,401,254,0.14843703246947787
15056BL,EDWARDIAN PARASOL BLACK,15828.840000000018,2844.0,321,142,0.14839512628971263
22379,RECYCLING BAG RETROSPOT ,15636.989999999967,6910.0,748,187,0.14659653555415092
82483,WOOD 2 DRAWER CABINET WHITE FINISH,15240.069999999936,2403.0,543,241,0.14287541679074706
22084,PAPER CHAIN KIT EMPIRE,15122.970000000021,5189.0,436,277,0.14177760613067894
84997D,CHILDRENS CUTLERY POLKADOT PINK,14501.940000000031,3668.0,358,208,0.13595545963859876
22752,SET 7 BABUSHKA NESTING BOXES,14453.46999999998,1790.0,380,188,0.13550105415018204
22866,HAND WARMER SCOTTY DOG DESIGN,14410.620000000037,6632.0,548,329,0.13509933607346222
22847,BREAD BIN DINER STYLE IVORY,14329.540000000028,901.0,375,214,0.1343392123474298
48184,DOORMAT ENGLISH ROSE ,14323.999999999969,2038.0,407,227,0.13428727493447637
23200,JUMBO BAG PEARS,14197.279999999899,7071.0,595,262,0.1330992769255608
22507,MEMO BOARD RETROSPOT  DESIGN,14193.350000000011,2960.0,459,230,0.1330624332373119
22083,PAPER CHAIN KIT RETROSPOT,14159.540000000077,4658.0,610,294,0.1327454650185514
22625,RED KITCHEN SCALES,14141.699999999984,1627.0,546,292,0.1325782152988611
21232,STRAWBERRY CERAMIC TRINKET BOX,14130.07999999997,10483.0,706,296,0.13246927798143995
22867,HAND WARMER BIRD DESIGN,14078.690000000064,6441.0,554,333,0.13198749753890504
21930,JUMBO STORAGE BAG SKULLS,14031.159999999923,6450.0,705,220,0.13154190453571776
23343,JUMBO BAG VINTAGE CHRISTMAS ,13978.949999999963,6081.0,476,286,0.13105243660606658
22622,BOX OF VINTAGE ALPHABET BLOCKS,13931.309999999969,1342.0,267,174,0.13060581235460902
84077,WORLD WAR 2 GLIDERS ASSTD DESIGNS,13841.850000000022,55047.0,535,307,0.12976712626024772
20971,PINK BLUE FELT CRAFT TRINKET BOX,13838.099999999982,11001.0,522,277,0.12973197006916917
22941,CHRISTMAS LIGHTS 10 REINDEER,13812.91999999999,1672.0,311,205,0.1294959079648094
AMAZONFEE,AMAZON FEE,13761.09,2.0,2,0,0.12901000252918718
22171,3 HOOK PHOTO SHELF ANTIQUE WHITE,13746.109999999988,1811.0,382,172,0.12886956526456
23077,DOUGHNUT LIP GLOSS ,13720.769999999991,10415.0,344,217,0.1286320031627142
22551,PLASTERS IN TIN SPACEBOY,13615.309999999952,8082.0,673,339,0.12764331731975168
21524,DOORMAT SPOTTY HOME SWEET HOME,13612.409999999958,1757.0,480,251,0.1276161298653179
23356,LOVE HOT WATER BOTTLE,13494.970000000041,2386.0,476,316,0.126515131710592
23207,LUNCH BAG ALPHABET DESIGN,13360.199999999944,7851.0,740,377,0.12525166507816166
22558,CLOTHES PEGS RETROSPOT PACK 24 ,13346.039999999963,8689.0,772,363,0.1251189153006505
22554,PLASTERS IN TIN WOODLAND ANIMALS,13344.769999999944,7813.0,704,351,0.12510700907060518
23108,SET OF 10 LED DOLLY LIGHTS,13303.019999999997,2221.0,372,271,0.1247156034766016
23328,SET 6 SCHOOL MILK BOTTLES IN CRATE,13284.49,2845.0,405,195,0.12454188501775383
22113,GREY HEART HOT WATER BOTTLE,12805.330000000005,3231.0,561,337,0.12004976754654445
22499,WOODEN UNION JACK BUNTING,12792.250000000025,2091.0,407,217,0.11992714275206384
22427,ENAMEL FLOWER JUG CREAM,12671.060000000043,2110.0,506,311,0.11879098840625911
20750,RED RETROSPOT MINI CASES,12642.929999999962,1748.0,385,235,0.11852727009825034
20749,ASSORTED COLOUR MINI CASES,12614.169999999966,1770.0,383,239,0.1182576455501412
21755,LOVE BUILDING BLOCK WORD,12572.710000000015,2034.0,629,337,0.11786895870158098
22607,WOODEN ROUNDERS GARDEN SET ,12571.369999999984,1331.0,358,224,0.11785639622263543
20723,STRAWBERRY CHARLOTTE BAG,12552.399999999998,9798.0,722,230,0.11767855277070123
21790,VINTAGE SNAP CARDS,12515.960000000061,14528.0,926,449,0.11733692834326451
22188,BLACK HEART CARD HOLDER,12487.170000000011,4871.0,189,123,0.11706702254562626
22568,FELTCRAFT CUSHION OWL,12440.139999999994,3380.0,470,244,0.11662611703458388
22424,ENAMEL BREAD BIN CREAM,12383.829999999976,875.0,454,189,0.11609821166935332
22149,FELTCRAFT 6 FLOWER FRIENDS,12373.88000000005,6078.0,547,337,0.11600493057569315
23174,REGENCY SUGAR BOWL GREEN,12350.730000000032,3057.0,322,190,0.11578789968943683
21977,PACK OF 60 PINK PAISLEY CAKE CASES,12245.020000000015,24854.0,869,410,0.11479687010040264
48188,DOORMAT WELCOME PUPPIES,12114.969999999994,2065.0,287,163,0.1135776533938101
47590B,PINK HAPPY BIRTHDAY BUNTING,12071.920000000035,2327.0,393,238,0.11317406032023263
22273,FELTCRAFT DOLL MOLLY,12016.340000000042,4514.0,331,211,0.11265299869353217
22191,IVORY DINER WALL CLOCK,11971.149999999989,1452.0,415,239,0.1122293431535785
22158,3 HEARTS HANGING DECORATION RUSTIC,11944.88000000003,3463.0,303,196,0.11198306231634568
82486,WOOD S/3 CABINET ANT WHITE FINISH,11937.67999999995,1408.0,403,183,0.11191556242947476
21430,SET/3 RED GINGHAM ROSE STORAGE BOX,11928.449999999992,3040.0,477,186,0.11182903132450131
22087,PAPER BUNTING WHITE LACE,11893.230000000003,4089.0,326,155,0.11149884437789488
22193,RED DINER WALL CLOCK,11882.56999999999,1403.0,460,206,0.11139890704538977
23300,GARDENERS KNEELING PAD CUP OF TEA ,11815.689999999991,6827.0,758,351,0.11077190809624024
22502,PICNIC BASKET WICKER SMALL,11807.120000000048,1879.0,461,175,0.1106915644808967
21936,RED RETROSPOT PICNIC BAG,11671.090000000035,3987.0,531,223,0.10941628536826485
23581,JUMBO BAG PAISLEY PARK,11613.029999999944,5035.0,338,230,0.10887197378053044
22692,DOORMAT WELCOME TO OUR HOME,11555.559999999976,1524.0,443,231,0.10833319343352679
21217,RED RETROSPOT ROUND CAKE TINS,11532.390000000012,1089.0,344,167,0.10811597504758524
22730,ALARM CLOCK BAKELIKE IVORY,11479.65,2892.0,570,241,0.10762153837626116
21481,FAWN BLUE HOT WATER BOTTLE,11466.369999999992,3313.0,490,253,0.10749703858492278
22356,CHARLOTTE BAG PINK POLKADOT,11420.289999999999,9719.0,742,220,0.1070650393089538
21216,"SET 3 RETROSPOT TEA,COFFEE,SUGAR",11407.560000000014,2133.0,430,150,0.10694569575897378
22041,"RECORD FRAME 7"" SINGLE SIZE ",11354.560000000001,4374.0,361,73,0.10644882159173495
21340,CLASSIC METAL BIRDCAGE PLANT HOLDER,11338.270000000006,978.0,290,179,0.10629610309769125
21080,SET/20 RED RETROSPOT PAPER NAPKINS ,11319.36000000004,13210.0,986,427,0.10611882214481452
47566B,TEA TIME PARTY BUNTING,11290.120000000003,2382.0,365,192,0.10584469760424699
22605,WOODEN CROQUET GARDEN SET,11276.209999999997,782.0,299,181,0.1057142915728075
22570,FELTCRAFT CUSHION RABBIT,11227.470000000003,3092.0,386,202,0.1052573548386337
23170,REGENCY TEA PLATE ROSES ,11117.050000000007,6869.0,445,224,0.10422216907360546
22413,METAL SIGN TAKE IT OR LEAVE IT ,11104.789999999972,3777.0,412,228,0.10410723176624011
22662,LUNCH BAG DOLLY GIRL DESIGN,11090.579999999956,6724.0,682,310,0.10397401323951425
B,Adjust bad debt,11062.06,1.0,1,0,0.10370663868763451
20711,JUMBO BAG TOYS ,11014.619999999975,5007.0,522,152,0.10326188943303422
85014B,RED RETROSPOT UMBRELLA,10981.950000000012,1915.0,350,210,0.10295560869636117
22988,SOLDIERS EGG CUP ,10938.309999999985,9137.0,418,197,0.10254648438205342
85048,15CM CHRISTMAS GLASS BALL 20 LIGHTS,10910.609999999991,1359.0,261,170,0.1022867973172891
23209,LUNCH BAG VINTAGE DOILY ,10820.09999999997,6562.0,601,319,0.10143826748942521
22617,BAKING SET SPACEBOY DESIGN,10745.050000000041,2209.0,464,296,0.1007346749186473
22846,BREAD BIN DINER STYLE RED ,10676.620000000012,665.0,278,158,0.10009314474385184
22734,SET OF 6 RIBBONS VINTAGE CHRISTMAS,10621.60000000005,3265.0,422,278,0.09957733310835268
21791,VINTAGE HEADS AND TAILS CARD GAME ,10535.64999999999,7889.0,607,342,0.09877155320883955
21891,TRADITIONAL WOODEN SKIPPING ROPE,10525.999999999964,8145.0,425,264,0.0986810846104647
84755,COLOUR GLASS T-LIGHT HOLDER HANGING,10518.249999999953,16449.0,621,318,0.09860842848223629
23209,LUNCH BAG DOILEY PATTERN ,10510.439999999993,6556.0,492,290,0.09853520985495114
47590A,BLUE HAPPY BIRTHDAY BUNTING,10502.65000000003,1992.0,390,228,0.09846217872735168
23208,LUNCH BAG VINTAGE LEAF DESIGN,10498.009999999966,6342.0,668,305,0.09841867880025697
22992,REVOLVER WOODEN RULER ,10379.83999999999,5236.0,348,217,0.09731083690700061
22169,FAMILY ALBUM WHITE PICTURE FRAME,10354.260000000004,1198.0,372,165,0.09707102480892592
21914,BLUE HARMONICA IN BOX ,10343.559999999994,7879.0,603,306,0.09697071247704933
84997B,CHILDRENS CUTLERY RETROSPOT RED ,10316.860000000013,2634.0,262,157,0.09672040039657265
84947,ANTIQUE SILVER TEA GLASS ENGRAVED,10297.269999999991,8706.0,347,177,0.09653674445437986
23582,VINTAGE DOILY JUMBO BAG RED ,10233.45,4815.0,259,186,0.09593843295715025
22970,LONDON BUS COFFEE MUG,10224.749999999989,4367.0,317,180,0.09585687059384869
82600,NO SINGING METAL SIGN,10195.860000000011,4789.0,496,207,0.09558602729778237
84997C,CHILDRENS CUTLERY POLKADOT BLUE,10154.910000000009,2583.0,233,150,0.09520212169120829
22569,FELTCRAFT CUSHION BUTTERFLY,10133.329999999998,2765.0,348,192,0.09499980953028345
21218,RED SPOTTY BISCUIT TIN,10116.490000000014,2433.0,394,130,0.09484193479488172
22556,PLASTERS IN TIN CIRCUS PARADE ,10070.109999999979,6118.0,571,305,0.09440712302362607
22633,HAND WARMER UNION JACK,10057.320000000025,4867.0,479,300,0.0942872169745891
22621,TRADITIONAL KNITTING NANCY,10056.950000000008,6150.0,609,366,0.09428374823040254
23171,REGENCY TEA PLATE GREEN ,10051.990000000016,6247.0,381,195,0.0942372483083365
48173C,DOORMAT BLACK FLOCK ,10025.109999999997,1802.0,188,105,0.09398524873068771
20679,EDWARDIAN PARASOL RED,10021.419999999991,1710.0,326,141,0.0939506550386667
23076,ICE CREAM SUNDAE LIP GLOSS,9965.759999999995,8100.0,277,202,0.09342884341322322
22791,T-LIGHT GLASS FLUTED ANTIQUE,9963.879999999988,8027.0,345,184,0.09341121844276261
22690,DOORMAT HOME SWEET HOME BLUE ,9959.59999999999,1621.0,285,198,0.09337109351001203
22619,SET OF 6 SOLDIER SKITTLES,9921.289999999992,2487.0,443,250,0.09301193786195705
22654,DELUXE SEWING KIT ,9898.950000000024,1412.0,328,157,0.09280250071297409
22555,PLASTERS IN TIN STRONGMAN,9863.279999999988,6023.0,515,294,0.09246809502343782
22766,PHOTO FRAME CORNICE,9843.590000000011,3297.0,504,278,0.09228350158281672
21314,SMALL GLASS HEART TRINKET POT,9811.579999999996,4252.0,541,215,0.09198340833577297
22838,3 TIER CAKE TIN RED AND CREAM,9765.109999999993,689.0,168,115,0.09154775281593175
23240,SET OF 4 KNICK KNACK TINS DOILY ,9759.67999999996,2360.0,353,230,0.0914968466512502
22561,WOODEN SCHOOL COLOURING SET,9749.820000000007,5888.0,433,288,0.09140440930617566
21559,STRAWBERRY LUNCH BOX WITH CUTLERY,9748.129999999994,3938.0,573,233,0.09138856558272962
22776,SWEETHEART CAKESTAND 3 TIER,9697.249999999993,959.0,377,252,0.09091156638218045
22844,VINTAGE CREAM DOG FOOD CONTAINER,9686.819999999994,1006.0,416,176,0.0908137852960616
22144,CHRISTMAS CRAFT LITTLE FRIENDS,9681.180000000033,4082.0,544,319,0.09076091038468034
22560,TRADITIONAL MODELLING CLAY,9602.320000000002,8168.0,389,229,0.09002159912376599
23175,REGENCY MILK JUG PINK ,9600.149999999981,3164.0,329,206,0.09000125540786187
22978,PANTRY ROLLING PIN,9568.729999999987,2465.0,238,153,0.08970669340154797
22456,NATURAL SLATE CHALKBOARD LARGE ,9554.470000000016,1731.0,476,220,0.08957300612560816
35970,ZINC FOLKART SLEIGH BELLS,9546.530000000004,5070.0,456,270,0.08949856875036512
22952,60 CAKE CASES VINTAGE CHRISTMAS,9511.519999999986,16055.0,618,342,0.08917035055045877
21174,POTTERING IN THE SHED METAL SIGN,9413.819999999992,4179.0,538,225,0.08825441458556786
84375,SET OF 20 KIDS COOKIE CUTTERS,9404.150000000016,4321.0,517,290,0.08816375848750772
85150,LADIES & GENTLEMEN METAL SIGN,9388.529999999997,4039.0,478,196,0.08801732123293646
21155,RED RETROSPOT PEG BAG,9301.40000000001,3157.0,485,205,0.08720047885196472
23319,BOX OF 6 MINI 50'S CRACKERS,9266.839999999955,3739.0,403,300,0.0868764793949874
22749,FELTCRAFT PRINCESS CHARLOTTE DOLL,9264.909999999994,2375.0,449,275,0.08685838567531286
22966,GINGERBREAD MAN COOKIE CUTTER,9212.14999999999,7448.0,670,388,0.08636376150430311
84991,60 TEATIME FAIRY CAKE CASES,9183.719999999981,18214.0,828,414,0.08609723070100876
23318,BOX OF 6 MINI VINTAGE CRACKERS,9167.389999999965,3811.0,376,270,0.08594413720759336
20972,PINK CREAM FELT CRAFT TRINKET BOX ,9159.309999999992,7362.0,616,312,0.08586838733455043
23080,RED METAL BOX TOP SECRET,9158.87,1079.0,257,148,0.08586426234146399
48116,DOORMAT MULTICOLOUR STRIPE,9088.630000000001,1492.0,201,88,0.0852057634451084
22729,ALARM CLOCK BAKELIKE ORANGE,9080.200000000006,2326.0,445,179,0.08512673232756464
22771,CLEAR DRAWER KNOB ACRYLIC EDWARDIAN,9050.440000000004,6635.0,441,168,0.08484773279516793
22759,SET OF 3 NOTEBOOKS IN PARCEL,9043.94,5445.0,422,253,0.084786795397299
22989,SET 2 PANTRY DESIGN TEA TOWELS,9012.269999999999,2815.0,372,241,0.08448988964491314
23439,HAND WARMER RED LOVE HEART,8941.610000000006,4027.0,397,268,0.08382745325515685
23322,LARGE WHITE HEART OF WICKER,8925.409999999982,3085.0,562,350,0.08367557850969874
82582,AREA PATROLLED METAL SIGN,8862.99,4367.0,437,176,0.08309039199047175
21889,WOODEN BOX OF DOMINOES,8862.289999999997,6402.0,587,336,0.08308382950147045
22632,HAND WARMER RED RETROSPOT,8770.429999999997,4354.0,374,258,0.0822226434448186
84945,MULTI COLOUR SILVER T-LIGHT HOLDER,8754.629999999985,10557.0,347,208,0.08207451869307562
22947,WOODEN ADVENT CALENDAR RED,8714.23999999999,746.0,137,81,0.08169586307770264
22147,FELTCRAFT BUTTERFLY HEARTS,8626.93999999999,6230.0,481,287,0.08087742694940188
22652,TRAVEL SEWING KIT,8620.31999999999,5096.0,467,263,0.08081536455341849
22795,SWEETHEART RECIPE BOOK STAND,8578.000000000005,1212.0,368,170,0.08041861521837068
23082,SET 6 PAPER TABLE LANTERN HEARTS ,8577.509999999998,2333.0,297,205,0.08041402147606971
71459,HANGING JAM JAR T-LIGHT HOLDER,8560.839999999976,10792.0,348,193,0.08025774048799651
23078,ICE CREAM PEN LIP GLOSS ,8553.34,6831.0,257,159,0.0801874281058403
21035,SET/2 RED RETROSPOT TEA TOWELS ,8549.85,2603.0,394,151,0.08015470941067686
84378,SET OF 3 HEART COOKIE CUTTERS,8540.89999999997,6350.0,685,376,0.08007080330130324
21484,CHICK GREY HOT WATER BOTTLE,8535.520000000002,1881.0,402,205,0.08002036588583668
23256,CHILDRENS CUTLERY SPACEBOY ,8525.970000000021,2079.0,360,225,0.07993083478589101
23493,VINTAGE DOILY TRAVEL SEWING KIT,8509.679999999998,3970.0,415,282,0.07977811629184706
23321,SMALL WHITE HEART OF WICKER,8473.269999999997,4737.0,629,378,0.07943677311393832
21213,PACK OF 72 SKULL CAKE CASES,8418.439999999986,15176.0,663,295,0.07892274272545335
21210,SET OF 72 RETROSPOT PAPER  DOILIES,8374.18999999996,5812.0,453,244,0.07850789967073023
22768,FAMILY PHOTO FRAME CORNICE,8268.53999999998,868.0,260,184,0.07751743258075364
72741,GRAND CHOCOLATECANDLE,8225.000000000027,5978.0,292,195,0.07710924576487532
22192,BLUE DINER WALL CLOCK,8189.290000000003,954.0,365,179,0.07677446507596765
22725,ALARM CLOCK BAKELIKE CHOCOLATE,8168.5999999999985,1984.0,428,171,0.07658049665105877
84380,SET OF 3 BUTTERFLY COOKIE CUTTERS,8161.459999999975,5805.0,688,325,0.07651355926324564
22655,VINTAGE RED KITCHEN CABINET,8125.0,60.0,38,34,0.0761717473361228
22667,RECIPE BOX RETROSPOT ,8101.14999999996,2901.0,464,233,0.07594815396086499
22900, SET 2 TEA TOWELS I LOVE LONDON ,8100.05,2789.0,269,131,0.0759378414781491
71053,WHITE METAL LANTERN,8056.519999999998,1880.0,307,145,0.0755297484121132
22909,SET OF 20 VINTAGE CHRISTMAS NAPKINS,8050.5299999999825,8987.0,610,368,0.07547359225623079
21121,SET/10 RED POLKADOT PARTY CANDLES,8033.85,6634.0,379,238,0.07531721751831508
22616,PACK OF 12 LONDON TISSUES ,7980.919999999994,26135.0,512,195,0.07482099959997644
22940,FELTCRAFT CHRISTMAS FAIRY,7953.999999999999,1930.0,321,240,0.07456862502295639
21770,OPEN CLOSED METAL SIGN,7938.779999999957,1641.0,388,263,0.07442593776209988
22487,WHITE WOOD GARDEN PLANT LADDER,7919.229999999959,785.0,429,278,0.07424265681927883
22352,LUNCH BOX WITH CUTLERY RETROSPOT ,7873.720000000037,3093.0,482,185,0.07381600128435441
22968,ROSE COTTAGE KEEPSAKE BOX ,7861.929999999986,795.0,189,118,0.07370547021960402
21136,PAINTED METAL PEARS ASSORTED,7830.320000000044,4709.0,370,259,0.07340912696627598
23238,SET OF 4 KNICK KNACK TINS LONDON ,7825.559999999981,1862.0,274,150,0.07336450204106679
22557,PLASTERS IN TIN VINTAGE PAISLEY ,7777.090000000007,4721.0,566,315,0.07291009655265081
22173,METAL 4 HOOK HANGER FRENCH CHATEAU,7773.699999999982,2446.0,493,210,0.07287831535591585
23007, SPACEBOY BABY GIFT SET,7758.69999999998,499.0,184,110,0.072737690591603
21908,CHOCOLATE THIS WAY METAL SIGN,7756.420000000002,3773.0,468,220,0.07271631562742764
23204,CHARLOTTE BAG APPLES DESIGN,7741.940000000018,7976.0,583,199,0.07258056585494448
48111,DOORMAT 3 SMILEY CATS,7732.929999999999,1175.0,233,111,0.07249609724651371
21258,VICTORIAN SEWING BOX LARGE,7674.800000000001,532.0,163,61,0.07195112940988004
84970S,HANGING HEART ZINC T-LIGHT HOLDER,7672.409999999959,8905.0,537,271,0.07192872319743246
84406B,CREAM CUPID HEARTS COAT HANGER,7657.320000000002,2016.0,284,133,0.07178725468453415
84949,SILVER HANGING T-LIGHT HOLDER,7642.439999999987,4801.0,290,165,0.07164775491833567
21231,SWEETHEART CERAMIC TRINKET BOX,7628.5300000000025,6063.0,509,215,0.07151734888689637
22991,GIRAFFE WOODEN RULER,7608.789999999981,3889.0,274,185,0.07133228669706046
21955,DOORMAT UNION JACK GUNS AND ROSES,7597.019999999997,1230.0,206,108,0.07122194313199647
22750,FELTCRAFT PRINCESS LOLA DOLL,7563.080000000003,2020.0,413,247,0.070903756165278
22585,PACK OF 6 BIRDY GIFT TAGS,7561.640000000005,6232.0,395,241,0.070890256187904
22627,MINT KITCHEN SCALES,7547.390000000004,855.0,357,193,0.07075666266180679
21668,RED STRIPE CERAMIC DRAWER KNOB,7527.659999999981,5528.0,437,169,0.07057169422181374
22367,CHILDRENS APRON SPACEBOY DESIGN,7520.280000000012,3755.0,550,298,0.07050250683777211
22381,TOY TIDY PINK POLKADOT,7437.940000000017,3441.0,469,133,0.06973057063153752
84836,ZINC METAL HEART DECORATION,7426.8200000000015,5944.0,535,311,0.06962632080626013
22741,FUNKY DIVA PEN,7363.860000000028,8547.0,233,107,0.06903607179551795
23382,BOX OF 6 CHRISTMAS CAKE DECORATIONS,7356.180000000006,1875.0,220,136,0.06896407191618956
21169,YOU'RE CONFUSING ME METAL SIGN ,7320.360000000001,4424.0,450,191,0.06862825997901045
23083,SET 6 PAPER TABLE LANTERN STARS ,7254.650000000003,1933.0,246,161,0.06801222976147735
23240,SET OF 4 KNICK KNACK TINS DOILEY ,7252.939999999988,1820.0,182,142,0.06799619853834554
20969,RED FLORAL FELTCRAFT SHOULDER BAG,7236.930000000002,1962.0,305,157,0.06784610503990243
22631,CIRCUS PARADE LUNCH BOX ,7207.369999999987,3681.0,396,168,0.06756898050436312
22634,CHILDS BREAKFAST SET SPACEBOY ,7191.149999999986,766.0,222,155,0.06741691825921949
22485,SET OF 2 WOODEN MARKET CRATES,7190.349999999999,526.0,208,142,0.06740941827178959
22553,PLASTERS IN TIN SKULLS,7176.670000000002,4269.0,560,281,0.0672811684867363
22767,TRIPLE PHOTO FRAME CORNICE ,7173.5499999999865,774.0,218,152,0.0672519185357591
21787,RAIN PONCHO RETROSPOT,7163.65,8878.0,243,115,0.06715910619131273
22834,HAND WARMER BABUSHKA DESIGN,7136.230000000004,4970.0,368,199,0.0669020441221489
21669,BLUE STRIPE CERAMIC DRAWER KNOB,7135.9999999999745,5285.0,425,167,0.0668998878757625
22637,PIGGY BANK RETROSPOT ,7121.379999999994,2764.0,329,188,0.0667628256054791
21259,VICTORIAN SEWING BOX SMALL ,7106.949999999982,1184.0,285,133,0.06662754458221003
22505,MEMO BOARD COTTAGE DESIGN,7104.219999999999,1461.0,311,186,0.06660195087510526
23320,GIANT 50'S CHRISTMAS CRACKER,7072.1600000000135,2668.0,333,260,0.06630138887884741
21912,VINTAGE SNAKES & LADDERS,7062.700000000005,1790.0,396,201,0.06621270152748736
22950,36 DOILIES VINTAGE CHRISTMAS,7061.729999999981,5172.0,177,151,0.06620360779272824
22663,JUMBO BAG DOLLY GIRL DESIGN,7053.28000000002,3420.0,450,171,0.06612438917549904
C2,CARRIAGE,7051.0,142.0,141,29,0.0661030142113233
22333,RETROSPOT PARTY BAG + STICKER SET,7047.239999999982,4494.0,317,167,0.06606776427040204
22946,WOODEN ADVENT CALENDAR CREAM,7047.169999999994,454.0,137,64,0.06606710802150202
23215,JINGLE BELL HEART ANTIQUE SILVER,7044.639999999998,3567.0,210,162,0.06604338931125463
22839,3 TIER CAKE TIN GREEN AND CREAM,7011.5699999999915,447.0,201,107,0.0657333585808662
23293,SET OF 12 FAIRY CAKE BAKING CASES,7001.990000000021,8486.0,552,323,0.065643546231392
22170,PICTURE FRAME WOOD TRIPLE PORTRAIT,6977.5999999999985,1068.0,265,142,0.06541489036461912
21922,UNION STRIPE WITH FRINGE  HAMMOCK,6952.309999999988,899.0,208,113,0.06517779701198756
21877,HOME SWEET HOME MUG,6942.329999999994,5418.0,349,174,0.06508423466879813
21165,BEWARE OF THE CAT METAL SIGN ,6939.080000000009,4156.0,449,178,0.06505376596986383
21094,SET/6 RED SPOTTY PAPER PLATES,6933.259999999981,8758.0,527,179,0.06499920356131018
22109,FULL ENGLISH BREAKFAST PLATE,6928.6500000000015,1642.0,296,100,0.06495598488374489
22840,ROUND CAKE TIN VINTAGE RED,6927.639999999971,916.0,271,193,0.0649465161496142
21257,VICTORIAN SEWING BOX MEDIUM,6909.369999999985,689.0,261,100,0.06477523518668131
22294,HEART FILIGREE DOVE  SMALL,6901.330000000001,5534.0,299,162,0.06469986031300977
21326,AGED GLASS SILVER T-LIGHT HOLDER,6890.47000000002,10583.0,340,168,0.06459804798364745
22900,SET 2 TEA TOWELS I LOVE LONDON ,6875.880000000009,2130.0,264,111,0.06446126696289238
84997A,CHILDRENS CUTLERY POLKADOT GREEN ,6864.420000000001,1728.0,186,114,0.0643538296429573
22580,ADVENT CALENDAR GINGHAM SACK,6860.090000000002,1313.0,246,126,0.06431323596099234
75049L,LARGE CIRCULAR MIRROR MOBILE,6827.980000000006,7114.0,205,71,0.06401220521552002
21672,WHITE SPOT RED CERAMIC DRAWER KNOB,6815.899999999982,5022.0,409,159,0.06389895540532652
23297,SET 40 HEART SHAPE PETIT FOUR CASES,6792.229999999986,4303.0,161,123,0.06367704952724089
22620,4 TRADITIONAL SPINNING TOPS,6789.459999999971,4894.0,483,260,0.06365108082076432
22943,CHRISTMAS LIGHTS 10 VINTAGE BAUBLES,6785.17,1361.0,209,128,0.0636108621381711
23254,CHILDRENS CUTLERY DOLLY GIRL ,6782.76000000001,1674.0,291,197,0.06358826842603828
23541,WALL ART CLASSIC PUDDINGS ,6762.710000000004,864.0,150,95,0.06340029999107338
23008,DOLLY GIRL BABY GIFT SET,6753.509999999983,435.0,133,99,0.06331405013562798
23480,MINI LIGHTS WOODLAND MUSHROOMS,6726.640000000003,1800.0,215,143,0.06306214430782243
23247,BISCUIT TIN 50'S CHRISTMAS,6715.930000000017,2206.0,309,231,0.06296173822610318
22668,PINK BABY BUNTING,6710.419999999995,2190.0,345,162,0.06291008206267873
21533,RETROSPOT LARGE MILK JUG,6701.219999999994,1361.0,339,209,0.0628238322072335
85014A,BLACK/BLUE POLKADOT UMBRELLA,6684.669999999994,1164.0,278,183,0.06266867621727501
21871,SAVE THE PLANET MUG,6681.209999999995,5454.0,357,133,0.06263623877164018
84988,SET OF 72 PINK HEART PAPER DOILIES,6672.6999999999925,4312.0,510,209,0.06255645765535335
21888,BINGO SET,6667.040000000004,1690.0,378,210,0.06250339524428608
20718,RED RETROSPOT SHOPPER BAG,6613.04,4776.0,575,236,0.0619971460927598
84992,72 SWEETHEART FAIRY CAKE CASES,6555.329999999997,13360.0,615,325,0.06145611574952685
23229,VINTAGE DONKEY TAIL GAME ,6550.170000000002,1815.0,252,182,0.06140774083060326
22508,DOORSTOP RETROSPOT HEART,6544.630000000003,1599.0,296,177,0.0613558034176504
82486,3 DRAWER ANTIQUE WHITE WOOD CABINET,6529.539999999997,742.0,202,129,0.06121433490475162
21122,SET/10 PINK POLKADOT PARTY CANDLES,6496.040000000001,5331.0,344,214,0.060900272931119645
23311,VINTAGE CHRISTMAS STOCKING ,6488.200000000027,2390.0,344,246,0.06082677305430571
84946,ANTIQUE SILVER TEA GLASS ETCHED,6478.01,4558.0,216,117,0.06073124196441561
22141,CHRISTMAS CRAFT TREE TOP ANGEL,6474.29000000002,2796.0,457,256,0.0606963670228662
23103,JINGLE BELL HEART DECORATION,6472.359999999995,3828.0,356,223,0.060678273303191047
22804,CANDLEHOLDER PINK HANGING HEART,6471.239999999977,2262.0,398,222,0.06066777332078886
23553,LANDMARK FRAME CAMDEN TOWN ,6457.150000000001,569.0,68,50,0.06053567979217788
84030E,ENGLISH ROSE HOT WATER BOTTLE,6452.939999999999,1506.0,334,198,0.0604962111083274
20676,RED RETROSPOT BOWL,6441.060000000007,5076.0,448,185,0.0603848362949917
23571,TRADITIONAL NAUGHTS & CROSSES,6436.610000000005,2859.0,257,195,0.060343117614912206
23134,LARGE ZINC HEART WALL ORGANISER,6431.11,1065.0,38,29,0.060291555201330775
22635,CHILDS BREAKFAST SET DOLLY GIRL ,6422.279999999988,682.0,194,143,0.060208774090071845
84970L,SINGLE HEART ZINC T-LIGHT HOLDER,6412.769999999998,6065.0,457,234,0.0601196179894976
22784,LANTERN CREAM GAZEBO ,6405.540000000003,1281.0,299,192,0.060051836853098846
22979,PANTRY WASHING UP BRUSH,6401.969999999985,4097.0,381,225,0.060018368159192224
23307,SET OF 60 PANTRY DESIGN CAKE CASES ,6379.589999999985,12063.0,629,366,0.05980855601083747
23172,REGENCY TEA PLATE PINK,6360.910000000012,3871.0,305,160,0.05963343130434679
22303,COFFEE MUG APPLES DESIGN,6353.550000000021,2822.0,261,155,0.05956443141999072
22895,SET OF 2 TEA TOWELS APPLE AND PEARS,6349.950000000004,2063.0,284,163,0.05953068147655547
22151,PLACE SETTING WHITE HEART,6332.289999999994,15150.0,332,174,0.05936511925403772
21154,RED RETROSPOT OVEN GLOVE ,6321.76,4035.0,451,175,0.05926640066949017
21380,WOODEN HAPPY BIRTHDAY GARLAND,6316.359999999983,2168.0,290,138,0.05921577575433739
21935,SUKI  SHOULDER BAG,6298.610000000011,3393.0,530,121,0.059049369783234114
22826,LOVE SEAT ANTIQUE WHITE METAL,6210.0,58.0,41,33,0.05821865242551661
23169,CLASSIC GLASS COOKIE JAR,6191.689999999992,1439.0,300,191,0.05804699646321201
23192,BUNDLE OF 3 ALPHABET EXERCISE BOOKS,6142.2900000000045,3533.0,345,224,0.057583872239408494
21670,BLUE SPOT CERAMIC DRAWER KNOB,6141.289999999979,4370.0,374,158,0.05757449725512073
21975,PACK OF 60 DINOSAUR CAKE CASES,6117.909999999995,12340.0,601,287,0.0573553101224786
23118,PARISIENNE JEWELLERY DRAWER ,6102.18,813.0,258,154,0.057207841619635914
21156,RETROSPOT CHILDRENS APRON,6093.050000000004,3171.0,358,202,0.057122248013090855
21671,RED SPOT CERAMIC DRAWER KNOB,6078.539999999983,4421.0,369,164,0.05698621699107871
21673,WHITE SPOT BLUE CERAMIC DRAWER KNOB,6071.74999999998,4395.0,365,154,0.0569225608477664
47591D,PINK FAIRY CAKE CHILDRENS APRON,6060.249999999997,3211.0,439,250,0.05681474852846006
47556B,TEA TIME TEA TOWELS ,6045.0,2600.0,2,1,0.05667178001807536
23534,WALL ART STOP FOR TEA ,6042.150000000002,870.0,219,131,0.05664506131285593
17003,BROCADE RING PURSE ,6036.389999999999,23056.0,239,136,0.05659106140335978
22366,DOORMAT AIRMAIL ,6034.900000000003,800.0,220,104,0.056577092676771405
22174,PHOTO CUBE,6013.430000000004,3239.0,321,104,0.056375811764118294
21535,RED RETROSPOT SMALL MILK JUG,6011.510000000031,2497.0,343,204,0.05635781179428651
48129,DOORMAT TOPIARY,6009.840000000002,904.0,205,125,0.05634215557052607
23296,SET OF 6 TEA TIME BAKING CASES,5988.049999999997,4981.0,378,243,0.05613787466290091
23535,WALL ART BICYCLE SAFETY,5983.900000000009,850.0,173,102,0.05609896847810779
23312,VINTAGE CHRISTMAS GIFT SACK,5968.299999999998,1424.0,214,168,0.05595271872322234
22783,SET 3 WICKER OVAL BASKETS W LIDS,5961.25,463.0,33,29,0.05588662508399532
23052,RECYCLED ACAPULCO MAT TURQUOISE,5949.340000000006,654.0,278,147,0.05577496902113097
22150,3 STRIPEY MICE FELTCRAFT,5925.389999999977,3030.0,468,288,0.05555043814744453
23154,SET OF 4 JAM JAR MAGNETS,5907.359999999997,2732.0,235,141,0.05538140718074068
23113,PANTRY CHOPPING BOARD,5868.5000000000055,1154.0,57,39,0.05501709529132763
22971,QUEENS GUARD COFFEE MUG,5849.290000000015,2431.0,272,164,0.05483700184316441
23485,BOTANICAL GARDENS WALL CLOCK ,5843.919999999998,262.0,83,70,0.054786658177540255
22207,FRYING PAN UNION FLAG,5837.8399999999965,1334.0,208,68,0.05472965827307209
22751,FELTCRAFT PRINCESS OLIVIA DOLL,5812.720000000002,1566.0,290,184,0.05449415866776958
22796,PHOTO FRAME 3 CLASSIC HANGING,5807.349999999991,584.0,232,146,0.05444381500214547
22779,WOODEN OWLS LIGHT GARLAND ,5802.600000000001,1540.0,149,88,0.05439928382677984
22740,POLKADOT PEN,5793.620000000014,6842.0,170,89,0.05431509646787801
22365,DOORMAT RESPECTABLE HOUSE,5762.280000000003,790.0,179,83,0.05402128446030694
84997B,RED 3 PIECE RETROSPOT CUTLERY SET,5729.110000000003,1580.0,108,80,0.05371031623148981
62018,SOMBRERO ,5716.849999999997,4415.0,61,39,0.05359537892412471
21242,RED RETROSPOT PLATE ,5704.780000000003,3376.0,304,148,0.053482222863774374
22646,CERAMIC STRAWBERRY CAKE MONEY BANK,5695.77000000001,4168.0,390,185,0.05339775425534386
22907,PACK OF 20 NAPKINS PANTRY DESIGN,5681.899999999992,6587.0,670,357,0.05326772322327575
22088,PAPER BUNTING COLOURED LACE,5661.049999999989,1893.0,238,115,0.053072254800880875
22837,HOT WATER BOTTLE BABUSHKA ,5625.38,1166.0,177,107,0.052737849111345034
22418,10 COLOUR SPACEBOY PEN,5585.449999999995,6564.0,318,179,0.05236350598874421
22488,NATURAL SLATE RECTANGLE CHALKBOARD,5575.329999999996,3196.0,415,211,0.05226863114775449
21558,SKULL LUNCH BOX WITH CUTLERY ,5568.070000000024,2138.0,412,167,0.052200568761827326
22798,ANTIQUE GLASS DRESSING TABLE POT,5564.249999999993,1799.0,267,126,0.0521647563218487
23531,WALL ART BIG LOVE ,5559.109999999997,979.0,112,77,0.05211656890261087
22429,ENAMEL MEASURING JUG CREAM,5549.679999999998,1272.0,376,227,0.052028162800779536
23177,TREASURE ISLAND BOOK BOX,5528.039999999997,2535.0,267,174,0.051825288140797544
23133,LARGE IVORY HEART WALL ORGANISER,5525.4000000000015,782.0,155,94,0.05180053818227852
22464,HANGING METAL HEART LANTERN,5519.4200000000055,3423.0,351,191,0.051744475776239175
23158,SET OF 5 LUCKY CAT MAGNETS ,5517.99000000001,2635.0,255,96,0.051731069548708056
23583,LUNCH BAG PAISLEY PARK  ,5513.829999999998,3395.0,325,233,0.05169206961407184
22964,3 PIECE SPACEBOY COOKIE CUTTER SET,5481.090000000011,2628.0,378,216,0.051385132628498476
22904,CALENDAR PAPER CUT DESIGN,5479.059999999989,1838.0,271,162,0.05136610141039459
22297,HEART IVORY TRELLIS SMALL,5468.660000000006,4171.0,378,157,0.05126860157380452
23135,SMALL ZINC HEART WALL ORGANISER,5416.180000000001,1541.0,45,31,0.05077660239839527
22827,RUSTIC  SEVENTEEN DRAWER SIDEBOARD,5415.0,35.0,26,21,0.050765539916935984
23205,CHARLOTTE BAG VINTAGE ALPHABET ,5407.5800000000045,5459.0,445,192,0.05069597753352261
22584,PACK OF 6 PANNETONE GIFT BOXES,5405.98000000001,2100.0,178,117,0.05068097755866262
22845,VINTAGE CREAM CAT FOOD CONTAINER,5403.279999999995,803.0,316,155,0.05065566510108618
22349,DOG BOWL CHASING BALL DESIGN,5389.0199999999995,1368.0,131,85,0.05052197782514614
23494,VINTAGE DOILY DELUXE SEWING KIT ,5377.809999999998,813.0,205,145,0.050416884251282996
21172,PARTY METAL SIGN ,5345.879999999998,3490.0,467,236,0.0501175410029824
22998,TRAVEL CARD WALLET KEEP CALM,5314.899999999993,12490.0,534,217,0.049827103989754894
22120,WELCOME  WOODEN BLOCK LETTERS,5276.939999999996,526.0,188,121,0.04947122958620055
22296,HEART IVORY TRELLIS LARGE,5274.120000000008,3156.0,318,189,0.04944479213050985
22623,BOX OF VINTAGE JIGSAW BLOCKS ,5248.209999999996,939.0,235,165,0.049201886287620025
84997D,PINK 3 PIECE POLKADOT CUTLERY SET,5234.560000000002,1437.0,115,82,0.04907391775209539
22848,BREAD BIN DINER STYLE PINK,5225.399999999992,324.0,128,68,0.04898804289602159
23132,SMALL IVORY HEART WALL ORGANISER,5219.100000000001,1034.0,152,115,0.04892898049501029
22772,PINK DRAWER KNOB ACRYLIC EDWARDIAN,5211.700000000004,3869.0,254,84,0.04885960561128264
22781,GUMBALL MAGAZINE RACK,5198.6600000000035,622.0,232,118,0.04873735581617334
22665,RECIPE BOX BLUE SKETCHBOOK DESIGN,5195.029999999986,1517.0,356,163,0.04870332462320947
23263,SET OF 3 WOODEN HEART DECORATIONS,5184.690000000005,3893.0,445,269,0.04860638728567666
22689,DOORMAT MERRY CHRISTMAS RED ,5176.2500000000055,673.0,146,94,0.04852726241828997
22898,CHILDRENS APRON APPLES DESIGN,5174.319999999998,2426.0,365,201,0.048509168698614984
21844,RED RETROSPOT MUG,5170.639999999995,1848.0,156,99,0.04847466875643686
23157,SET OF 6 NATIVITY MAGNETS ,5170.0999999999985,2570.0,163,111,0.04846960626492164
21428,SET3 BOOK BOX GREEN GINGHAM FLOWER ,5167.8799999999965,1208.0,262,117,0.04844879379980332
21164,HOME SWEET HOME METAL SIGN ,5161.879999999985,1768.0,282,166,0.04839254389407807
23165,LARGE CERAMIC TOP STORAGE JAR,5147.660000000004,3118.0,280,167,0.04825923161750968
23162,REGENCY TEA STRAINER,5143.690000000001,1412.0,176,96,0.04822201292988819
22302,COFFEE MUG PEARS  DESIGN,5136.840000000013,2330.0,212,134,0.04815779428751877
37449,CERAMIC CAKE STAND + HANGING CAKES,5127.2399999999925,564.0,154,106,0.048067794438358354
22595,GINGHAM HEART DECORATION,5125.459999999994,6152.0,413,251,0.04805110696632658
23397,FOOT STOOL HOME SWEET HOME ,5097.649999999999,489.0,217,139,0.04779038865329061
21098,CHRISTMAS TOILET ROLL,5093.760000000004,3731.0,248,115,0.0477539199644122
22371,AIRLINE BAG VINTAGE TOKYO 78,5093.570000000001,1091.0,392,144,0.04775213871739754
21756,BATH BUILDING BLOCK WORD,5089.559999999994,823.0,270,168,0.04771454503040451
23234,BISCUIT TIN VINTAGE CHRISTMAS,5088.45000000001,1725.0,277,201,0.047704138797845505
23126,FELTCRAFT GIRL AMELIE KIT,5083.889999999997,1012.0,275,187,0.04766138886949428
23295,SET OF 12 MINI LOAF BAKING CASES,5078.430000000002,6140.0,444,250,0.047610201455284454
23198,PANTRY MAGNETIC  SHOPPING LIST,5068.399999999988,3346.0,475,259,0.047516170362880465
23109,PACK OF SIX LED TEA LIGHTS,5048.720000000006,1766.0,203,132,0.047331670672102186
22780,LIGHT GARLAND BUTTERFILES PINK,5044.340000000001,1346.0,132,82,0.047290608240922793
23314,VINTAGE CHRISTMAS TABLECLOTH,5037.960000000001,409.0,117,87,0.0472307958411684
22301,COFFEE MUG CAT + BIRD DESIGN,5031.830000000013,2225.0,252,123,0.04717332718748599
21907,I'M ON HOLIDAY METAL SIGN,5031.379999999994,2373.0,367,208,0.04716910844455643
22957,SET 3 PAPER VINTAGE CHICK PAPER EGG,5023.499999999983,1778.0,214,179,0.04709523356837065
22271,FELTCRAFT DOLL ROSIE,5022.099999999979,1706.0,301,181,0.047082108590368085
22636,CHILDS BREAKFAST SET CIRCUS PARADE,5009.5599999999995,595.0,198,141,0.046964546287402736
23543,WALL ART KEEP CALM ,5003.040000000001,968.0,83,64,0.0469034213898481
21932,SCANDINAVIAN PAISLEY PICNIC BAG,5001.980000000005,2724.0,446,218,0.046893483906503365
22849,BREAD BIN DINER STYLE MINT,5001.829999999995,321.0,128,79,0.04689207765886015
23310,BUBBLEGUM RING ASSORTED,4997.279999999981,12050.0,245,146,0.04684942148035178
23556,LANDMARK FRAME COVENT GARDEN ,4974.51,439.0,53,46,0.04663595308812507
21933,PINK VINTAGE PAISLEY PICNIC BAG,4964.030000000008,2676.0,410,198,0.046537703252791905
22142,CHRISTMAS CRAFT WHITE FAIRY ,4950.539999999989,3250.0,377,259,0.046411234714753044
23570,TRADITIONAL PICK UP STICKS GAME ,4944.370000000004,2782.0,276,203,0.046353391061699174
84212,"ASSORTED FLOWER COLOUR ""LEIS""",4934.87,10315.0,111,72,0.04626432871096766
22110,BIRD HOUSE HOT WATER BOTTLE,4914.6900000000105,1173.0,279,116,0.04607514152804555
21937,STRAWBERRY   PICNIC BAG,4901.799999999995,1708.0,251,146,0.045954297980579234
22748,POPPY'S PLAYHOUSE KITCHEN,4897.6299999999965,2125.0,436,233,0.045915204296100284
23010,CIRCUS PARADE BABY GIFT SET,4896.549999999991,316.0,111,73,0.045905079313069704
23351,ROLL WRAP 50'S CHRISTMAS,4880.650000000002,3539.0,354,242,0.045756017062898204
21124,SET/10 BLUE POLKADOT PARTY CANDLES,4868.050000000001,4015.0,240,180,0.0456378922608754
23503,PLAYING CARDS KEEP CALM & CARRY ON,4864.300000000001,3646.0,335,284,0.04560273606979719
21086,SET/6 RED SPOTTY PAPER CUPS,4861.90000000002,7137.0,428,167,0.04558023610750731
21033,JUMBO BAG CHARLIE AND LOLA TOYS,4853.810000000011,1933.0,300,75,0.04550439248462117
21390,FILIGRIS HEART WITH BUTTERFLY,4851.880000000002,3906.0,212,120,0.04548629876494616
21876,POTTERING MUG,4834.5099999999975,3796.0,333,141,0.04532345528787185
23554,LANDMARK FRAME OXFORD STREET,4830.530000000001,424.0,57,49,0.045286142850407544
23555,LANDMARK FRAME NOTTING HILL ,4818.070000000001,424.0,50,45,0.04516933054618501
22549,PICTURE DOMINOES,4799.829999999996,3189.0,356,195,0.04499833083278055
23159,SET OF 5 PANCAKE DAY MAGNETS,4771.759999999999,2321.0,223,121,0.04473517502382981
23184,BULL DOG BOTTLE OPENER,4764.499999999996,874.0,264,129,0.044667112637902365
84050,PINK HEART SHAPE EGG FRYING PAN,4761.7800000000125,3234.0,256,139,0.04464161268064046
21539,RED RETROSPOT BUTTER DISH,4758.749999999994,972.0,238,123,0.04461320647824909
22243,5 HOOK HANGER RED MAGIC TOADSTOOL,4753.289999999998,3099.0,131,71,0.044562019064039254
23569,TRADTIONAL ALPHABET STAMP SET,4752.310000000003,961.0,192,152,0.04455283157943753
20677,PINK POLKADOT BOWL,4749.840000000005,3676.0,333,133,0.04452967536824736
23286,BLUE VINTAGE SPOT BEAKER,4747.620000000011,5048.0,222,125,0.04450886290312912
23558,LANDMARK FRAME LONDON BRIDGE ,4741.37,418.0,52,43,0.044450269251332004
20979,36 PENCILS TUBE RED RETROSPOT,4729.980000000003,3739.0,325,164,0.044343488180297146
23389,SPACEBOY MINI BACKPACK,4726.589999999997,1109.0,233,157,0.04431170698356239
22645,CERAMIC HEART FAIRY CAKE MONEY BANK,4721.730000000009,2363.0,351,161,0.044266144559925134
22082,RIBBON REEL STRIPES DESIGN ,4716.330000000001,2713.0,409,250,0.04421551964477244
23241,TREASURE TIN GYMKHANA DESIGN,4709.069999999998,2184.0,363,183,0.044147457258844995
23176,ABC TREASURE BOOK BOX ,4697.579999999998,2167.0,226,159,0.04403973868938136
82001S,VINYL RECORD FRAME SILVER,4682.45,1295.0,101,45,0.04389789517711115
82552,WASHROOM METAL SIGN,4680.629999999997,3016.0,364,184,0.04388083270570784
22721,SET OF 3 CAKE TINS SKETCHBOOK,4678.709999999989,1022.0,297,183,0.043862832735875726
22745,POPPY'S PLAYHOUSE BEDROOM ,4678.589999999997,2029.0,423,216,0.043861707737761296
22504,CABIN BAG VINTAGE RETROSPOT,4674.620000000001,247.0,68,31,0.04382448905013986
22606,WOODEN SKITTLES GARDEN SET,4670.359999999992,315.0,142,110,0.04378455161707493
47599A,PINK PARTY BAGS,4649.499999999999,2456.0,165,102,0.04358898944483727
22295,HEART FILIGREE DOVE LARGE,4643.670000000006,2807.0,250,155,0.04353433328644108
22628,PICNIC BOXES SET OF 3 RETROSPOT ,4625.860000000006,966.0,190,85,0.0433673648162803
22775,PURPLE DRAWERKNOB ACRYLIC EDWARDIAN,4621.8700000000035,3227.0,237,79,0.043329958628973056
21833,CAMOUFLAGE LED TORCH,4594.430000000002,2726.0,168,87,0.04307270906012342
23285,PINK VINTAGE SPOT BEAKER,4572.410000000009,4807.0,191,108,0.04286627190611223
22417,PACK OF 60 SPACEBOY CAKE CASES,4566.5399999999945,8426.0,520,270,0.04281124074834434
23404,HOME SWEET HOME BLACKBOARD,4561.759999999995,1011.0,169,104,0.04276642832344998
23275,SET OF 3 HANGING OWLS OLLIE BEAK,4557.970000000002,3749.0,325,171,0.042730897133000344
82551,LAUNDRY 15C METAL SIGN,4542.890000000005,2918.0,351,156,0.042589522369944524
20974,12 PENCILS SMALL TUBE SKULL,4531.979999999995,6983.0,355,195,0.04248724129136756
23309,SET OF 60 I LOVE LONDON CAKE CASES ,4527.200000000001,8332.0,407,178,0.04244242886647325
23163,REGENCY SUGAR TONGS,4515.220000000006,1832.0,209,95,0.04233011655470877
23112,PARISIENNE CURIO CABINET,4514.580000000004,547.0,241,134,0.04232411656476474
22938,CUPCAKE LACE PAPER SET 6,4488.630000000006,2367.0,186,160,0.04208083572250354
21934,SKULL SHOULDER BAG,4480.280000000005,2421.0,411,85,0.04200255460370272
23167,SMALL CERAMIC TOP STORAGE JAR ,4476.010000000005,5847.0,231,129,0.04196252342079499
84987,SET OF 36 TEATIME PAPER DOILIES,4474.0700000000015,3053.0,334,201,0.04194433595127717
21906,PHARMACIE FIRST AID TIN,4470.809999999998,581.0,173,71,0.04191377350249981
22942,CHRISTMAS LIGHTS 10 SANTAS ,4469.039999999998,609.0,152,111,0.0418971797803109
22089,PAPER BUNTING VINTAGE PAISLEY,4460.3799999999965,1424.0,272,142,0.04181599241638094
23288,GREEN VINTAGE SPOT BEAKER,4444.230000000004,4625.0,185,107,0.04166458642013751
23530,WALL ART ONLY ONE PERSON ,4436.269999999996,1056.0,86,59,0.041589961545208755
22626,BLACK KITCHEN SCALES,4427.360000000002,520.0,199,134,0.04150643043520699
20975,12 PENCILS SMALL TUBE RED RETROSPOT,4387.819999999993,6640.0,362,231,0.04113574355647825
15056P,EDWARDIAN PARASOL PINK,4366.819999999995,778.0,144,87,0.04093886888644029
23349,ROLL WRAP VINTAGE CHRISTMAS,4355.100000000008,3231.0,337,214,0.04082899407059064
84997C,BLUE 3 PIECE POLKADOT CUTLERY SET,4346.2699999999995,1201.0,102,80,0.040746212959331736
22327,ROUND SNACK BOXES SET OF 4 SKULLS,4336.699999999996,1178.0,287,106,0.04065649435970011
16014,SMALL CHINESE STYLE SCISSOR,4335.759999999999,13328.0,54,34,0.04064768187446987
84692,BOX OF 24 COCKTAIL PARASOLS,4329.480000000003,7908.0,583,209,0.040588806973144265
22899,CHILDREN'S APRON DOLLY GIRL ,4328.529999999995,2070.0,313,190,0.04057990073807104
21498,RED RETROSPOT WRAP ,4322.42,10551.0,336,238,0.04052261958407432
21892,TRADITIONAL WOODEN CATCH CUP GAME ,4322.160000000004,3196.0,412,235,0.040520182088159606
23168,CLASSIC CAFE SUGAR DISPENSER,4312.600000000004,3076.0,325,132,0.040430557238370884
23050,RECYCLED ACAPULCO MAT GREEN,4286.550000000002,497.0,205,116,0.0401863388976809
22723,SET OF 6 HERB TINS SKETCHBOOK,4282.57,1169.0,295,170,0.040149026460216536
22694,WICKER STAR ,4260.119999999994,1846.0,405,228,0.0399385580629616
20970,PINK FLORAL FELTCRAFT SHOULDER BAG,4235.88,1117.0,262,141,0.039711308443832104
22661,CHARLOTTE BAG DOLLY GIRL DESIGN,4231.950000000003,5214.0,415,172,0.03967446475558216
22061,LARGE CAKE STAND  HANGING STRAWBERY,4228.009999999999,583.0,146,86,0.03963752731748929
23089,GLASS BON BON JAR,4217.729999999996,2355.0,225,101,0.03954115247901352
22801,ANTIQUE GLASS PEDESTAL BOWL,4215.140000000001,1030.0,220,123,0.03951687126970889
23012,GLASS APOTHECARY BOTTLE PERFUME,4208.960000000001,1074.0,246,151,0.039458933866812
23144,ZINC T-LIGHT HOLDER STARS SMALL,4197.830000000007,5089.0,274,180,0.03935459029169192
22550,HOLIDAY FUN LUDO,4194.89,1162.0,217,136,0.03932702783788654
20682,RED RETROSPOT CHILDRENS UMBRELLA,4190.830000000003,1241.0,237,138,0.03928896540167922
22813,PACK 3 BOXES BIRD PANNETONE ,4188.940000000005,2168.0,187,110,0.039271246681375827
23110,PARISIENNE KEY CABINET ,4158.680000000001,702.0,255,157,0.03898755965683535
72760B,VINTAGE CREAM 3 BASKET CAKE STAND,4155.34,410.0,153,104,0.038956247209315016
21874,GIN AND TONIC MUG,4149.930000000002,2981.0,295,110,0.03890552854431953
22649,STRAWBERRY FAIRY CAKE TEAPOT,4147.729999999992,798.0,200,86,0.03888490357888689
23486,ANTIQUE HEART SHELF UNIT,4145.469999999999,275.0,74,64,0.03886371611439715
22596,CHRISTMAS STAR WISH LIST CHALKBOARD,4142.919999999999,3502.0,262,196,0.03883980990446397
23283,DOORMAT VINTAGE LEAF,4122.200000000001,564.0,142,100,0.038645560230026514
22841,ROUND CAKE TIN VINTAGE GREEN,4109.720000000003,530.0,213,156,0.03852856042611825
23255,CHILDRENS CUTLERY CIRCUS PARADE,4101.369999999996,1015.0,158,116,0.03845027930731737
23193,BUFFALO BILL TREASURE BOOK BOX,4097.279999999998,1930.0,175,109,0.03841193562158141
23009,I LOVE LONDON BABY GIFT SET,4082.5199999999977,263.0,103,48,0.03827356085349758
22577,WOODEN HEART CHRISTMAS SCANDINAVIAN,4075.940000000001,10610.0,538,343,0.03821187345688571
22489,PACK OF 12 TRADITIONAL CRAYONS,4072.9699999999893,9721.0,443,232,0.03818402975355165
23340,VINTAGE CHRISTMAS CAKE FRILL,4053.880000000006,2512.0,151,112,0.038005061303503
21116,OWL DOORSTOP,4051.789999999989,695.0,251,81,0.03798546758634192
21704,BAG 250g SWIRLY MARBLES,4039.279999999991,5144.0,248,137,0.03786818653290503
22219,LOVEBIRD HANGING DECORATION WHITE ,4037.9800000000023,4138.0,544,190,0.037855999053331355
72351B,SET/6 PINK  BUTTERFLY T-LIGHTS,4012.0499999999934,2098.0,186,87,0.0376129057107558
22951,60 CAKE CASES DOLLY GIRL DESIGN,4010.549999999991,7518.0,437,237,0.037598843234324504
22431,WATERING CAN BLUE ELEPHANT,4002.6099999999947,2060.0,334,159,0.0375244058590816
22890,NOVELTY BISCUITS CAKE STAND 3 TIER,3999.569999999997,391.0,165,94,0.03749590590684755
23129,HEART SHAPED HOLLY WREATH,3999.499999999997,950.0,172,138,0.03749524965794743
22956,36 FOIL HEART CAKE CASES,3992.579999999996,2055.0,198,144,0.03743037476667776
22493,PAINT YOUR OWN CANVAS SET,3989.940000000004,2463.0,220,125,0.037405624808158774
20675,BLUE POLKADOT BOWL,3984.3700000000044,3121.0,322,149,0.03735340614567728
23306,SET OF 36 DOILIES PANTRY DESIGN,3983.60000000001,2741.0,244,172,0.03734618740777594
84792,ENCHANTED BIRD COATHANGER 5 HOOK,3978.9700000000075,834.0,241,125,0.03730278123052468
22274,FELTCRAFT DOLL EMILY,3974.1299999999887,1347.0,267,168,0.0372574063065729
22131,FOOD CONTAINER SET 3 LOVE HEART ,3952.1900000000064,2039.0,291,115,0.03705171915130481
23526,WALL ART DOG LICENCE ,3939.760000000002,604.0,114,57,0.036935188096610866
23557,LANDMARK FRAME BAKER STREET ,3930.27,350.0,32,25,0.036846219495722254
22148,EASTER CRAFT 4 CHICKS ,3929.150000000007,1939.0,186,148,0.03683571951332029
22179,SET 10 NIGHT OWL LIGHTS,3915.479999999998,506.0,170,59,0.03670756347810978
22980,PANTRY SCRUBBING BRUSH,3914.9600000000114,2366.0,291,198,0.03670268848628039
23081,GREEN METAL BOX ARMY SUPPLIES,3914.5000000000014,468.0,135,78,0.03669837599350803
21716,BOYS VINTAGE TIN SEASIDE BUCKET,3913.7200000000116,1441.0,244,112,0.03669106350576386
21041,RED RETROSPOT OVEN GLOVE DOUBLE,3909.6299999999937,921.0,255,100,0.03665271982002773
21928,JUMBO BAG SCANDINAVIAN PAISLEY,3908.6200000000035,2059.0,144,76,0.036643251085897416
23049,RECYCLED ACAPULCO MAT RED,3896.840000000002,456.0,186,103,0.03653281377099039
22117,METAL SIGN HER DINNER IS SERVED ,3896.4499999999985,1320.0,95,58,0.03652915752711822
23552,BICYCLE PUNCTURE REPAIR KIT ,3883.9900000000007,1864.0,116,93,0.0364123452228957
22222,CAKE PLATE LOVEBIRD WHITE,3880.199999999994,1057.0,222,104,0.03637681403244593
22578,WOODEN STAR CHRISTMAS SCANDINAVIAN,3877.680000000005,10462.0,512,332,0.03635318907204147
21749,LARGE RED RETROSPOT WINDMILL,3877.089999999997,1963.0,140,80,0.03634765783131176
22738,RIBBON REEL SNOWY VILLAGE,3856.0700000000006,2189.0,275,147,0.03615059566158807
22896,PEG BAG APPLES DESIGN,3853.7600000000107,1492.0,287,144,0.036128939447883986
85049A,TRADITIONAL CHRISTMAS RIBBONS,3847.360000000003,3005.0,323,204,0.036068939548443764
37370,RETRO COFFEE MUGS ASSORTED,3844.810000000001,2571.0,159,72,0.036045033338510564
23111,PARISIENNE SEWING BOX,3839.24,312.0,138,80,0.03599281467602905
23194,GYMKHANA TREASURE BOOK BOX,3824.5299999999975,1719.0,200,128,0.03585490865715957
22842,BISCUIT TIN VINTAGE RED,3823.2099999999996,589.0,162,120,0.03584253367790006
22809,SET OF 6 T-LIGHTS SANTA,3822.499999999996,1254.0,204,141,0.035835877439055884
21110,LARGE CAKE TOWEL PINK SPOTS,3822.4500000000003,1106.0,134,62,0.035835408689841544
22350,ILLUSTRATED CAT BOWL ,3822.120000000008,1410.0,120,63,0.03583231494502674
22383,LUNCH BAG SUKI  DESIGN ,3791.860000000003,2220.0,200,122,0.03554862792048625
85049E,SCANDINAVIAN REDS RIBBONS,3791.1100000000024,2866.0,409,248,0.0355415966822706
21244,BLUE POLKADOT PLATE ,3789.3199999999993,2282.0,196,107,0.03552481546039591
23253,16 PIECE CUTLERY SET PANTRY DESIGN,3785.0600000000018,254.0,69,43,0.035484878027331086
23092,LARGE ANTIQUE WHITE PHOTO FRAME,3773.5800000000036,525.0,135,96,0.03537725320771034
23299,FOOD COVER WITH BEADS SET 2 ,3772.880000000001,1012.0,145,109,0.03537069071870905
21746,SMALL RED RETROSPOT WINDMILL,3766.9300000000026,3075.0,226,122,0.0353149095621983
21527,RED RETROSPOT TRADITIONAL TEAPOT ,3756.7900000000027,481.0,144,95,0.035219847221522826
23236,STORAGE TIN VINTAGE DOILY ,3751.020000000003,1288.0,190,124,0.03516575356218382
22195,LARGE HEART MEASURING SPOONS,3725.610000000002,1979.0,373,148,0.034927535211437856
21260,FIRST AID TIN,3722.230000000002,1161.0,166,104,0.034895847764546024
21658,GLASS  BEURRE DISH,3721.6300000000006,881.0,212,82,0.0348902227739735
23182,TOILET SIGN OCCUPIED OR VACANT,3718.0900000000083,3777.0,433,140,0.03485703532959574
23064,CINDERELLA CHANDELIER ,3717.5600000000004,221.0,23,20,0.03485206658792328
22212,FOUR HOOK  WHITE LOVEBIRDS,3713.5399999999963,1615.0,399,145,0.0348143791510874
22854,CREAM SWEETHEART EGG HOLDER,3708.5200000000036,767.0,161,123,0.0347673167299641
21531,RED RETROSPOT SUGAR JAM BOWL,3692.3700000000053,1520.0,246,143,0.03461591073372063
21890,S/6 WOODEN SKITTLES IN COTTON BAG,3689.459999999998,1152.0,231,143,0.034588629529443866
22656,VINTAGE BLUE KITCHEN CABINET,3685.0,26.0,20,17,0.03454681709952154
23013,GLASS APOTHECARY BOTTLE TONIC,3678.1099999999997,925.0,223,135,0.0344822234577805
23130,MISTLETOE HEART WREATH GREEN,3676.1799999999985,882.0,179,135,0.034464129738105566
22926,IVORY GIANT GARDEN THERMOMETER,3674.700000000005,597.0,195,140,0.03445025476136009
85053,FRENCH ENAMEL CANDLEHOLDER,3666.289999999994,1701.0,317,157,0.03437141114350192
22378,WALL TIDY RETROSPOT ,3649.070000000012,2288.0,293,69,0.034209973914070956
23085,ANTIQUE SILVER BAUBLE LAMP  ,3635.2300000000014,381.0,78,64,0.03408022413153154
22468,BABUSHKA LIGHTS STRING OF 10,3633.169999999999,517.0,153,82,0.03406091166389922
23294,SET OF 6 SNACK LOAF BAKING CASES,3631.049999999998,4420.0,354,214,0.03404103669720966
22466,FAIRY TALE COTTAGE NIGHTLIGHT,3626.450000000004,2093.0,94,51,0.03399791176948711
22236,CAKE STAND 3 TIER MAGIC GARDEN,3624.5999999999995,308.0,88,67,0.033980568048555156
23210,WHITE ROCKING HORSE HAND PAINTED,3617.780000000002,2902.0,192,115,0.03391663065571427
23032,DRAWER KNOB CRACKLE GLAZE IVORY,3608.5800000000067,2162.0,194,115,0.0338303808002691
22053,EMPIRE DESIGN ROSETTE,3606.4199999999996,4244.0,28,23,0.03381013083420799
84968C,SET OF 16 VINTAGE PISTACHIO CUTLERY,3585.9900000000007,317.0,104,36,0.03361859990521391
23091,ZINC HERB GARDEN CONTAINER,3585.390000000001,567.0,204,155,0.033612974914641394
22739,RIBBON REEL CHRISTMAS SOCK BAUBLE,3585.0199999999995,1835.0,318,168,0.033609506170455
22348,TEA BAG PLATE RED RETROSPOT,3584.9899999999975,4086.0,358,144,0.033609224920926356
71477,COLOURED GLASS STAR T-LIGHT HOLDER,3584.9100000000017,1013.0,52,31,0.03360847492218339
23497,CLASSIC CHROME BICYCLE BELL ,3582.9700000000025,2501.0,193,149,0.03359028745266561
21494,ROTATING LEAVES T-LIGHT HOLDER,3578.8300000000017,1934.0,313,79,0.03355147501771526
22908,PACK OF 20 NAPKINS RED APPLES,3573.82999999999,4385.0,375,212,0.03350460009627753
23332,IVORY WICKER HEART LARGE,3570.7600000000043,2076.0,287,207,0.03347581889451497
22800,ANTIQUE TALL SWIRLGLASS TRINKET POT,3564.490000000003,871.0,203,109,0.033417037743032195
20717,STRAWBERRY SHOPPER BAG,3564.4800000000055,2857.0,412,150,0.033416943993189334
85132C,CHARLIE AND LOLA FIGURES TINS,3562.320000000001,1520.0,211,96,0.03339669402712825
22180,RETROSPOT LAMP,3561.3399999999992,334.0,155,92,0.03338750654252646
22669,RED BABY BUNTING ,3558.9999999999986,1128.0,234,143,0.03336556907929365
23191,BUNDLE OF 3 RETRO NOTE BOOKS,3557.940000000007,2158.0,276,178,0.033355631595948954
21974,SET OF 36 PAISLEY FLOWER DOILIES,3545.60000000001,2219.0,360,177,0.03323994428984095
21992,VINTAGE PAISLEY STATIONERY SET,3529.1200000000076,1913.0,436,160,0.03308544454878255
21703,BAG 125g SWIRLY MARBLES,3528.8899999999944,9390.0,294,175,0.0330832883023963
22688,DOORMAT PEACE ON EARTH BLUE,3519.6600000000003,705.0,32,26,0.03299675719742252
23353,6 GIFT TAGS VINTAGE CHRISTMAS ,3517.520000000004,4016.0,327,227,0.03297669473104725
23189,SET OF 12 FORK CANDLES,3507.5099999999975,1249.0,141,89,0.03288285113832909
21715,GIRLS VINTAGE TIN SEASIDE BUCKET,3507.1700000000105,1330.0,231,116,0.03287966364367145
22760,"TRAY, BREAKFAST IN BED",3491.8600000000006,275.0,80,50,0.032736132634229385
21238,RED RETROSPOT CUP,3488.440000000012,3969.0,387,160,0.032704070187966165
21745,GAOLERS KEYS DECORATIVE GARDEN ,3486.98,938.0,214,115,0.03269038271090627
82580,BATHROOM METAL SIGN,3474.309999999996,5883.0,631,210,0.03257160165998332
22065,CHRISTMAS PUDDING TRINKET POT ,3470.8300000000017,6751.0,241,132,0.03253897671466279
22435,SET OF 9 HEART SHAPED BALLOONS,3456.750000000002,2766.0,266,153,0.03240697693589447
23350,ROLL WRAP VINTAGE SPOT ,3456.3300000000036,2721.0,305,205,0.03240303944249373
47567B,TEA TIME KITCHEN APRON,3456.1499999999965,609.0,133,81,0.03240135194532191
23426,METAL SIGN DROP YOUR PANTS,3450.21,1277.0,206,126,0.032345664538654055
21588,RETROSPOT GIANT TUBE MATCHES,3450.150000000001,1497.0,132,99,0.03234510203959682
21243,PINK  POLKADOT PLATE ,3449.599999999997,2065.0,185,95,0.032339945798238644
84508A,CAMOUFLAGE DESIGN TEDDY,3448.0500000000006,1631.0,36,17,0.03232541457259301
21385,IVORY HANGING DECORATION  HEART,3447.5500000000075,3889.0,317,153,0.032320727080449314
21463,MIRRORED DISCO BALL ,3446.949999999999,651.0,134,77,0.03231510208987672
22300,COFFEE MUG DOG + BALL DESIGN,3444.9100000000053,1542.0,196,100,0.03229597712193023
23156,SET OF 5 MINI GROCERY MAGNETS,3437.8499999999985,1672.0,205,117,0.03222978973286026
23354,6 GIFT TAGS 50'S CHRISTMAS ,3431.8900000000067,3743.0,322,235,0.0321739148265067
21497,FANCY FONTS BIRTHDAY WRAP,3430.0,8600.0,230,177,0.03215619610620322
23388,WOODLAND MINI BACKPACK,3427.9399999999996,820.0,152,114,0.03213688363857092
23014,GLASS APOTHECARY BOTTLE ELIXIR,3427.479999999999,858.0,209,122,0.03213257114579866
23127,FELTCRAFT GIRL NICOLE KIT,3427.350000000001,669.0,182,137,0.0321313523978413
22311,OFFICE MUG WARMER BLACK+SILVER ,3418.5099999999998,1137.0,142,61,0.03204847753673958
84509A,SET OF 4 ENGLISH ROSE PLACEMATS,3417.2800000000016,896.0,230,103,0.03203694630606595
22782,SET 3 WICKER STORAGE BASKETS ,3399.949999999994,241.0,74,65,0.031874477828363106
23239,SET OF 4 KNICK KNACK TINS POPPIES,3399.490000000009,853.0,178,125,0.03187016533559098
21429,RED GINGHAM ROSE JEWELLERY BOX,3398.9499999999994,1744.0,286,147,0.03186510284407563
22029,SPACEBOY BIRTHDAY CARD,3397.6499999999837,8185.0,527,234,0.0318529153645017
84032A,CHARLIE+LOLA PINK HOT WATER BOTTLE,3390.879999999984,1005.0,313,78,0.031789446720875185
22653,BUTTON BOX ,3380.4500000000044,1877.0,250,73,0.031691665634756505
79000,MOROCCAN TEA GLASS,3377.74,4186.0,125,69,0.03166625942733727
23188,VINTAGE  2 METRE FOLDING RULER,3375.700000000003,1628.0,152,102,0.031647134459390755
22776,SWEETHEART 3 TIER CAKE STAND ,3371.579999999998,284.0,158,99,0.03160850952412612
21993,FLORAL FOLK STATIONERY SET,3363.3400000000065,1943.0,425,151,0.031531259653597016
22812,PACK 3 BOXES CHRISTMAS PANNETONE,3361.7700000000054,1650.0,161,92,0.03151654092826559
22563,HAPPY STENCIL CRAFT,3358.180000000001,2831.0,281,171,0.031482884734673346
22687,DOORMAT CHRISTMAS VILLAGE,3354.220000000002,590.0,52,30,0.03144575979689476
22432,WATERING CAN PINK BUNNY,3350.6199999999935,1720.0,277,158,0.0314120098534596
22079,RIBBON REEL HEARTS DESIGN ,3348.3900000000044,1911.0,323,190,0.03139110363849852
22165,"DIAMANTE HEART SHAPED WALL MIRROR, ",3328.1999999999966,415.0,146,27,0.031201822705733365
22179,SET 10 LIGHTS NIGHT OWL,3317.4699999999993,461.0,119,53,0.031101229124328274
23065,LARGE DECO JEWELLERY STAND,3314.94,264.0,95,77,0.031077510414080845
23395,BELLE JARDINIERE CUSHION COVER,3305.829999999999,761.0,210,141,0.030992104307221508
22855,FINE WICKER HEART ,3304.230000000002,2644.0,237,152,0.030977104332361494
22962,JAM JAR WITH PINK LID,3294.909999999994,3904.0,342,180,0.030889729478801704
22460,EMBOSSED GLASS TEALIGHT HOLDER,3289.750000000002,2559.0,211,118,0.030841354559878166
22567,20 DOLLY PEGS RETROSPOT,3282.300000000001,2470.0,222,135,0.03077151092693611
22244,3 HOOK HANGER MAGIC GARDEN,3280.1100000000065,1705.0,159,66,0.03075097971134649
23308,SET OF 60 VINTAGE LEAF CAKE CASES ,3279.2100000000014,6151.0,382,209,0.030742542225487668
22967,SET 3 SONG BIRD PAPER EGGS ASSORTED,3277.3099999999963,1173.0,138,122,0.03072472975534133
22430,ENAMEL WATERING CAN CREAM,3266.090000000005,622.0,195,131,0.030619542431635408
23053,RECYCLED ACAPULCO MAT PINK,3262.5700000000024,365.0,164,105,0.0305865424869433
21868,POTTING SHED TEA MUG,3262.249999999999,2479.0,302,153,0.03058354249197126
22187,GREEN CHRISTMAS TREE CARD HOLDER,3245.6800000000003,1266.0,192,123,0.030428199002327017
22746,POPPY'S PLAYHOUSE LIVINGROOM ,3244.939999999992,1451.0,328,179,0.030421261513954172
23393,HOME SWEET HOME CUSHION COVER ,3230.409999999999,807.0,229,165,0.030285042992256532
23230,WRAP ALPHABET DESIGN,3228.42,8001.0,235,178,0.030266386773524372
23051,RECYCLED ACAPULCO MAT BLUE,3223.4900000000016,365.0,162,95,0.030220168100986898
20973,12 PENCIL SMALL TUBE WOODLAND,3216.1199999999967,4506.0,355,191,0.03015107446678781
22360,GLASS JAR ENGLISH CONFECTIONERY,3210.5199999999886,1016.0,214,102,0.030098574554777612
21135,VICTORIAN  METAL POSTCARD SPRING,3207.689999999999,2870.0,177,122,0.030072043349244015
22491,PACK OF 12 COLOURED PENCILS,3193.8299999999927,3959.0,219,162,0.02994210606701889
23342,MINT DINER WALL CLOCK,3176.4100000000008,373.0,162,104,0.02977879384073032
21115,ROSE CARAVAN DOORSTOP,3174.8399999999992,566.0,162,104,0.029764075115398896
23035,DRAWER KNOB CERAMIC IVORY,3173.8899999999976,2173.0,190,110,0.029755168880325734
23323,WHITE WICKER STAR ,3155.179999999994,1473.0,294,210,0.029579762924306145
22465,HANGING METAL STAR LANTERN,3153.090000000002,2060.0,198,119,0.029560169207145298
72807C,SET/3 VANILLA SCENTED CANDLE IN BOX,3145.0499999999984,721.0,157,83,0.029484794333473584
84968A,SET OF 16 VINTAGE ROSE CUTLERY,3139.300000000001,267.0,98,32,0.029430888173820353
21381,MINI WOODEN HAPPY BIRTHDAY GARLAND,3138.0000000000077,1815.0,224,88,0.029418700694246635
22778,GLASS CLOCHE SMALL,3131.0199999999986,804.0,142,79,0.02935326330391964
21561,DINOSAUR LUNCH BOX WITH CUTLERY,3127.3800000000047,1281.0,213,116,0.029319138361113113
23346,SPACEBOY BEAKER,3117.3400000000015,2632.0,184,106,0.029225013518866357
21240,BLUE POLKADOT CUP,3112.810000000008,3573.0,325,149,0.02918254484004394
20754,RETROSPOT RED WASHING UP GLOVES,3090.9599999999923,1458.0,304,153,0.028977701433361418
23461,SWEETHEART BIRD HOUSE,3082.7099999999996,857.0,94,75,0.02890035781298942
20828,GLITTER BUTTERFLY CLIPS,3079.8800000000037,1130.0,241,116,0.02887382660745577
23188,VINTAGE  2 METER FOLDING RULER,3075.3700000000026,1845.0,181,131,0.02883154542831903
84997A,GREEN 3 PIECE POLKADOT CUTLERY SET,3069.4599999999996,845.0,74,55,0.02877613927117974
22564,ALPHABET STENCIL CRAFT,3063.520000000001,2702.0,186,120,0.028720451864511873
23329,DECORATIVE WICKER HEART LARGE,3056.3400000000056,1778.0,233,168,0.0286531394773275
22810,SET OF 6 T-LIGHTS SNOWMEN,3045.6799999999967,952.0,165,106,0.028553202144822425
22604,SET OF 4 NAPKIN CHARMS CUTLERY,3044.760000000004,1253.0,125,77,0.028544577159277967
23242,TREASURE TIN BUFFALO BILL ,3037.11,1476.0,214,132,0.02847285852947839
22972,CHILDREN'S SPACEBOY MUG,3032.9900000000066,1774.0,227,137,0.02843423359421385
22892,SET OF SALT AND PEPPER TOADSTOOLS,3029.1000000000004,2478.0,199,117,0.02839776490533533
22894,TABLECLOTH RED APPLES DESIGN ,3027.3800000000015,305.0,122,82,0.028381639932360803
23237,SET OF 4 KNICK KNACK TINS LEAF,3024.760000000005,748.0,123,94,0.028357077473527524
21810,CHRISTMAS HANGING STAR WITH BELL,3022.7899999999954,5945.0,252,129,0.028338608754481017
22592,CARDHOLDER HOLLY WREATH METAL,3021.120000000003,658.0,135,79,0.028322952530720927
22945,CHRISTMAS METAL TAGS ASSORTED ,3019.1199999999976,3003.0,172,118,0.02830420256214583
21714,CITRONELLA CANDLE GARDEN POT,3018.1500000000005,1657.0,225,106,0.028295108827386957
23390,DOLLY GIRL MINI BACKPACK,3008.9900000000007,743.0,161,116,0.028209233971313252
23236,DOILEY STORAGE TIN,3004.4599999999996,1094.0,122,93,0.028166765292490764
22644,CERAMIC CHERRY CAKE MONEY BANK,3000.020000000006,2223.0,276,146,0.028125140362254216
16161P,WRAP ENGLISH ROSE ,2990.92,7226.0,248,189,0.02803982800523771
21201,TROPICAL  HONEYCOMB PAPER GARLAND ,2987.8199999999993,1240.0,101,44,0.02801076555394638
21411,GINGHAM HEART  DOORSTOP RED,2982.029999999996,793.0,241,147,0.027956484394921596
22331,WOODLAND PARTY BAG + STICKER SET,2975.1399999999976,1840.0,183,101,0.027891890753180576
21625,VINTAGE UNION JACK APRON,2967.310000000001,411.0,169,97,0.0278184846262093
22906,12 MESSAGE CARDS WITH ENVELOPES,2959.4200000000023,1740.0,251,150,0.027744516000180762
21918,SET 12 KIDS COLOUR  CHALK STICKS,2950.669999999993,7200.0,369,193,0.027662484887664845
22078,RIBBON REEL LACE DESIGN ,2948.409999999999,1381.0,192,105,0.0276412974231751
85174,S/4 CACTI CANDLES,2946.8799999999965,617.0,157,55,0.02762695369721517
22990,COTTON APRON PANTRY DESIGN,2942.180000000002,638.0,164,117,0.027582891271063868
35004B,SET OF 3 BLACK FLYING DUCKS,2934.809999999998,577.0,111,30,0.027513797636864783
22777,GLASS CLOCHE LARGE,2934.5300000000007,350.0,57,36,0.027511172641264302
23211,RED ROCKING HORSE HAND PAINTED,2933.0700000000024,2331.0,160,82,0.027497485164204534
84568,GIRLS ALPHABET IRON ON PATCHES ,2923.129999999999,13882.0,147,18,0.02740429782038653
22843,BISCUIT TIN VINTAGE GREEN,2911.27,451.0,126,92,0.027293110506736516
21313,GLASS HEART T-LIGHT HOLDER ,2906.5200000000013,3336.0,214,96,0.027248579331370794
22774,RED DRAWER KNOB ACRYLIC EDWARDIAN,2901.750000000002,2278.0,140,56,0.027203860656319318
23290,SPACEBOY CHILDRENS BOWL,2899.100000000001,2437.0,214,125,0.027179016947957373
23056,FLOWERS CHANDELIER T-LIGHT HOLDER,2898.12,963.0,38,32,0.02716982946335559
23345, DOLLY GIRL BEAKER,2891.250000000002,2455.0,174,100,0.027105423321300327
21976,PACK OF 60 MUSHROOM CAKE CASES,2886.9500000000007,5230.0,393,181,0.027065110888863972
23283,DOORMAT VINTAGE LEAVES DESIGN ,2881.1800000000017,430.0,91,75,0.027011017229524967
21990,MODERN FLORAL STATIONERY SET,2880.450000000007,1679.0,366,127,0.02700417349099513
23427,STOOL HOME SWEET HOME ,2873.08,238.0,114,87,0.02693507985679602
22354,RETROSPOT PADDED SEAT CUSHION,2860.9800000000005,750.0,83,43,0.026821642546916998
22426,ENAMEL WASH BOWL CREAM,2858.959999999999,743.0,208,104,0.026802705078656192
23504,PLAYING CARDS JUBILEE UNION JACK,2857.640000000001,1934.0,208,164,0.026790330099396673
22797,CHEST OF DRAWERS GINGHAM HEART ,2851.3599999999988,163.0,91,63,0.026731455198071012
23212,HEART WREATH DECORATION WITH BELL,2850.8900000000026,2288.0,185,103,0.026727048955455912
22930,BAKING MOULD HEART MILK CHOCOLATE,2849.3500000000063,1109.0,189,120,0.02671261147965316
22476,EMPIRE UNION JACK TV DINNER TRAY,2844.1600000000008,881.0,125,61,0.026663955311200867
22072,RED RETROSPOT TEA CUP AND SAUCER ,2831.1700000000005,854.0,162,90,0.026542174265305946
22380,TOY TIDY SPACEBOY  ,2823.8600000000056,1316.0,285,114,0.026473643130164197
85178,VICTORIAN SEWING KIT,2823.830000000001,2519.0,140,77,0.02647336188063553
47599B,BLUE PARTY BAGS ,2822.319999999998,1480.0,118,69,0.026459205654361346
21499,BLUE POLKADOT WRAP,2819.84,6952.0,217,175,0.026435955693328305
21563,RED HEART SHAPE LOVE BUCKET ,2803.1300000000015,1395.0,159,95,0.026279299705883812
22762,CUPBOARD 3 DRAWER MA CAMPAGNE,2786.0299999999993,171.0,112,74,0.026118987474567153
22794,SWEETHEART WIRE MAGAZINE RACK,2784.8999999999996,326.0,182,114,0.026108393742322256
22224,WHITE LOVEBIRD LANTERN,2767.0099999999998,835.0,164,89,0.025940675273418472
22925,BLUE GIANT GARDEN THERMOMETER,2763.4200000000037,450.0,182,125,0.025907019079826305
23190,BUNDLE OF 3 SCHOOL EXERCISE BOOKS  ,2761.900000000005,1702.0,202,145,0.025892769103709284
22963,JAM JAR WITH GREEN LID,2761.560000000001,3267.0,306,165,0.025889581609051485
22196,SMALL HEART MEASURING SPOONS,2759.2600000000066,2853.0,472,146,0.025868019145190234
23266,SET OF 3 WOODEN STOCKING DECORATION,2757.5700000000024,2064.0,319,201,0.025852175421744283
23542,WALL ART 70'S ALPHABET ,2757.0600000000013,356.0,74,44,0.025847394179757635
23147,SINGLE ANTIQUE ROSE HOOK IVORY,2755.100000000002,1870.0,261,170,0.0258290192105541
22773,GREEN DRAWER KNOB ACRYLIC EDWARDIAN,2754.400000000001,2087.0,191,82,0.02582245672155282
23341,PINK DINER WALL CLOCK,2749.8500000000013,308.0,121,75,0.025779800543044597
22823,CHEST NATURAL WOOD 20 DRAWERS,2745.0,24.0,13,13,0.025734331869250098
22974,CHILDRENS DOLLY GIRL MUG,2744.5400000000045,1607.0,204,126,0.025730019376477883
23100,SILVER BELLS TABLE DECORATION,2743.1300000000015,2169.0,257,180,0.025716800648632444
22283,6 EGG HOUSE PAINTED WOOD,2742.3300000000013,301.0,155,82,0.025709300661202427
21985,PACK OF 12 HEARTS DESIGN TISSUES ,2737.6299999999983,8803.0,427,262,0.02566523823505104
23407,SET OF 2 TRAYS HOME SWEET HOME,2729.330000000005,267.0,133,103,0.025587425865464666
20829,GLITTER HANGING BUTTERFLY STRING,2725.0500000000015,1315.0,194,90,0.025547300932714033
23333,IVORY WICKER HEART MEDIUM,2721.7000000000007,2110.0,233,179,0.025515894735350826
23164,REGENCY CAKE SLICE,2718.6500000000015,578.0,92,70,0.025487301033273888
84832,ZINC WILLIE WINKIE  CANDLE STICK,2713.5500000000015,2934.0,268,137,0.025439488613407522
22278,OVERNIGHT BAG VINTAGE ROSE PAISLEY,2709.299999999997,406.0,178,59,0.02539964493018551
21239,PINK  POLKADOT CUP,2709.0400000000036,3018.0,307,141,0.025397207434270815
22927,GREEN GIANT GARDEN THERMOMETER,2704.7100000000037,430.0,148,94,0.025356613752305843
22737,RIBBON REEL CHRISTMAS PRESENT ,2695.8000000000025,1389.0,259,148,0.025273082642303997
23264,SET OF 3 WOODEN SLEIGH DECORATIONS,2694.560000000003,1966.0,299,177,0.025261457661787477
72802C,VANILLA SCENT CANDLE JEWELLED BOX,2692.4399999999996,1396.0,105,63,0.025241582695097898
22691,DOORMAT WELCOME SUNRISE,2686.720000000001,372.0,120,65,0.025187957784973278
22702,BLACK AND WHITE CAT BOWL,2684.6499999999987,1363.0,49,35,0.025168551567498088
22045,SPACEBOY GIFT WRAP,2683.84,6552.0,208,148,0.02516095783022521
22660,DOORMAT I LOVE LONDON,2678.96,364.0,102,56,0.025115207906902096
21781,MA CAMPAGNE CUTLERY BOX,2676.7500000000014,169.0,101,51,0.02509448919162668
22433,WATERING CAN GREEN DINOSAUR,2667.500000000002,1394.0,227,121,0.025007770586967102
22130,PARTY CONE CHRISTMAS DECORATION ,2664.629999999999,2277.0,110,78,0.024980864382061884
21109,LARGE CAKE TOWEL CHOCOLATE SPOTS,2663.62,926.0,104,51,0.02497139564793149
22329,ROUND CONTAINER SET OF 5 RETROSPOT,2663.5400000000036,1604.0,238,103,0.024970645649188522
23146,TRIPLE HOOK ANTIQUE IVORY ROSE,2655.1299999999956,801.0,227,151,0.02489180203133038
22902,TOTE BAG I LOVE LONDON,2650.0800000000004,1296.0,136,71,0.02484445836067844
22582,PACK OF 6 SWEETIE GIFT BOXES,2649.3500000000026,1061.0,102,73,0.02483761462214857
22792,FLUTED ANTIQUE CANDLE HOLDER,2643.3300000000013,2809.0,206,100,0.024781177216737667
22241,GARLAND WOODEN HAPPY EASTER,2641.9300000000026,1978.0,239,125,0.02476805223873515
35961,FOLKART ZINC HEART CHRISTMAS DEC,2640.8599999999988,2999.0,244,116,0.02475802100554746
82600,N0 SINGING METAL SIGN,2639.420000000002,1225.0,49,30,0.02474452102817346
23054,RECYCLED ACAPULCO MAT LAVENDER,2621.4300000000017,297.0,130,81,0.02457586506084092
21012,ANTIQUE ALL GLASS CANDLESTICK,2618.2499999999995,1171.0,199,66,0.024546052610806578
22965,3 TRADITIONAl BISCUIT CUTTERS  SET,2610.6099999999965,1211.0,232,168,0.024474427730849877
22830,UTILTY CABINET WITH HOOKS,2610.29,131.0,6,5,0.0244714277358779
22700,BLACK AND WHITE DOG BOWL,2608.0799999999995,1198.0,52,41,0.024450709020602472
23196,VINTAGE LEAF MAGNETIC NOTEPAD,2605.4999999999986,1710.0,274,159,0.024426521561140658
22833,HALL CABINET WITH 3 DRAWERS,2603.5299999999993,76.0,5,4,0.02440805284209424
22175,PINK OWL SOFT TOY,2600.13,879.0,171,84,0.024376177895516674
22361,GLASS JAR DAISY FRESH COTTON WOOL,2598.229999999994,729.0,268,92,0.024358365425370322
22805,BLUE DRAWER KNOB ACRYLIC EDWARDIAN,2593.530000000002,1904.0,195,77,0.02431430299921904
21500,PINK POLKADOT WRAP ,2593.0,6350.0,213,162,0.024309334257546635
22822,CREAM WALL PLANTER HEART SHAPED,2588.7000000000044,434.0,158,121,0.024269021825110326
47559B,TEA TIME OVEN GLOVE,2588.6500000000015,2080.0,287,152,0.02426855307589592
22933,BAKING MOULD EASTER EGG MILK CHOC,2585.919999999997,940.0,122,82,0.02424295936879094
22610,PENS ASSORTED FUNNY FACE,2578.2400000000007,9608.0,216,123,0.024170959489462802
21735,TWO DOOR CURIO CABINET,2577.4499999999994,212.0,83,60,0.024163553251875646
23534,STOP FOR TEA WALL ART,2572.699999999999,518.0,41,40,0.02411902207650991
84596B,SMALL DOLLY MIX DESIGN ORANGE BOWL,2570.5199999999986,5078.0,522,189,0.024098584610763106
23292,SPACEBOY CHILDRENS CUP,2558.8200000000024,2051.0,216,112,0.02398889729459913
22358,KINGS CHOICE TEA CADDY ,2557.1199999999967,700.0,255,87,0.023972959821310282
22064,PINK DOUGHNUT TRINKET POT ,2556.199999999995,1734.0,241,85,0.023964334835765745
21452,TOADSTOOL MONEY BOX,2549.1099999999988,817.0,184,109,0.023897866197167245
21078,SET/20 STRAWBERRY PAPER NAPKINS ,2540.3900000000035,2780.0,313,148,0.02381611633418009
23131,MISTLETOE HEART WREATH CREAM,2539.630000000001,625.0,110,86,0.02380899134612155
23424,GINGHAM RECIPE BOOK BOX,2529.4199999999973,466.0,135,87,0.02371327275654591
72351A,SET/6 TURQUOISE BUTTERFLY T-LIGHTS,2528.1499999999974,1278.0,153,78,0.023701366526500754
23681,LUNCH BAG RED VINTAGE DOILY,2526.69,1577.0,132,105,0.023687679049440996
21730,GLASS STAR FROSTED T-LIGHT HOLDER,2519.3799999999997,518.0,131,79,0.023619147914299202
22670,FRENCH WC SIGN BLUE METAL,2518.0000000000036,1883.0,301,141,0.023606210435982457
21556,CERAMIC STRAWBERRY MONEY BOX,2515.5200000000036,977.0,114,38,0.0235829604749494
23316,RED REFECTORY CLOCK ,2511.590000000002,251.0,110,75,0.02354611678669942
22672,FRENCH BATHROOM SIGN BLUE METAL,2511.2200000000016,1476.0,219,125,0.02354264804251303
22937,BAKING MOULD CHOCOLATE CUPCAKES,2507.1400000000012,950.0,157,119,0.023504398106619934
22075,6 RIBBONS ELEGANT CHRISTMAS ,2503.340000000005,1800.0,200,96,0.023468773166327384
21107,CREAM SLICE FLANNEL PINK SPOT ,2501.5600000000004,904.0,97,48,0.02345208569429555
23367,SET 12 COLOUR PENCILS SPACEBOY ,2495.7500000000036,3285.0,282,184,0.023397617035585072
21903,MAN FLU METAL SIGN,2494.330000000001,1162.0,180,113,0.023384304557896765
22215,CAKE STAND WHITE TWO TIER LACE,2471.3899999999994,343.0,101,71,0.02316924241834098
23352,ROLL WRAP 50'S RED CHRISTMAS ,2462.9500000000016,1803.0,212,151,0.023090117550954307
85062,PEARL CRYSTAL PUMPKIN T-LIGHT HLDR,2449.300000000002,1474.0,159,97,0.022962149015429624
23489,VINTAGE BELLS GARLAND,2443.3500000000004,821.0,149,116,0.022906367858918846
85184C,S/4 VALENTINE DECOUPAGE HEART BOX,2443.039999999998,1484.0,131,82,0.022903461613789696
22374,AIRLINE BAG VINTAGE JET SET RED,2440.27,549.0,223,108,0.022877492907313276
84032B,CHARLIE + LOLA RED HOT WATER BOTTLE,2430.4399999999982,939.0,255,106,0.022785336811766907
21875,KINGS CHOICE MUG,2429.3799999999987,2055.0,148,83,0.02277539932842214
23406,HOME SWEET HOME KEY HOLDER,2428.9100000000003,457.0,111,65,0.022770993085807018
22807,SET OF 6 T-LIGHTS TOADSTOOLS,2428.1800000000003,825.0,195,74,0.022764149347277128
22573,STAR WOODEN CHRISTMAS DECORATION,2427.2500000000036,2689.0,221,127,0.02275543061188976
23265,SET OF 3 WOODEN TREE DECORATIONS,2423.5400000000022,1784.0,293,180,0.02272064942018304
22743,MAKE YOUR OWN FLOWERPOWER CARD KIT,2420.3399999999997,934.0,206,115,0.022690649470462943
22811,SET OF 6 T-LIGHTS CACTI ,2419.2899999999995,881.0,108,37,0.022680805736961043
22437,SET OF 9 BLACK SKULL BALLOONS,2418.940000000002,2830.0,226,140,0.02267752449246043
21328,BALLOONS  WRITING SET ,2418.6799999999994,1342.0,346,135,0.022675086996545652
23400,SHELF WITH 4 HOOKS HOME SWEET HOME,2409.3400000000006,461.0,107,76,0.0225875246433002
22167, OVAL WALL MIRROR DIAMANTE ,2401.0699999999983,237.0,156,41,0.022509993523242365
20978,36 PENCILS TUBE SKULLS,2400.050000000003,1799.0,263,133,0.022500431039269134
84796B,BLUE SAVANNAH PICNIC HAMPER FOR 2,2393.589999999997,256.0,124,16,0.022439868640771684
84969,BOX OF 6 ASSORTED COLOUR TEASPOONS,2389.5199999999977,558.0,210,48,0.02240171245472147
11001,ASSTD DESIGN RACING CAR PEN,2389.4399999999987,1615.0,113,44,0.022400962455978477
22440,BALLOON WATER BOMB PACK OF 35,2385.1200000000035,6034.0,154,100,0.022360462523856425
23048,SET OF 10 LANTERNS FAIRY LIGHT STAR,2384.97,581.0,99,81,0.022359056276213263
20983,12 PENCILS TALL TUBE RED RETROSPOT,2382.460000000003,2746.0,268,185,0.02233552506565161
22282,12 EGG HOUSE PAINTED WOOD,2378.520000000001,149.0,99,39,0.02229858762755875
23498,CLASSIC BICYCLE CLIPS ,2378.4799999999996,1644.0,99,77,0.022298212628187236
21811,HANGING HEART WITH BELL,2376.0500000000015,4620.0,219,106,0.022275431416368573
22851,SET 20 NAPKINS FAIRY CAKES DESIGN ,2375.440000000002,2749.0,350,198,0.022269712675953186
84997d,CHILDRENS CUTLERY POLKADOT PINK,2372.3299999999986,285.0,65,0,0.022240556474818964
23535,BICYCLE SAFTEY WALL ART,2371.9400000000005,458.0,39,38,0.022236900230946845
23396,LE JARDIN BOTANIQUE CUSHION COVER,2371.249999999999,566.0,166,114,0.02223043149178844
37500,TEA TIME TEAPOT IN GIFT BOX,2360.6800000000003,380.0,113,53,0.022131337907869336
22070,SMALL RED RETROSPOT MUG IN BOX ,2358.15,949.0,116,62,0.022107619197621903
21495,SKULLS AND CROSSBONES WRAP,2356.0,5800.0,165,102,0.022087462981403728
23401,RUSTIC MIRROR WITH LACE HEART,2354.870000000001,459.0,83,59,0.022076869249158835
23412,HEART MIRROR ANTIQUE WHITE,2354.7999999999997,358.0,76,64,0.022076213000258697
22548,HEADS AND TAILS SPORTING FUN,2351.440000000001,1977.0,209,149,0.022044713053052632
22425,ENAMEL COLANDER CREAM,2346.1199999999994,460.0,166,110,0.021994838136642998
23437, 50'S CHRISTMAS GIFT BAG LARGE,2343.630000000001,1915.0,129,106,0.021971494425767082
21700,BIG DOUGHNUT FRIDGE MAGNETS,2334.9399999999987,1726.0,198,58,0.021890025812308485
20977,36 PENCILS TUBE WOODLAND,2331.1400000000012,1741.0,185,111,0.021854400872015924
16156S,WRAP PINK FAIRY CAKES ,2331.0,5800.0,167,135,0.021853088374215658
22829,SWEETHEART WIRE WALL TIDY,2315.3300000000013,229.0,109,80,0.021706182370430187
22736,RIBBON REEL MAKING SNOWMEN ,2315.25,1233.0,223,130,0.021705432371687174
22483,RED GINGHAM TEDDY BEAR ,2314.740000000002,774.0,169,91,0.021700651129700554
23371,SET 36 COLOUR PENCILS SPACEBOY ,2313.5300000000016,1712.0,185,98,0.02168930739871265
84950,ASSORTED COLOUR T-LIGHT HOLDER,2304.830000000002,3631.0,120,66,0.021607745035411206
21982,PACK OF 12 SUKI TISSUES ,2304.1399999999976,7612.0,359,182,0.02160127629625277
22441,GROW YOUR OWN BASIL IN ENAMEL MUG,2301.310000000001,1051.0,219,130,0.021574745090719112
23330,DECORATIVE WICKER HEART MEDIUM,2299.4700000000007,1804.0,216,158,0.021557495119630073
71459,HANGING JAM JAR T-LIGHT HOLDERS,2298.050000000002,2813.0,92,61,0.0215441826419418
85175,CACTI T-LIGHT CANDLES,2292.3400000000015,5353.0,143,84,0.02149065148166004
22185,SLATE TILE NATURAL HANGING,2291.439999999998,1510.0,162,111,0.021482213995801233
84997b,CHILDRENS CUTLERY RETROSPOT RED ,2287.369999999999,273.0,55,0,0.02144405780975103
23029,DRAWER KNOB CRACKLE GLAZE GREEN,2284.120000000003,1340.0,154,97,0.02141358911081662
21813,GARLAND WITH STARS AND BELLS,2280.4700000000003,549.0,112,38,0.02137937041816713
21896,POTTING SHED TWINE,2279.089999999996,983.0,110,79,0.021366432939850313
23197,SKETCHBOOK MAGNETIC SHOPPING LIST,2274.0000000000027,1456.0,246,113,0.021318714269826882
22914,BLUE COAT RACK PARIS FASHION,2266.1599999999985,468.0,154,106,0.021245214393012666
22983,CARD BILLBOARD FONT,2261.5999999999885,5302.0,443,223,0.02120246446466147
46000S,POLYESTER FILLER PAD 40x40cm,2256.1999999999994,1556.0,185,128,0.021151839549508944
21069,VINTAGE BILLBOARD TEA MUG,2251.7700000000004,1950.0,86,35,0.02111030836911523
22030,SWALLOWS GREETING CARD,2247.969999999995,5551.0,274,179,0.02107468342882259
23252,VINTAGE RED ENAMEL TRIM JUG ,2246.61,599.0,136,104,0.02106193345019161
23093,SMALL PARISIENNE HEART PHOTO FRAME ,2244.220000000002,941.0,142,105,0.021039527237744448
23326,HANGING MINI COLOURED BOTTLES,2237.7099999999996,3443.0,76,52,0.02097849609003265
21989,PACK OF 20 SKULL PAPER NAPKINS,2235.650000000005,2412.0,335,130,0.02095918362240041
21471,STRAWBERRY RAFFIA FOOD COVER,2228.0899999999965,641.0,163,77,0.02088830874118665
23079,TOADSTOOL BEDSIDE LIGHT ,2225.4500000000016,251.0,105,82,0.020863558782667643
22601,CHRISTMAS RETROSPOT ANGEL WOOD,2222.3800000000024,2482.0,200,121,0.02083477758090495
23501,KEY RING BASEBALL BOOT UNION JACK,2220.370000000001,1823.0,112,77,0.020815933862487018
22478,BIRDHOUSE GARDEN MARKER ,2218.1200000000013,1543.0,140,59,0.020794840147840096
84997c,CHILDRENS CUTLERY POLKADOT BLUE,2216.2099999999996,265.0,56,0,0.02077693392785091
37448,CERAMIC CAKE DESIGN SPOTTED MUG,2214.0800000000036,1456.0,187,78,0.020756965211318527
21794,CLASSIC FRENCH STYLE BASKET NATURAL,2213.4199999999996,522.0,106,79,0.020750777721688724
82494l,WOODEN FRAME ANTIQUE WHITE ,2211.5999999999976,264.0,61,0,0.020733715250285414
23403,LETTER HOLDER HOME SWEET HOME,2207.8600000000006,626.0,134,80,0.020698652809050106
10135,COLOURING PENCILS BROWN TUBE,2207.390000000001,2231.0,175,92,0.02069424656643497
21042,RED RETROSPOT APRON ,2205.47,335.0,131,71,0.02067624659660292
22574,HEART WOODEN CHRISTMAS DECORATION,2202.140000000002,2336.0,222,131,0.02064502789892549
21900,"KEY FOB , SHED",2201.070000000009,3234.0,372,166,0.0206349966657379
23302,KNEELING MAT HOUSEWORK  DESIGN,2194.619999999998,1544.0,230,140,0.020574528017083277
22571,ROCKING HORSE RED CHRISTMAS ,2191.4300000000053,2441.0,254,152,0.02054462181720615
22763,KEY CABINET MA CAMPAGNE,2186.270000000003,207.0,108,76,0.02049624689828251
23436,VINTAGE CHRISTMAS GIFT BAG LARGE ,2182.390000000001,1831.0,105,82,0.0204598719592469
85038,6 CHOCOLATE LOVE HEART T-LIGHTS,2179.660000000001,1065.0,142,70,0.020434278252141967
23445,ICE CREAM BUBBLES,2177.839999999996,2688.0,101,81,0.020417215780738626
22357,KINGS CHOICE BISCUIT TIN,2175.0400000000027,468.0,180,69,0.020390965824733626
21878,PACK OF 6 SANDCASTLE FLAGS ASSORTED,2173.0500000000047,2524.0,224,120,0.020372309606001476
22377,BOTTLE BAG RETROSPOT ,2171.5300000000043,1330.0,207,83,0.020358059629884438
22704,WRAP RED APPLES ,2168.76,5278.0,174,129,0.02033209092340796
22121,NOEL WOODEN BLOCK LETTERS ,2165.650000000001,353.0,133,94,0.020302934722273774
21592,RETROSPOT CIGAR BOX MATCHES ,2164.4600000000014,2162.0,216,156,0.020291778490971624
22732,3D VINTAGE CHRISTMAS STICKERS ,2162.7500000000014,1645.0,188,102,0.02027574726783996
23031,DRAWER KNOB CRACKLE GLAZE PINK,2162.2000000000025,1284.0,153,93,0.02027059102648183
21249,WOODLAND  HEIGHT CHART STICKERS ,2160.0000000000014,724.0,119,68,0.02024996606104927
22107,PIZZA PLATE IN BOX,2158.0599999999995,594.0,179,44,0.02023177859153146
22920,HERB MARKER BASIL,2155.9400000000032,3427.0,242,133,0.020211903624841945
82581,TOILET METAL SIGN,2155.889999999995,3883.0,405,172,0.020211434875627494
22588,CARD HOLDER GINGHAM HEART,2149.309999999997,687.0,175,110,0.020149747479015614
23028,DRAWER KNOB CRACKLE GLAZE BLUE,2148.530000000002,1213.0,134,87,0.020142434991271392
23005,TRAVEL CARD WALLET I LOVE LONDON,2147.55,4783.0,241,105,0.0201332475066696
22973,CHILDREN'S CIRCUS PARADE MUG,2145.909999999999,1261.0,144,81,0.02011787253243805
23161,REGENCY CAKE FORK,2145.3000000000015,1715.0,98,58,0.020112153792022688
23232,WRAP VINTAGE LEAF DESIGN,2140.92,5326.0,134,118,0.020071091360843323
23213,STAR WREATH DECORATION WITH BELL,2139.6700000000005,1683.0,152,95,0.020059372630483924
40016,CHINESE DRAGON PAPER LANTERNS,2136.339999999998,5556.0,97,54,0.02002815393280645
21232,STRAWBERRY CERAMIC TRINKET POT,2133.7200000000007,1371.0,125,57,0.020003591473973164
22509,SEWING BOX RETROSPOT DESIGN ,2132.440000000002,211.0,86,71,0.019991591494085147
22128,PARTY CONES CANDY ASSORTED,2127.53,1762.0,76,62,0.019945560321233395
37450,CERAMIC CAKE BOWL + HANGING CAKES,2126.3900000000017,717.0,134,47,0.019934872839145634
22891,TEA FOR ONE POLKADOT,2125.179999999999,424.0,168,69,0.019923529108157704
84356,POMPOM CURTAIN,2124.1500000000005,424.0,82,32,0.01991387287434157
22498,WOODEN REGATTA BUNTING,2121.9900000000002,334.0,150,68,0.01989362290828052
21980,PACK OF 12 RED RETROSPOT TISSUES ,2121.7600000000007,6687.0,297,192,0.019891466661894393
22156,HEART DECORATION WITH PEARLS ,2114.8300000000013,2198.0,256,106,0.019826498020781867
21718,RED METAL BEACH SPADE ,2114.640000000003,1494.0,229,106,0.01982471677376725
23046,PAPER LANTERN 9 POINT DELUXE STAR,2111.4900000000007,349.0,36,31,0.019795185573261532
20751,FUNKY WASHING UP GLOVES ASSORTED,2108.7199999999984,1003.0,198,127,0.019769216866785077
23438, RED SPOT GIFT BAG LARGE,2107.42,1727.0,103,82,0.01975702938721131
23233,WRAP POPPIES  DESIGN,2105.5,5175.0,158,130,0.019739029417379265
21506,"FANCY FONT BIRTHDAY CARD, ",2101.0099999999934,4958.0,323,171,0.019696935737928228
22996,TRAVEL CARD WALLET VINTAGE TICKET,2099.9699999999975,4813.0,408,155,0.019687185754269244
23152,IVORY SWEETHEART WIRE LETTER RACK ,2095.6500000000005,558.0,159,108,0.01964668582214717
22733,3D TRADITIONAL CHRISTMAS STICKERS,2095.0800000000017,1583.0,197,119,0.019641342081103293
22059,CERAMIC STRAWBERRY DESIGN MUG,2094.2400000000025,1790.0,173,85,0.019633467094301783
23315,IVORY REFECTORY CLOCK,2094.2400000000016,213.0,86,63,0.019633467094301773
23251,VINTAGE RED ENAMEL TRIM MUG ,2092.0,1701.0,119,80,0.019612467129497706
22744,MAKE YOUR OWN MONSOON CARD KIT,2091.5400000000027,870.0,172,123,0.01960815463672547
21609,SET 12 LAVENDER  BOTANICAL T-LIGHTS,2089.640000000001,764.0,76,59,0.019590342166579164
22593,CHRISTMAS GINGHAM STAR,2087.3400000000047,2265.0,198,106,0.019568779702717896
22747,POPPY'S PLAYHOUSE BATHROOM,2087.149999999997,957.0,227,123,0.019566998455703193
22055,MINI CAKE STAND  HANGING STRAWBERY,2086.4900000000007,1377.0,220,102,0.019560810966073462
23526,DOG LICENCE WALL ART,2081.6399999999994,408.0,29,28,0.019515342292278966
23360,SET 8 CANDLES VINTAGE DOILY,2079.8500000000026,1065.0,107,88,0.01949856107040433
22863,SOAP DISH BROCANTE,2076.6299999999987,721.0,110,77,0.019468373620998472
23370,SET 36 COLOURING PENCILS DOILY,2076.6000000000013,1490.0,147,84,0.019468092371469868
23536,VILLAGE SHOW WALL ART,2072.4199999999996,386.0,18,17,0.01942890493714801
22831,WHITE BROCANTE SOAP DISH,2070.900000000003,706.0,121,91,0.019414654961031
22955,36 FOIL STAR CAKE CASES ,2070.1499999999996,1048.0,134,91,0.01940762372281533
23227,FILIGREE HEART BUTTERFLY WHITE ,2070.0600000000004,1642.0,117,61,0.01940677997422946
22935,BAKING MOULD ROSE MILK CHOCOLATE,2066.8200000000006,690.0,65,46,0.01937640502513789
23020,GLASS  SONGBIRD STORAGE JAR,2065.1400000000003,169.0,73,65,0.019360655051534847
23291,DOLLY GIRL CHILDRENS CUP,2060.2800000000016,1635.0,195,104,0.0193150926278975
23490,T-LIGHT HOLDER HANGING LOVE BIRD,2055.2700000000004,548.0,101,83,0.019268123956617
22101,MIRROR MOSAIC VOTIVE HOLDER,2053.1699999999996,1438.0,69,21,0.019248436489613194
47504K,ENGLISH ROSE GARDEN SECATEURS,2049.449999999998,2019.0,212,141,0.01921356154806359
23500,KEY RING BASEBALL BOOT ASSORTED ,2044.5800000000004,1631.0,98,76,0.019167905374583377
21864,UNION JACK FLAG PASSPORT COVER ,2043.7900000000036,829.0,184,65,0.019160499136996266
22414,DOORMAT NEIGHBOURHOOD WITCH ,2038.3899999999992,279.0,95,37,0.0191098742218436
22803,IVORY EMBROIDERED QUILT ,2038.0900000000006,54.0,31,18,0.019107061726557358
20674,GREEN POLKADOT BOWL,2032.4800000000012,1576.0,205,101,0.01905446806470436
22080,RIBBON REEL POLKADOTS ,2028.23,1221.0,155,116,0.019014624381482378
84880,WHITE WIRE EGG HOLDER,2027.7399999999998,314.0,76,51,0.01901003063918149
22788,BROCANTE COAT RACK,2025.9600000000012,220.0,60,33,0.01899334316714971
22115,METAL SIGN EMPIRE TEA,2020.9099999999983,1549.0,228,152,0.018945999496497695
23268,SET OF 2 CERAMIC CHRISTMAS REINDEER,2019.5900000000026,1448.0,89,68,0.018933624517238207
51014A,"FEATHER PEN,HOT PINK",2018.7799999999997,3890.0,239,106,0.018926030779965287
22897,OVEN MITT APPLES DESIGN,2016.0000000000011,1352.0,211,135,0.018899968323645985
23543,KEEP CALM WALL ART ,2015.9700000000003,269.0,20,19,0.01889968707411735
22959,WRAP CHRISTMAS VILLAGE,2014.42,4901.0,142,133,0.01888515584847169
23289,DOLLY GIRL CHILDRENS BOWL,2013.7000000000014,1622.0,191,111,0.018878405859784685
22859,EASTER TIN BUNNY BOUQUET,2012.9700000000023,1209.0,158,111,0.0188715621212548
21622,VINTAGE UNION JACK CUSHION COVER,2012.339999999999,386.0,104,76,0.01886565588115363
23358,HOT STUFF HOT WATER BOTTLE,2012.13,595.0,89,61,0.018863687134453265
22364,GLASS JAR DIGESTIVE BISCUITS,2010.1700000000014,619.0,164,69,0.01884531216524973
22503,CABIN BAG VINTAGE PAISLEY,2010.1200000000013,99.0,34,15,0.018844843416035352
23274,STAR T-LIGHT HOLDER WILLIE WINKIE,2009.9499999999969,1183.0,119,85,0.018843249668706433
85049G,CHOCOLATE BOX RIBBONS ,2007.940000000001,1615.0,258,161,0.018824405950288548
23066,SMALL DECO JEWELLERY STAND,2005.8100000000004,243.0,79,63,0.01880443723375612
21591,COSY HOUR CIGAR BOX MATCHES ,2001.1399999999999,1378.0,146,114,0.018760656057133385
22186,RED STAR CARD HOLDER,1997.4800000000007,848.0,149,111,0.01872634361464106
22928,YELLOW GIANT GARDEN THERMOMETER,1993.7500000000025,288.0,115,62,0.018691374923248613
23357,HOT WATER BOTTLE SEX BOMB,1993.599999999999,453.0,102,79,0.018689968675605455
72802B,OCEAN SCENT CANDLE IN JEWELLED BOX,1993.48,1028.0,82,54,0.01868884367749096
22579,WOODEN TREE CHRISTMAS SCANDINAVIAN,1988.8900000000035,5170.0,338,226,0.018645812499611263
37446,MINI CAKE STAND WITH HANGING CAKES,1986.2400000000005,1361.0,183,93,0.0186209687912493
22932,BAKING MOULD TOFFEE CUP CHOCOLATE,1985.5799999999986,878.0,71,50,0.018614781301619518
22466,FAIRY TALE COTTAGE NIGHT LIGHT,1981.2900000000018,977.0,115,74,0.018574562619026073
22477,WATERING CAN GARDEN MARKER,1980.4000000000012,1374.0,127,63,0.018566218883010174
15039,SANDALWOOD FAN,1979.4900000000011,2091.0,145,58,0.01855768764730853
21916,SET 12 RETRO WHITE CHALK STICKS,1973.9099999999958,4600.0,359,156,0.0185053752349841
22931,BAKING MOULD HEART WHITE CHOCOLATE,1968.3999999999974,815.0,129,95,0.018453719071559863
20992,JAZZ HEARTS PURSE NOTEBOOK,1965.809999999997,4451.0,277,162,0.018429437862255177
23374,RED SPOT PAPER GIFT BAG,1962.8300000000036,2456.0,131,108,0.01840150040907842
22312,OFFICE MUG WARMER POLKADOT,1962.290000000001,649.0,131,61,0.018396437917563135
84031A,CHARLIE+LOLA RED HOT WATER BOTTLE ,1961.1600000000085,431.0,165,34,0.018385844185318304
23228,FILIGREE HEART BIRD WHITE ,1960.0000000000011,1492.0,125,58,0.018374969203544707
23145,ZINC T-LIGHT HOLDER STAR LARGE,1956.6800000000035,2060.0,167,126,0.018343844255710156
85123a,WHITE HANGING HEART T-LIGHT HOLDER,1952.4800000000023,292.0,67,0,0.018304469321702547
84596F,SMALL MARSHMALLOWS PINK BOWL,1951.9999999999966,3748.0,435,166,0.01829996932924448
22291,HANGING CHICK CREAM DECORATION,1946.6199999999997,1317.0,120,72,0.01824953191377764
22824,3 TIER SWEETHEART GARDEN SHELF,1938.2500000000011,55.0,43,42,0.018171063295291084
22412,METAL SIGN NEIGHBOURHOOD WITCH ,1938.1500000000021,914.0,147,73,0.018170125796862346
22639,SET OF 4 NAPKIN CHARMS HEARTS,1937.709999999999,806.0,148,101,0.018166000803775804
23231,WRAP DOILEY DESIGN,1927.26,4703.0,164,124,0.0180680322179712
21192,WHITE BELL HONEYCOMB PAPER ,1924.9399999999996,1093.0,88,32,0.018046282254424145
23094,LE GRAND TRAY CHIC SET,1924.92,152.0,79,65,0.018046094754738395
22199,FRYING PAN RED RETROSPOT,1923.59,467.0,166,71,0.01803362602563599
22183,CAKE STAND VICTORIAN FILIGREE MED,1916.009999999998,322.0,129,16,0.01796256364473655
23155,KNICKERBOCKERGLORY MAGNET ASSORTED ,1914.730000000002,2233.0,135,84,0.017950563664848557
21112,SWISS ROLL TOWEL PINK  SPOTS,1913.6900000000003,706.0,39,21,0.017940813681189518
20963,APPLE BATH SPONGE,1913.6700000000035,1338.0,229,83,0.0179406261815038
23128,FELTCRAFT BOY JEAN-PAUL KIT,1909.5100000000007,371.0,127,103,0.01790162624686768
21534,DAIRY MAID LARGE MILK JUG,1908.8800000000022,376.0,155,94,0.017895720006766553
22594,CHRISTMAS GINGHAM TREE,1905.7700000000045,2006.0,196,93,0.01786656380563238
84968F,SET OF 16 VINTAGE SKY BLUE CUTLERY,1905.68,177.0,65,25,0.01786572005704646
23068,ALUMINIUM STAMPED HEART,1902.190000000002,783.0,130,100,0.017833001361883025
23491,VINTAGE JINGLE BELLS HEART,1897.7600000000002,228.0,78,64,0.017791470181489282
85061W,WHITE JEWELLED HEART DECORATION,1897.450000000002,2164.0,162,77,0.017788563936360167
23235,STORAGE TIN VINTAGE LEAF,1893.1299999999985,715.0,102,86,0.017748064004238034
16169E,WRAP 50'S  CHRISTMAS,1892.46,4563.0,149,143,0.01774178276476541
23434,3 RAFFIA RIBBONS 50'S CHRISTMAS ,1892.0700000000043,2105.0,199,129,0.017738126520893314
21068,VINTAGE BILLBOARD LOVE/HATE MUG,1890.3300000000017,1638.0,198,81,0.017721814048233
23075,PARLOUR CERAMIC WALL HOOK,1889.7499999999989,455.0,75,56,0.01771637655734621
23394,POSTE FRANCE CUSHION COVER,1888.8999999999992,438.0,150,90,0.017708407820701818
35004C,SET OF 3 COLOURED  FLYING DUCKS,1888.1,394.0,39,28,0.017700907833271808
22602,RETROSPOT WOODEN HEART DECORATION,1887.9800000000025,2078.0,246,132,0.01769978283515733
15058B,PINK POLKADOT GARDEN PARASOL,1885.2699999999995,228.0,97,32,0.017674376627738114
20982,12 PENCILS TALL TUBE SKULLS,1884.9200000000044,2156.0,256,158,0.017671095383237526
22027,TEA PARTY BIRTHDAY CARD,1883.7899999999931,4392.0,362,180,0.01766050165099252
22534,MAGIC DRAWING SLATE SPACEBOY ,1871.119999999996,4496.0,261,172,0.017541720600069633
22198,LARGE POPCORN HOLDER ,1870.9099999999999,1025.0,86,42,0.017539751853369288
23090,VINTAGE GLASS T-LIGHT HOLDER,1870.860000000003,2238.0,149,96,0.01753928310415494
22858,EASTER TIN KEEPSAKE,1865.730000000001,1129.0,136,103,0.017491189434759934
70006,LOVE HEART POCKET WARMER,1865.6299999999992,2703.0,120,72,0.017490251936331164
21988,PACK OF 6 SKULL PAPER PLATES,1862.7500000000034,2321.0,193,101,0.017463251981583137
21870,I CAN ONLY PLEASE ONE PERSON MUG,1861.4599999999996,1415.0,163,97,0.017451158251852197
22220,CAKE STAND LOVEBIRD 2 TIER WHITE,1859.2000000000028,232.0,86,64,0.017429970787362425
22428,ENAMEL FIRE BUCKET CREAM,1854.760000000003,246.0,114,75,0.017388345857125825
72807A,SET/3 ROSE CANDLE IN JEWELLED BOX,1849.8199999999993,394.0,107,53,0.017342033434745427
22944,CHRISTMAS METAL POSTCARD WITH BELLS,1843.6399999999999,3375.0,111,50,0.017284096031848543
21557,SET OF 6 FUNKY BEAKERS,1843.6100000000026,551.0,162,26,0.017283814782319943
23378,PACK OF 12 50'S CHRISTMAS TISSUES,1842.42,4003.0,176,127,0.017272658551017766
22712,CARD DOLLY GIRL ,1842.3599999999947,4483.0,312,141,0.017272096051960464
21034,REX CASH+CARRY JUMBO SHOPPER,1842.0500000000218,1939.0,871,480,0.017269189806831585
21873,IF YOU CAN'T STAND THE HEAT MUG,1838.0499999999993,1621.0,116,62,0.017231689869681283
22651,GENTLEMAN SHIRT REPAIR KIT ,1837.470000000004,2166.0,170,73,0.017226252378794566
21713,CITRONELLA CANDLE FLOWERPOT,1836.6400000000008,795.0,157,103,0.01721847114183589
21564,PINK  HEART SHAPE LOVE BUCKET ,1831.6200000000015,1042.0,123,63,0.017171408720712534
22452,MEASURING TAPE BABUSHKA PINK,1831.1100000000035,746.0,144,53,0.017166627478725917
72807B,SET/3 OCEAN SCENT CANDLE JEWEL BOX,1830.7099999999991,397.0,110,56,0.01716287748501087
23109,LED TEA LIGHTS,1829.6499999999996,635.0,65,54,0.017152940001666096
15044D,RED PAPER PARASOL,1822.7100000000016,645.0,84,53,0.017087877610710706
22223,CAKE PLATE LOVEBIRD PINK,1821.61,441.0,78,34,0.017077565127994417
23160,REGENCY TEA SPOON,1809.4800000000007,1462.0,76,50,0.016963846568586773
22200,FRYING PAN PINK POLKADOT,1809.4799999999987,398.0,140,51,0.016963846568586752
21114,LAVENDER SCENTED FABRIC HEART,1809.33,1366.0,138,105,0.016962440320943635
15060B,FAIRY CAKE DESIGN UMBRELLA,1807.5499999999993,451.0,131,68,0.016945752848911838
22536,MAGIC DRAWING SLATE PURDEY,1805.2099999999991,4755.0,156,109,0.016923815385679036
85034C,3 ROSE MORRIS BOXED CANDLES,1805.0,1133.0,158,109,0.016921846638978662
21832,CHOCOLATE CALCULATOR,1799.999999999999,960.0,198,83,0.01687497171754104
21245,GREEN POLKADOT PLATE ,1792.2699999999998,1078.0,128,72,0.016802503088998492
23317,BLUE REFECTORY CLOCK ,1787.4100000000017,174.0,82,56,0.01675694066536115
21055,TOOL BOX SOFT TOY ,1782.5400000000027,180.0,105,63,0.016711284491880925
22832,BROCANTE SHELF WITH HOOKS,1781.82,162.0,76,64,0.016704534503193882
23148,MINIATURE ANTIQUE ROSE HOOK IVORY,1779.6600000000042,2096.0,243,142,0.016684284537132874
85035C,ROSE 3 WICK MORRIS BOX CANDLE,1779.4099999999999,1152.0,130,86,0.016681940791060952
22710,WRAP I LOVE LONDON ,1774.42,4501.0,104,79,0.016635159619466214
22562,MONSTERS STENCIL CRAFT,1773.3700000000008,1421.0,211,149,0.016625315885964324
21439,BASKET OF TOADSTOOLS,1767.1500000000008,1430.0,130,51,0.01656700348369593
22119,PEACE WOODEN BLOCK LETTERS,1766.570000000002,351.0,106,82,0.016561565992809182
21056,DOCTOR'S BAG SOFT TOY,1765.4000000000017,184.0,72,46,0.016550597261192776
22314,OFFICE MUG WARMER CHOC+BLUE,1762.0700000000013,571.0,133,58,0.016519378563515322
23096,PETIT TRAY CHIC,1759.789999999998,1047.0,146,89,0.016498003599339738
22852,DOG BOWL VINTAGE CREAM,1757.8799999999999,390.0,125,83,0.016480097379350588
21584,RETROSPOT SMALL TUBE MATCHES,1754.900000000002,1066.0,146,119,0.016452159926173788
23359,SET OF 12 T-LIGHTS VINTAGE DOILY,1753.3600000000015,932.0,73,67,0.016437722450371
23372,SET 36 COLOUR PENCILS DOLLY GIRL,1752.7900000000016,1391.0,147,76,0.016432378709327112
23399,HOME SWEET HOME HANGING HEART,1752.350000000002,1922.0,225,146,0.016428253716240605
21812,GARLAND WITH HEARTS AND BELLS,1751.220000000001,394.0,100,36,0.016417659983995695
20961,STRAWBERRY BATH SPONGE ,1749.180000000002,1235.0,228,82,0.01639853501604916
23101,SILVER STARS TABLE DECORATION,1744.6100000000035,2037.0,213,175,0.016355691337855194
20981,12 PENCILS TALL TUBE WOODLAND,1742.2700000000034,1976.0,249,157,0.01633375387462239
23181,BULL DOG BOTTLE TOP WALL CLOCK,1733.5700000000006,201.0,82,60,0.016252191511320915
21329,DINOSAURS  WRITING SET ,1728.6399999999992,944.0,287,120,0.016205972838783413
23122,PARTY CHARMS 50 PIECES,1727.7500000000023,2253.0,133,89,0.016197629102767546
47570B,TEA TIME TABLE CLOTH,1727.2299999999996,185.0,31,23,0.01619275411093801
21586,KINGS CHOICE GIANT TUBE MATCHES,1721.8499999999997,743.0,67,54,0.016142316695471136
21845,DAIRY MAID STRIPE MUG,1721.0900000000022,1907.0,82,63,0.016135191707412646
22526,WHEELBARROW FOR CHILDREN ,1720.2600000000002,125.0,79,55,0.01612741047045398
85015,SET OF 12  VINTAGE POSTCARD SET,1719.839999999998,2182.0,143,103,0.016123472977053202
23073,GEORGIAN TRINKET BOX,1718.9999999999998,144.0,61,49,0.0161155979902517
22544,MINI JIGSAW SPACEBOY,1716.179999999998,4521.0,175,101,0.01608916053456087
22037,ROBOT BIRTHDAY CARD,1715.4799999999934,3977.0,354,173,0.01608259804555956
22227,HANGING HEART MIRROR DECORATION ,1708.0699999999997,2341.0,289,83,0.016013129411989076
22934,BAKING MOULD EASTER EGG WHITE CHOC,1707.4700000000014,589.0,78,65,0.016007504421416578
22816,CARD MOTORBIKE SANTA,1706.8799999999958,4023.0,266,158,0.016001973180686885
21917,SET 12 KIDS  WHITE CHALK STICKS,1704.029999999998,4156.0,225,132,0.015975254475467465
22674,FRENCH TOILET SIGN BLUE METAL,1697.7200000000012,1350.0,187,106,0.015916098324613225
37340,MULTICOLOUR SPRING FLOWER MUG,1695.859999999999,2544.0,135,59,0.015898660853838415
51008,AFGHAN SLIPPER SOCK PAIR,1690.5500000000004,519.0,22,16,0.015848879687271684
21544,SKULLS  WATER TRANSFER TATTOOS ,1690.2300000000037,1975.0,174,80,0.015845879692299704
22789,T-LIGHT HOLDER SWEETHEART HANGING,1688.2199999999996,860.0,138,101,0.015827035973881746
16161U,WRAP SUKI AND FRIENDS,1687.5,4075.0,134,105,0.01582028598519473
21207,SKULL AND CROSSBONES  GARLAND ,1686.5000000000002,1068.0,132,74,0.015810911000907212
23368,SET 12 COLOUR PENCILS DOLLY GIRL ,1681.5000000000014,2382.0,232,134,0.015764036079469607
23214,JINGLE BELL HEART ANTIQUE GOLD,1680.4800000000023,782.0,102,78,0.015754473595496345
22332,SKULLS PARTY BAG + STICKER SET,1679.6500000000017,1033.0,148,92,0.015746692358537696
22419,LIPSTICK PEN RED,1676.8799999999999,3347.0,272,94,0.01572072365206124
22913,RED COAT RACK PARIS FASHION,1673.1500000000005,352.0,112,78,0.015685754960668787
22335,HEART DECORATION PAINTED ZINC ,1672.7900000000004,2386.0,225,88,0.015682379966325277
22076,6 RIBBONS EMPIRE  ,1669.5299999999977,1260.0,225,96,0.015651817517547927
15058A,BLUE POLKADOT GARDEN PARASOL,1668.4900000000005,200.0,89,40,0.01564206753388893
21577,SAVE THE PLANET COTTON TOTE BAG,1664.9000000000017,720.0,175,94,0.015608411340296734
21578,WOODLAND DESIGN  COTTON TOTE BAG,1664.5100000000014,749.0,127,68,0.015604755096424597
22804,PINK HANGING HEART T-LIGHT HOLDER,1664.1600000000003,880.0,76,50,0.015601473851923953
84968D,SET OF 16 VINTAGE RED CUTLERY,1661.4700000000003,157.0,55,27,0.015576255144190518
23505,PLAYING CARDS I LOVE LONDON ,1660.0400000000004,1207.0,115,93,0.015562848916659362
23270,SET OF 2 CERAMIC PAINTED HEARTS ,1659.3700000000038,1183.0,125,96,0.015556567677186753
22479,DAISY GARDEN MARKER,1658.5700000000013,1139.0,98,48,0.01554906768975671
22853,CAT BOWL VINTAGE CREAM,1655.9600000000007,472.0,116,76,0.01552459898076627
21981,PACK OF 12 WOODLAND TISSUES ,1655.3600000000006,5482.0,271,143,0.015518973990193757
21111,"SWISS ROLL TOWEL, CHOCOLATE  SPOTS",1652.27,901.0,94,46,0.015490005288745305
23483,HANGING  BUTTERFLY T-LIGHT HOLDER,1651.3600000000001,1340.0,73,57,0.015481474053043662
47566b,TEA TIME PARTY BUNTING,1651.1499999999976,199.0,102,0,0.015479505306343256
23273,HEART T-LIGHT HOLDER WILLIE WINKIE,1649.0499999999986,969.0,112,88,0.015459817839339468
22161,HEART DECORATION RUSTIC HANGING ,1647.1599999999974,5088.0,340,118,0.015442099119036039
23348,CHILDRENS TOY COOKING UTENSIL SET,1642.130000000002,750.0,168,95,0.015394942948069841
22284,HEN HOUSE DECORATION,1641.619999999998,954.0,131,78,0.015390161706083167
22375,AIRLINE BAG VINTAGE JET SET BROWN,1639.289999999999,349.0,167,67,0.015368317992693252
23366,SET 12 COLOURING PENCILS DOILY,1638.6999999999996,2204.0,191,112,0.015362786751963616
22154,ANGEL DECORATION 3 BUTTONS ,1638.3500000000008,3749.0,162,87,0.015359505507462994
84510A,SET OF 4 ENGLISH ROSE COASTERS,1636.5700000000018,1201.0,239,100,0.015342818035431213
22474,SPACEBOY TV DINNER TRAY,1636.2699999999995,303.0,132,70,0.015340005540144934
35953,FOLKART STAR CHRISTMAS DECORATIONS,1634.9200000000012,3582.0,131,81,0.015327349311356795
85034B,3 WHITE CHOC MORRIS BOXED CANDLES,1633.7799999999995,949.0,120,80,0.015316661829269005
22799,SWEETHEART WIRE FRUIT BOWL,1631.5800000000006,208.0,89,70,0.015296036863836463
23391, I LOVE LONDON MINI BACKPACK,1628.1699999999994,389.0,86,58,0.015264068167416
22445,PENCIL CASE LIFE IS BEAUTIFUL,1624.7600000000014,537.0,130,72,0.015232099470995566
22975,SPACEBOY CHILDRENS EGG CUP,1624.6300000000015,1204.0,186,110,0.015230880723038189
22473,TV DINNER TRAY VINTAGE PAISLEY,1623.0399999999995,503.0,112,58,0.015215974498021008
37495,FAIRY CAKE BIRTHDAY CANDLE SET,1622.2400000000002,440.0,92,75,0.015208474510590998
21706,FOLDING UMBRELLA RED/WHITE POLKADOT,1621.7599999999998,347.0,120,53,0.015203974518132981
22166,WALL MIRROR RECTANGLE DIAMANTE PINK,1614.3999999999994,207.0,87,13,0.01513497463377681
23217,LAUREL HEART ANTIQUE SILVER,1613.820000000001,1309.0,97,64,0.015129537142890063
23287,RED VINTAGE SPOT BEAKER,1613.5899999999986,1891.0,198,114,0.015127380896503909
21206,STRAWBERRY HONEYCOMB  GARLAND ,1610.9199999999983,1290.0,109,55,0.015102349688456218
85040A,S/4 PINK FLOWER CANDLES IN BOWL,1610.6199999999988,890.0,164,86,0.015099537193169968
22095,LADS ONLY TISSUE BOX,1610.410000000002,1650.0,143,72,0.015097568446469619
22671,FRENCH LAUNDRY SIGN BLUE METAL,1610.3499999999976,963.0,144,75,0.015097005947412328
22292,HANGING CHICK  YELLOW DECORATION,1608.8599999999997,1139.0,112,76,0.015083037220823938
22475,SKULL DESIGN TV DINNER TRAY,1605.6700000000017,316.0,138,49,0.015053131020946757
22948,METAL DECORATION NAUGHTY CHILDREN ,1604.9900000000023,1601.0,136,69,0.015046756031631246
22305,COFFEE MUG PINK PAISLEY DESIGN,1604.5799999999988,693.0,51,35,0.015042912288073331
21394,RED POLKADOT BEAKER ,1603.7700000000002,3865.0,131,88,0.015035318550800451
18097C,WHITE TALL PORCELAIN T-LIGHT HOLDER,1601.209999999999,699.0,69,43,0.01501131859102438
23226,FILIGREE HEART DAISY WHITE,1596.6700000000008,1247.0,98,56,0.014968756162359043
23244,ROUND STORAGE TIN VINTAGE LEAF,1593.5800000000029,864.0,103,80,0.014939787460910618
22398,MAGNETS PACK OF 4 SWALLOWS,1589.5100000000036,2576.0,248,167,0.014901631274860409
22449,SILK PURSE BABUSHKA PINK,1587.3000000000006,492.0,143,65,0.014880912559584954
21626,VINTAGE UNION JACK PENNANT,1586.750000000002,795.0,99,64,0.01487575631822683
15056n,EDWARDIAN PARASOL NATURAL,1585.2800000000013,127.0,84,0,0.014861975091324165
21967,PACK OF 12 SKULL TISSUES,1583.4100000000008,5275.0,232,129,0.014844443870706492
46000M,POLYESTER FILLER PAD 45x45cm,1582.549999999999,1021.0,137,92,0.014836381384219206
23369,SET 36 COLOUR PENCILS LOVE LONDON,1581.0600000000009,1105.0,126,80,0.014822412657630813
22676,FRENCH BLUE METAL DOOR SIGN 1,1580.8900000000017,1157.0,199,61,0.014820818910301941
22434,BALLOON PUMP WITH 10 BALLOONS,1580.16,798.0,124,94,0.014813975171772036
21528,DAIRY MAID TRADITIONAL TEAPOT ,1578.4200000000014,218.0,111,62,0.01479766269911176
84279P,CHERRY BLOSSOM  DECORATIVE FLASK,1576.9599999999996,380.0,126,79,0.014783975222051958
22208,WOOD STAMP SET THANK YOU,1576.4699999999984,1515.0,280,148,0.014779381479751061
22494,EMERGENCY FIRST AID TIN ,1573.5200000000038,1089.0,245,79,0.01475172527610292
22583,PACK OF 6 HANDBAG GIFT BOXES,1572.9499999999991,574.0,111,73,0.014746381535058988
21509,COWBOYS AND INDIANS BIRTHDAY CARD ,1572.2799999999954,3741.0,274,142,0.014740100295586311
85206A,CREAM FELT EASTER EGG BASKET,1572.230000000001,976.0,114,99,0.014739631546371987
23462,ROCOCO WALL MIRROR WHITE,1567.1400000000012,78.0,45,42,0.0146919128763485
22085,PAPER CHAIN KIT SKULLS ,1566.9900000000011,548.0,97,62,0.014690506628705371
21913,VINTAGE SEASIDE JIGSAW PUZZLES,1565.8300000000004,398.0,148,72,0.014679631646931837
85132A,CHARLIE + LOLA BISCUITS TINS,1565.6700000000003,547.0,110,38,0.014678131649445831
22313,OFFICE MUG WARMER PINK,1564.8300000000002,565.0,65,41,0.014670256662644314
21744,SNOWFLAKE PORTABLE TABLE LIGHT ,1563.5500000000015,531.0,127,66,0.014658256682756297
84971S,SMALL HEART FLOWERS HOOK ,1561.700000000001,1786.0,172,69,0.014640912961824373
22818,CARD CHRISTMAS VILLAGE,1560.4799999999975,3657.0,244,151,0.014629475480993564
22675,FRENCH KITCHEN SIGN BLUE METAL,1558.910000000001,1243.0,164,94,0.014614756755662185
20665,RED RETROSPOT PURSE ,1546.2700000000007,461.0,156,58,0.014496256954267895
20985,HEART CALCULATOR,1545.590000000001,1183.0,131,65,0.014489881964952381
22982,PANTRY PASTRY BRUSH,1545.0200000000025,1155.0,212,120,0.014484538223908508
22600,CHRISTMAS RETROSPOT STAR WOOD,1544.9300000000028,1700.0,193,120,0.014483694475322632
10133,COLOURING PENCILS BROWN TUBE,1544.2200000000007,2867.0,196,101,0.014477038236478473
22318,FIVE HEART HANGING DECORATION,1541.6200000000015,462.0,142,67,0.01445266327733092
21898,POTTING SHED ROSE CANDLE,1541.11,493.0,25,6,0.01444788203534427
22176,BLUE OWL SOFT TOY,1539.8300000000017,513.0,115,62,0.014435882055456256
22472,TV DINNER TRAY DOLLY GIRL,1536.91,322.0,107,58,0.014408507101336674
22731,3D CHRISTMAS STAMPS STICKERS ,1536.2400000000011,1172.0,143,85,0.014402225861864045
23267,SET OF 4 SANTA PLACE SETTINGS,1531.9500000000007,1202.0,108,79,0.014362007179270568
21200,MULTICOLOUR HONEYCOMB PAPER GARLAND,1531.1399999999996,1119.0,75,33,0.014354413441997664
22828,REGENCY MIRROR WITH SHUTTERS,1530.0,10.0,7,7,0.014343725959909893
84968E,SET OF 16 VINTAGE BLACK CUTLERY,1522.5300000000002,132.0,44,15,0.014273694827282097
85049C,ROMANTIC PINKS RIBBONS ,1518.1900000000005,1217.0,224,162,0.014233007395474251
22530,MAGIC DRAWING SLATE DOLLY GIRL ,1517.7199999999987,3631.0,233,143,0.014228601152859097
22770,MIRROR CORNICE,1515.6800000000014,94.0,62,44,0.014209476184912577
20668,DISCO BALL CHRISTMAS DECORATION,1512.9200000000033,12979.0,215,111,0.014183601228279032
21352,EUCALYPTUS & PINECONE  WREATH,1511.2600000000004,378.0,77,35,0.01416803875436172
22591,CARDHOLDER GINGHAM CHRISTMAS TREE,1509.410000000001,413.0,86,53,0.014150695033429805
22471,TV DINNER TRAY AIR HOSTESS ,1506.97,420.0,105,53,0.014127820071768242
21361,LOVE LARGE WOOD LETTERS ,1505.9600000000003,106.0,69,42,0.014118351337637846
22905,CALENDAR IN SEASON DESIGN,1505.2400000000014,582.0,110,50,0.014111601348950838
23250,VINTAGE RED TRIM ENAMEL BOWL ,1501.0299999999997,1155.0,108,63,0.014072132665100354
21792,CLASSIC FRENCH STYLE BASKET GREEN ,1497.7200000000003,344.0,76,58,0.014041101467108656
23280,FOLDING BUTTERFLY MIRROR HOT PINK ,1496.070000000002,1868.0,152,84,0.01402563274303426
22802,FAUX FUR CHOCOLATE THROW,1494.6900000000007,88.0,49,30,0.014012695264717469
23334,IVORY WICKER HEART SMALL,1491.7500000000011,2271.0,130,83,0.013985132810912154
72349B,SET/6 PURPLE BUTTERFLY T-LIGHTS,1490.8899999999996,731.0,114,51,0.013977070324424872
37342,POLKADOT COFFEE CUP & SAUCER PINK,1489.0100000000018,1570.0,109,50,0.01395944535396435
23559,WOODLAND BUNNIES LOLLY MAKERS,1488.6500000000017,652.0,124,69,0.01395607035962084
84580,MOUSE TOY WITH PINK T-SHIRT,1486.1800000000017,390.0,165,91,0.013932914148430658
23271,CHRISTMAS TABLE SILVER CANDLE SPIKE,1486.099999999999,1718.0,103,68,0.013932164149687632
23392,SPACEBOY ROCKET LOLLY MAKERS,1485.4300000000017,667.0,113,70,0.013925882910215015
35924,HANGING FAIRY CAKE DECORATION,1484.3000000000015,820.0,72,25,0.013915289177970113
21327,SKULLS WRITING SET ,1484.1300000000008,864.0,252,99,0.013913695430641228
21829,DINOSAUR KEYRINGS ASSORTED,1483.419999999996,6873.0,177,104,0.013907039191797041
22203,MILK PAN RED RETROSPOT,1483.1300000000008,403.0,145,75,0.013904320446353705
21619,4 VANILLA BOTANICAL CANDLES,1481.3999999999992,978.0,164,99,0.013888101723536276
21447,12 IVORY ROSE PEG PLACE SETTINGS,1478.1000000000004,969.0,148,56,0.013857164275387461
21470,FLOWER VINE RAFFIA FOOD COVER,1477.82,383.0,140,77,0.013854539279786951
22664,TOY TIDY DOLLY GIRL DESIGN,1472.850000000002,713.0,162,62,0.013807945607877983
23034,DRAWER KNOB CERAMIC BLACK,1466.0700000000008,991.0,88,57,0.013744383214408566
23365,SET 12 COLOUR PENCILS LOVE LONDON,1464.3800000000006,1859.0,169,107,0.01372853949096265
22713,CARD I LOVE LONDON ,1462.559999999997,3501.0,217,109,0.013711477019559326
21705,BAG 500g SWIRLY MARBLES,1462.1699999999973,1459.0,141,89,0.013707820775687194
84818,DANISH ROSE PHOTO FRAME,1461.6000000000006,1424.0,99,79,0.013702477034643336
23470,CARD HOLDER LOVE BIRD LARGE ,1460.5000000000002,232.0,84,70,0.013692164551927058
21872,GLAMOROUS  MUG,1459.9799999999996,1296.0,142,81,0.01368728956009754
15044A,PINK PAPER PARASOL ,1456.720000000001,464.0,102,53,0.01365672711132023
22939,APRON APPLE DELIGHT,1456.69,287.0,80,52,0.013656445861791596
22696,WICKER WREATH LARGE,1456.4500000000023,731.0,151,108,0.01365419586556261
22461,SAVOY ART DECO CLOCK,1453.5800000000013,239.0,53,35,0.013627289660657411
21620,SET OF 4 ROSE BOTANICAL CANDLES,1451.9899999999993,897.0,165,97,0.013612383435640231
21191,LARGE WHITE HONEYCOMB PAPER BELL  ,1451.8200000000013,562.0,95,38,0.013610789688311371
23086,ZINC  STAR T-LIGHT HOLDER ,1445.18,1220.0,46,30,0.013548539792642209
84031B,CHARLIE LOLA BLUE HOT WATER BOTTLE ,1440.3700000000033,304.0,143,29,0.013503446118219253
85054,FRENCH ENAMEL POT W LID,1436.5300000000013,589.0,115,66,0.013467446178555147
23057,BEADED CHANDELIER T-LIGHT HOLDER,1435.8200000000002,698.0,38,31,0.013460789939710996
22182,CAKE STAND VICTORIAN FILIGREE SMALL,1430.4799999999993,374.0,122,30,0.013410727523615617
15058C,ICE CREAM DESIGN GARDEN PARASOL,1429.8199999999995,240.0,72,26,0.013404540033985852
22306,SILVER MUG BONE CHINA TREE OF LIFE,1428.5699999999993,1174.0,111,85,0.013392821303626448
23249,VINTAGE RED ENAMEL TRIM PLATE,1426.0999999999995,842.0,80,56,0.013369665092436266
22922,FRIDGE MAGNETS US DINER ASSORTED,1422.9000000000017,1587.0,102,73,0.013339665142716214
22458,CAST IRON HOOK GARDEN FORK,1421.83,523.0,23,12,0.01332963390952855
21407,BROWN CHECK CAT DOORSTOP ,1421.1099999999997,290.0,138,79,0.013322883920841529
22285,HANGING HEN ON NEST DECORATION,1420.4699999999982,829.0,114,72,0.013316883930897501
22976,CIRCUS PARADE CHILDRENS EGG CUP ,1420.2600000000002,1091.0,143,77,0.013314915184197142
22714,CARD BIRTHDAY COWBOY,1415.7299999999982,3487.0,225,125,0.013272446505374643
22576,SWALLOW WOODEN CHRISTMAS DECORATION,1415.310000000002,1539.0,173,102,0.013268509011973921
51014C,"FEATHER PEN,COAL BLACK",1415.0900000000001,2711.0,174,71,0.013266446515430646
21363,HOME SMALL WOOD LETTERS,1413.8400000000017,245.0,125,67,0.013254727785071257
22531,MAGIC DRAWING SLATE CIRCUS PARADE  ,1413.249999999999,3384.0,200,127,0.013249196544341596
82567,"AIRLINE LOUNGE,METAL SIGN",1412.270000000002,713.0,291,86,0.01324000905973985
22436,12 COLOURED PARTY BALLOONS,1412.16,2155.0,163,105,0.013238977811468204
84536A,ENGLISH ROSE NOTEBOOK A7 SIZE,1409.9000000000017,3138.0,341,140,0.013217790346978418
22915,ASSORTED BOTTLE TOP  MAGNETS ,1406.4199999999987,3152.0,184,110,0.013185165401657812
23119,PACK OF 6 LARGE FRUIT STRAWS ,1402.3200000000031,2283.0,151,97,0.013146727966079009
23055,IVORY CHANDELIER T-LIGHT HOLDER,1401.43,658.0,38,33,0.013138384230063086
21424,WOODLAND STORAGE BOX LARGE ,1401.0200000000011,346.0,70,19,0.01313454048650521
22443,GROW YOUR OWN HERBS SET OF 3,1399.6900000000003,165.0,90,60,0.013122071757402798
22047,EMPIRE GIFT WRAP,1394.5,3425.0,106,93,0.013073415588950551
84813,SET OF 4 DIAMOND NAPKIN RINGS,1393.79,166.0,38,20,0.01306675935010641
21537,RED RETROSPOT PUDDING BOWL,1392.21,333.0,61,50,0.013051946874932123
84795B,SUNSET CHECK HAMMOCK,1390.6400000000006,176.0,48,33,0.013037228149600719
23376,PACK OF 12 VINTAGE CHRISTMAS TISSUE,1389.5899999999979,3051.0,155,104,0.013027384416098794
21519,GIN & TONIC DIET GREETING CARD ,1389.2199999999968,3299.0,246,100,0.013023915671912401
21382,SET/4 SPRING FLOWER DECORATION,1389.0799999999995,1148.0,128,64,0.013022603174112172
22677,FRENCH BLUE METAL DOOR SIGN 2,1389.0700000000008,1001.0,188,59,0.01302250942426931
22063,CERAMIC BOWL WITH STRAWBERRY DESIGN,1388.1000000000008,590.0,120,56,0.013013415689510413
22071,SMALL WHITE RETROSPOT MUG IN BOX ,1388.0500000000002,730.0,86,64,0.013012946940296031
22735,RIBBON REEL SOCKS AND MITTENS,1387.4599999999996,746.0,136,73,0.013007415699566389
22299,PIG KEYRING WITH LIGHT & SOUND ,1386.9700000000005,1379.0,80,38,0.013002821957265508
21071,VINTAGE BILLBOARD DRINK ME MUG,1385.2800000000009,995.0,177,72,0.0129869782338196
22363,GLASS JAR MARMALADE ,1383.7500000000014,481.0,81,46,0.012972634507859696
21123,SET/10 IVORY POLKADOT PARTY CANDLES,1383.3399999999997,1145.0,154,66,0.012968790764301795
22609,PENS ASSORTED SPACEBALL,1381.7799999999984,5946.0,155,89,0.012954165788813246
23104,IVORY CAFE HANGING LAMP ,1380.42,116.0,45,37,0.01294141581018223
21820,GLITTER HEART GARLAND WITH BELLS ,1379.72,332.0,90,49,0.012934853321180963
23414,ZINC BOX SIGN HOME,1378.7500000000007,141.0,64,58,0.012925759586422073
23546,WRAP PAISLEY PARK ,1375.5,3275.0,120,106,0.012895290887487618
23536,WALL ART VILLAGE SHOW ,1369.7099999999998,240.0,67,53,0.01284100972846286
23000,TRAVEL CARD WALLET TRANSPORT,1369.1199999999992,3171.0,278,125,0.012835478487733214
85227,SET OF 6 3D KIT CARDS FOR KIDS,1368.7500000000025,1488.0,223,115,0.012832009743546861
22304,COFFEE MUG BLUE PAISLEY DESIGN,1368.1799999999998,767.0,61,38,0.012826666002502948
22716,CARD CIRCUS PARADE,1365.9499999999948,3213.0,288,167,0.012805759787541728
22949,36 DOILIES DOLLY GIRL,1365.2900000000016,923.0,90,71,0.012799572297912025
23221,REINDEER HEART DECORATION SILVER,1363.870000000001,1537.0,145,85,0.012786259820223737
85232B,SET OF 3 BABUSHKA STACKING TINS,1361.25,275.0,13,7,0.012761697361390417
22911,PAPER CHAIN KIT LONDON,1361.0400000000006,464.0,94,68,0.012759728614690043
23469,CARD HOLDER LOVE BIRD SMALL,1355.2399999999998,332.0,72,61,0.012705353705822403
21039,RED RETROSPOT SHOPPING BAG,1353.6899999999982,523.0,90,57,0.012690822480176731
22754,SMALL RED BABUSHKA NOTEBOOK ,1352.170000000003,1953.0,266,120,0.012676572504059739
21686,MEDINA STAMPED METAL STOOL,1351.6400000000003,35.0,20,6,0.012671603762387329
21615,4 LAVENDER BOTANICAL DINNER CANDLES,1349.1699999999994,892.0,135,86,0.012648447551197135
22421,LIPSTICK PEN FUSCHIA,1347.5200000000004,2598.0,213,80,0.012632978827122734
22399,MAGNETS PACK OF 4 CHILDHOOD MEMORY,1347.0800000000004,1152.0,98,71,0.012628853834036223
21987,PACK OF 6 SKULL PAPER CUPS,1346.6499999999978,2113.0,171,106,0.012624822590792565
22917,HERB MARKER ROSEMARY,1344.7699999999993,1944.0,240,132,0.012607197620332036
22073,RED RETROSPOT STORAGE JAR,1343.6400000000008,336.0,69,38,0.012596603888087149
22912,YELLOW COAT RACK PARIS FASHION,1342.3900000000003,287.0,100,74,0.012584885157727741
22293,HANGING CHICK GREEN DECORATION,1341.6699999999992,907.0,122,63,0.012578135169040713
84828,JUNGLE POPSICLES ICE LOLLY MOULDS,1341.370000000001,962.0,153,74,0.012575322673754474
23232,WRAP VINTAGE PETALS  DESIGN,1338.0,3300.0,104,95,0.012543728976705512
21624,VINTAGE UNION JACK DOORSTOP,1337.5100000000014,217.0,95,72,0.012539135234404638
21246,RED RETROSPOT BIG BOWL,1336.7800000000016,286.0,96,33,0.01253229149587475
23538,WALL ART VINTAGE HEART,1334.4900000000011,332.0,32,25,0.012510822781856319
72802A,ROSE SCENT CANDLE IN JEWELLED BOX,1334.1599999999996,324.0,63,44,0.01250772903704142
22650,CERAMIC PIRATE CHEST MONEY BANK,1333.7499999999995,860.0,143,78,0.012503885293483537
22742,MAKE YOUR OWN PLAYTIME CARD KIT,1333.2100000000014,643.0,101,77,0.012498822801968292
22362,GLASS JAR PEACOCK BATH SALTS,1329.4400000000014,408.0,133,62,0.012463479111204332
23040,PAPER LANTERN 9 POINT SNOW STAR ,1325.0300000000004,241.0,37,30,0.012422135430496344
85183B,CHARLIE & LOLA WASTEPAPER BIN FLORA,1323.37,996.0,118,84,0.012406572956579053
23405,HOME SWEET HOME 2 DRAWER CABINET,1321.3799999999992,254.0,70,54,0.012387916737846878
22916,HERB MARKER THYME,1316.16,1908.0,237,130,0.012338979319866016
21179,NO JUNK MAIL METAL SIGN,1315.429999999998,1942.0,266,122,0.012332135581336105
23373,VINTAGE CHRISTMAS PAPER GIFT BAG,1313.3900000000017,1608.0,100,86,0.012313010613389592
37447,CERAMIC CAKE DESIGN SPOTTED PLATE,1313.280000000001,820.0,115,51,0.012311979365117959
90057,DIAMANTE RING ASSORTED IN BOX.,1311.3600000000001,1008.0,22,21,0.012293979395285908
22028,PENNY FARTHING BIRTHDAY CARD,1309.1799999999976,3054.0,262,124,0.012273541929539082
21195,PINK  HONEYCOMB PAPER BALL ,1308.5600000000004,693.0,80,21,0.012267729439280846
22686,FRENCH BLUE METAL DOOR SIGN No,1308.3800000000006,993.0,158,39,0.012266041942109092
85199S,SMALL HANGING IVORY/RED WOOD BIRD,1305.2500000000007,2667.0,261,101,0.012236698241289146
21064,BOOM BOX SPEAKER BOYS,1301.5500000000004,301.0,101,40,0.01220201079942531
21627,ELEPHANT CARNIVAL POUFFE,1299.83,63.0,47,14,0.012185885826450766
22439,6 ROCKET BALLOONS ,1297.1200000000006,1904.0,197,116,0.012160479619031586
21793,CLASSIC FRENCH STYLE BASKET BROWN,1296.6100000000008,304.0,74,57,0.012155698377044952
22310,IVORY KNITTED MUG COSY ,1296.2299999999996,668.0,109,29,0.012152135883015681
21866,UNION JACK FLAG LUGGAGE TAG,1296.1300000000008,750.0,193,79,0.01215119838458694
21408,SPOTTY PINK DUCK DOORSTOP,1295.2099999999996,289.0,117,50,0.012142573399042407
21422,PORCELAIN ROSE SMALL,1295.0000000000005,1607.0,63,32,0.012140604652342037
22372,AIRLINE BAG VINTAGE WORLD CHAMPION ,1289.4899999999993,279.0,147,81,0.012088948488917775
21616,4 PEAR BOTANICAL DINNER CANDLES,1288.3399999999995,822.0,138,84,0.012078167256987125
84012,MAGIC SHEEP WOOL GROWING FROM PAPER,1283.99,1265.0,115,78,0.012037386075336406
21901,"KEY FOB , BACK DOOR ",1280.4900000000025,1832.0,308,143,0.0120045736303301
23061,VINTAGE EMBOSSED HEART,1280.1800000000003,973.0,113,72,0.012001667385200946
22918,HERB MARKER PARSLEY,1278.599999999999,1874.0,238,130,0.01198685491002665
21090,SET/6 COLLAGE PAPER PLATES,1278.230000000001,2421.0,217,98,0.011983386165840283
47480,HANGING PHOTO CLIP ROPE LADDER,1277.4699999999984,748.0,86,29,0.011976261177781743
23072,MARIE ANTOINETTE TRINKET BOX SILVER,1273.76,334.0,30,21,0.011941479986075048
85059,FRENCH ENAMEL WATER BASIN,1273.110000000001,411.0,128,62,0.011935386246288168
21211,SET OF 72 SKULL PAPER  DOILIES,1271.5200000000004,884.0,103,58,0.011920480021271001
21902,"KEY FOB , FRONT  DOOR ",1270.8200000000018,1975.0,210,114,0.011913917532269747
21897,POTTING SHED CANDLE CITRONELLA,1268.1899999999998,405.0,3,1,0.011889261323593544
47503A,ASS FLORAL PRINT MULTI SCREWDRIVER,1264.2000000000003,2758.0,163,123,0.01185185513628633
23511,EMBROIDERED RIBBON REEL EMILY ,1256.1700000000014,573.0,98,83,0.011776574012457535
22572,ROCKING HORSE GREEN CHRISTMAS ,1255.720000000002,1393.0,179,114,0.011772355269528157
22977,DOLLY GIRL CHILDRENS EGG CUP,1253.8600000000006,951.0,135,98,0.01175491779875335
23237,SET OF 4 KNICK KNACK TINS LEAVES ,1253.78,306.0,54,51,0.011754167800010342
23067,HANGING ENGRAVED METAL HEART,1249.1100000000006,297.0,78,63,0.011710386623387617
71038,WHITE HANGING BEADS CANDLE HOLDER,1244.9500000000005,239.0,47,34,0.01167138668875152
23071,MARIE ANTOINETTE TRINKET BOX GOLD,1242.6,318.0,18,15,0.011649355475675836
21262,WHITE GOOSE FEATHER CHRISTMAS TREE ,1242.0600000000015,335.0,78,43,0.011644292984160589
22074,6 RIBBONS SHIMMERING PINKS ,1241.3199999999995,1403.0,199,61,0.011637355495787803
22442,GROW YOUR OWN FLOWERS SET OF 3,1241.3000000000006,296.0,78,68,0.011637167996102064
23138,SINGLE WIRE HOOK IVORY HEART,1238.7600000000004,884.0,82,60,0.011613355536011753
21175,GIN AND TONIC DIET METAL SIGN,1237.5,498.0,50,34,0.01160154305580947
22603,CHRISTMAS RETROSPOT TREE WOOD,1237.0800000000017,1389.0,171,111,0.011597605562408728
22338,STAR DECORATION PAINTED ZINC ,1234.6699999999998,4683.0,180,94,0.01157501185027578
72817,SET OF 2 CHRISTMAS DECOUPAGE CANDLE,1232.2700000000002,1212.0,161,74,0.011552511887985728
22919,HERB MARKER MINT,1224.459999999999,1757.0,240,132,0.011479293260700163
22613,PACK OF 20 SPACEBOY NAPKINS,1222.610000000001,1538.0,145,82,0.011461949539768266
22575,METAL MERRY CHRISTMAS WREATH,1222.0700000000002,639.0,90,61,0.011456887048252996
22315,200 RED + WHITE BENDY STRAWS,1221.4300000000003,918.0,172,90,0.011450887058308983
23142,IVORY WIRE KITCHEN ORGANISER,1220.8200000000004,121.0,40,34,0.011445168317893594
82578,KITCHEN METAL SIGN,1218.9499999999991,2060.0,305,142,0.011427637097275914
23598,PAPER BUNTING VINTAGE PARTY,1218.4800000000005,428.0,47,40,0.011423230854660791
82599,FANNY'S REST STOPMETAL SIGN,1217.7300000000012,508.0,141,67,0.011416199616445155
22711,WRAP CIRCUS PARADE,1213.34,2927.0,103,89,0.01137504343542292
72800E,4 IVORY DINNER CANDLES SILVER FLOCK,1213.2899999999986,541.0,136,62,0.011374574686208531
22589,CARDHOLDER GINGHAM STAR,1212.8200000000008,379.0,79,46,0.011370168443593415
21846,PINK DIAMANTE PEN IN GIFT BOX,1206.9699999999998,424.0,103,12,0.011315324785511397
22168,ORGANISER WOOD ANTIQUE WHITE ,1205.3,143.0,76,69,0.011299668561751236
84884A,ANT WHITE WIRE HEART SPIRAL,1201.9100000000003,301.0,78,52,0.011267887365016537
23026,DRAWER KNOB VINTAGE GLASS STAR,1201.0400000000006,557.0,62,43,0.011259731128686395
23444,Next Day Carriage,1200.0,79.0,79,63,0.011249981145027366
22929,SCHOOL DESK AND CHAIR ,1199.75,19.0,13,13,0.011247637398955485
21986,PACK OF 12 PINK POLKADOT TISSUES,1197.7300000000005,4067.0,189,118,0.011228699930694693
21899,"KEY FOB , GARAGE DESIGN",1193.46,1904.0,131,89,0.011188668747786967
22081,RIBBON REEL FLORA + FAUNA ,1192.9999999999995,654.0,138,74,0.011184356255014702
22453,MEASURING TAPE BABUSHKA BLUE,1191.6900000000005,444.0,78,38,0.011172075025598057
22755,SMALL PURPLE BABUSHKA NOTEBOOK ,1190.5100000000023,1690.0,251,110,0.011161012544138796
21070,VINTAGE BILLBOARD MUG ,1186.2300000000002,1107.0,107,51,0.011120887611388179
22921,HERB MARKER CHIVES ,1184.119999999999,1721.0,209,116,0.011101106394541493
23539,WALL ART LOVES' SECRET ,1180.35,239.0,39,31,0.011065762703777541
22597,MUSICAL ZINC HEART DECORATION ,1179.88,2764.0,176,90,0.011061356461162408
23225,CHERUB HEART DECORATION SILVER ,1177.0000000000005,1356.0,88,46,0.011034356506414345
21628,TRIANGULAR POUFFE VINTAGE ,1176.6000000000001,64.0,33,14,0.011030606512699333
23431,NATURAL HANGING QUILTED HEARTS ,1175.3800000000015,1454.0,72,63,0.011019169031868567
85039B,S/4 IVORY MINI ROSE CANDLE IN BOWL,1174.63,806.0,172,38,0.011012137793652912
20984,12 PENCILS TALL TUBE POSY,1173.9000000000003,3812.0,170,135,0.011005294055123023
21742,LARGE ROUND WICKER PLATTER ,1173.5300000000007,195.0,91,75,0.011001825310936644
21065,BOOM BOX SPEAKER GIRLS,1172.4800000000014,564.0,90,31,0.010991981577434752
22924,FRIDGE MAGNETS LA VIE EN ROSE,1169.9000000000012,1313.0,87,63,0.010967794117972942
22757,LARGE RED BABUSHKA NOTEBOOK ,1168.9900000000014,1097.0,163,81,0.010959262882271297
23418,LAVENDER TOILETTE BOTTLE,1168.0800000000002,558.0,79,55,0.010950731646569638
84313C,ORANGE TV TRAY TABLE ,1165.91,504.0,43,17,0.010930387930665714
23508,MINI PLAYING CARDS DOLLY GIRL ,1165.1299999999994,2631.0,120,95,0.01092307544292144
23515,EMBROIDERED RIBBON REEL DAISY ,1164.980000000001,579.0,71,58,0.010921669195278327
23269,SET OF 2 CERAMIC CHRISTMAS TREES,1163.1300000000015,786.0,94,63,0.010904325474346414
22334,DINOSAUR PARTY BAG + STICKER SET,1160.7100000000005,707.0,101,77,0.010881638012370598
22680,FRENCH BLUE METAL DOOR SIGN 5,1160.2900000000006,844.0,153,61,0.010877700518969842
22708,WRAP DOLLY GIRL,1160.0,2800.0,100,79,0.010874981773526454
23566,EGG CUP MILKMAID HEIDI,1159.4300000000005,883.0,83,44,0.01086963803248257
20801,LARGE PINK GLASS SUNDAE DISH,1157.8000000000004,1013.0,81,47,0.010854356808093907
23507,MINI PLAYING CARDS BUFFALO BILL ,1156.5099999999993,2884.0,119,91,0.010842263078362991
85132B,CHARLIE AND LOLA TABLE TINS,1156.17,529.0,75,44,0.010839075583705242
21773,DECORATIVE ROSE BATHROOM BOTTLE,1154.1700000000014,1170.0,163,50,0.01082032561513021
22678,FRENCH BLUE METAL DOOR SIGN 3,1152.8100000000004,844.0,160,59,0.01080757563649917
21774,DECORATIVE CATS BATHROOM BOTTLE,1152.4000000000017,1095.0,186,39,0.010803731892941296
22325,MOBILE VINTAGE HEARTS ,1151.3000000000009,250.0,93,49,0.010793419410225012
20956,PORCELAIN T-LIGHT HOLDERS ASSORTED,1149.0200000000002,824.0,101,51,0.010772044446049456
85106,CUT GLASS HEXAGON T-LIGHT HOLDER,1147.41,651.0,20,9,0.010756950721346543
22320,BIRDS MOBILE VINTAGE DESIGN,1147.2700000000004,189.0,73,56,0.010755638223546292
22497,SET OF 2 TINS VINTAGE BATHROOM ,1145.1499999999996,225.0,100,50,0.010735763256856736
21043,APRON MODERN VINTAGE COTTON,1143.76,494.0,90,52,0.010722732028697083
21693,SMALL HAMMERED SILVER CANDLEPOT ,1143.310000000001,373.0,50,40,0.010718513285767707
21947,SET OF 6 HEART CHOPSTICKS,1142.1500000000012,813.0,152,62,0.010707638303994184
22376,AIRLINE BAG VINTAGE JET SET WHITE,1141.6999999999998,254.0,122,66,0.010703419561064784
21395,BLUE POLKADOT BEAKER ,1141.4,2844.0,90,63,0.01070060706577853
22923,FRIDGE MAGNETS LES ENFANTS ASSORTED,1140.970000000001,1372.0,80,64,0.010696575822534903
23506,MINI PLAYING CARDS SPACEBOY ,1139.1999999999994,2747.0,146,114,0.010679982100345974
22581,WOOD STOCKING CHRISTMAS SCANDISPOT,1138.9800000000005,1571.0,177,83,0.01067791960380273
22094,RED RETROSPOT TISSUE BOX,1138.1999999999996,2172.0,200,117,0.010670607116058453
84912B,GREEN ROSE WASHBAG,1136.5999999999992,324.0,160,32,0.010655607141198413
22416,SET OF 36 DOILIES SPACEBOY DESIGN ,1135.4000000000005,817.0,68,47,0.010644357160053398
22446,PIN CUSHION BABUSHKA PINK,1135.1800000000003,439.0,133,25,0.010642294663510141
85159B,"WHITE TEA,COFFEE,SUGAR JARS",1134.5,622.0,59,45,0.010635919674194623
22155,STAR DECORATION RUSTIC,1134.4500000000007,2454.0,142,67,0.010635450924980253
22153,ANGEL DECORATION STARS ON DRESS,1134.250000000001,2653.0,131,61,0.01063357592812275
22539,MINI JIGSAW DOLLY GIRL,1130.5799999999997,2921.0,136,74,0.01059916973578753
85087,CANDY SPOT CUSHION COVER,1129.9899999999989,339.0,125,7,0.010593638495057883
47585A,PINK FAIRY CAKE CUSHION COVER,1129.44,264.0,83,23,0.010588482253699757
21830,ASSORTED CREEPY CRAWLIES,1127.2300000000002,2669.0,99,63,0.010567763538424334
22211,WOOD STAMP SET FLOWERS,1124.040000000001,1009.0,196,101,0.010537857338547143
22815,CARD PSYCHEDELIC APPLES,1123.879999999998,2640.0,268,79,0.010536357341061113
84944,SET OF 6 KASHMIR FOLKART BAUBLES,1121.91,711.0,83,62,0.01051788862201471
47580,TEA TIME DES TEA COSY,1121.819999999999,390.0,110,55,0.010517044873428824
22608,PENS ASSORTED FUNKY JEWELED ,1121.4799999999993,5247.0,144,63,0.010513857378771068
21809,CHRISTMAS HANGING TREE WITH BELL,1119.5600000000013,1966.0,117,72,0.010495857408939043
23510,MINI PLAYING CARDS GYMKHANA,1119.2199999999993,2522.0,120,90,0.010492669914281267
22060,LARGE CAKE STAND HANGING HEARTS,1118.9500000000003,233.0,34,31,0.010490138668523644
23411, TRELLIS COAT RACK,1118.6100000000008,227.0,56,42,0.010486951173865892
21984,PACK OF 12 PINK PAISLEY TISSUES ,1116.9499999999998,3473.0,212,123,0.010471388699948594
21466,RED FLOWER CROCHET FOOD COVER,1116.8899999999999,304.0,112,71,0.010470826200891344
22997,TRAVEL CARD WALLET UNION JACK,1115.9300000000003,2595.0,222,101,0.010461826215975327
22817,CARD SUKI BIRTHDAY,1114.8099999999974,2639.0,290,79,0.010451326233573274
23513,EMBROIDERED RIBBON REEL SUSIE ,1114.2600000000007,566.0,70,59,0.010446169992215166
22758,LARGE PURPLE BABUSHKA NOTEBOOK  ,1112.7500000000002,1197.0,178,85,0.010432013765941002
22342,HOME GARLAND PAINTED ZINC ,1111.5799999999992,997.0,128,49,0.010421045034324592
23375,50'S CHRISTMAS PAPER GIFT BAG,1108.890000000002,1352.0,103,85,0.010395826326591182
23433,HANGING QUILTED PATCHWORK APPLES,1108.5800000000004,1258.0,89,76,0.010392920081462035
22444,GROW YOUR OWN PLANT IN A CAN ,1107.87,839.0,57,29,0.010386263842617888
85116,BLACK CANDELABRA T-LIGHT HOLDER,1106.8800000000003,941.0,89,30,0.010376982608173246
85127,SMALL SQUARE CUT GLASS CANDLESTICK,1106.54,187.0,51,17,0.010373795113515483
22984,CARD GINGHAM ROSE ,1106.1699999999978,2717.0,163,91,0.01037032636932908
85114A,BLACK ENCHANTED FOREST PLACEMAT,1105.21,649.0,56,20,0.01036132638441308
85036C,ROSE 1 WICK MORRIS BOXED CANDLE,1104.8600000000001,758.0,84,66,0.010358045139912446
22819,"BIRTHDAY CARD, RETRO SPOT",1104.8099999999977,2608.0,270,94,0.010357576390698047
22221,CAKE STAND LOVEBIRD 2 TIER PINK,1104.5400000000002,131.0,51,37,0.01035504514494044
21824,PAINTED METAL STAR WITH HOLLY BELLS,1102.8100000000002,1917.0,117,63,0.010338826422123026
21688,SILVER PLATE CANDLE BOWL SMALL,1101.2800000000004,348.0,57,36,0.01032448269616312
22309,TEA COSY RED  STRIPE,1093.5999999999997,370.0,121,48,0.010252482816834937
23087,ZINC  HEART T-LIGHT HOLDER,1090.6600000000003,868.0,69,43,0.010224920363029626
23432,PRETTY HANGING QUILTED HEARTS,1090.0200000000007,1278.0,74,65,0.010218920373085614
21818,GLITTER HEART DECORATION,1088.9799999999989,2470.0,142,104,0.010209170389426573
15056bl,EDWARDIAN PARASOL BLACK,1086.8799999999999,87.0,62,0,0.010189482922422785
23102,SILVER HEARTS TABLE DECORATION,1086.650000000001,1288.0,157,128,0.010187326676036664
21469,POLKA DOT RAFFIA FOOD COVER,1085.3200000000002,290.0,89,57,0.010174857946934252
21991,BOHEMIAN COLLAGE STATIONERY SET,1080.8200000000006,635.0,211,80,0.010132670517640403
21224,SET/4 SKULL BADGES,1080.0000000000011,914.0,165,58,0.010124983030524639
84459B,YELLOW METAL CHICKEN HEART ,1079.6700000000008,721.0,91,54,0.010121889285709753
51014L,"FEATHER PEN,LIGHT PINK",1079.3399999999995,2071.0,149,72,0.010118795540894858
23347,I LOVE LONDON BEAKER,1077.3000000000004,860.0,97,51,0.010099670572948322
22611,VINTAGE UNION JACK SHOPPING BAG,1077.0300000000007,225.0,46,36,0.010097139327190693
22245,"HOOK, 1 HANGER ,MAGIC GARDEN",1070.8500000000001,1263.0,98,44,0.010039201924293797
23041,PAPER LANTERN 9 POINT SNOW STAR,1070.5800000000004,246.0,48,40,0.010036670678536167
21288,STRIPEY CHOCOLATE NESTING BOXES,1070.2599999999998,358.0,110,33,0.010033670683564155
22123,PING MICROWAVE APRON,1069.1699999999996,509.0,122,59,0.010023451950690753
35648,VINTAGE BEAD PINK PURSE ,1068.32,981.0,128,40,0.010015483214046363
21819,GLITTER CHRISTMAS STAR ,1067.8199999999988,2473.0,124,95,0.01001079572190259
82001S,SILVER RECORD COVER FRAME,1067.7600000000002,287.0,26,13,0.010010233222845352
23033,DRAWER KNOB CERAMIC RED,1067.6000000000004,720.0,74,42,0.01000873322535935
21391,FRENCH LAVENDER SCENT HEART,1064.4399999999998,1079.0,106,69,0.009979108275010773
23516,EMBROIDERED RIBBON REEL SOPHIE  ,1062.35,297.0,42,39,0.00995951455784985
23331,DECORATIVE WICKER HEART SMALL,1062.279999999999,1596.0,109,67,0.009958858308949716
22995,TRAVEL CARD WALLET SUKI,1062.000000000001,2389.0,266,90,0.009956233313349227
20931,BLUE POT PLANT CANDLE ,1060.9000000000003,299.0,68,35,0.009945920830632947
84459A,PINK METAL CHICKEN HEART ,1059.6700000000003,717.0,91,50,0.009934389599959294
22438,BALLOON ART MAKE YOUR OWN FLOWERS,1058.6899999999998,1022.0,98,66,0.009925202115357516
85035B,CHOCOLATE 3 WICK MORRIS BOX CANDLE,1058.35,620.0,70,38,0.00992201462069976
22190,LOCAL CAFE MUG,1057.7100000000005,676.0,116,38,0.00991601463075575
23402,HOME SWEET HOME 3 PEG HANGER ,1057.2800000000004,272.0,64,44,0.009911983387512115
23529,DOLLY GIRL WALL ART,1055.94,318.0,11,10,0.009899420908566832
21464,DISCO BALL ROTATOR BATTERY OPERATED,1055.25,249.0,105,57,0.00989295216940844
21949,SET OF 6 STRAWBERRY CHOPSTICKS,1054.4400000000007,801.0,144,46,0.009885358432135553
22152,PLACE SETTING WHITE STAR,1053.5000000000002,2408.0,105,70,0.009876545946905277
16016,LARGE CHINESE STYLE SCISSOR,1053.45,1273.0,65,41,0.009876077197690899
23327,HANGING CLEAR MINI BOTTLE,1051.1399999999999,1734.0,41,33,0.00985442098398672
22066,LOVE HEART TRINKET POT,1051.049999999999,2255.0,135,99,0.009853577235400835
16237,SLEEPING CAT ERASERS,1048.5599999999977,4994.0,290,109,0.00983023352452489
21508,VINTAGE KID DOLLY CARD ,1046.979999999999,2490.0,213,108,0.009815421049350619
23419,HOME SWEET HOME BOTTLE ,1045.8000000000006,474.0,86,56,0.009804358567891355
23542,70'S ALPHABET WALL ART,1043.1,150.0,15,14,0.009779046110315036
22163,HEART STRING MEMO HOLDER HANGING,1042.7799999999995,875.0,122,41,0.009776046115343027
85180A,RED HEARTS LIGHT CHAIN ,1042.6599999999999,503.0,63,32,0.009774921117228526
23231,WRAP  VINTAGE DOILY ,1039.08,2474.0,94,80,0.009741358673479195
22808,SET OF 6 T-LIGHTS EASTER CHICKS,1038.8700000000001,345.0,75,51,0.009739389926778818
79302M,"ART LIGHTS,FUNK MONKEY",1037.5400000000002,370.0,62,26,0.009726921197676413
21821,GLITTER STAR GARLAND WITH BELLS ,1037.0500000000002,251.0,62,35,0.009722327455375527
22402,MAGNETS PACK OF 4 VINTAGE COLLAGE,1035.5799999999974,1723.0,151,107,0.009708546228472843
22024,RAINY LADIES BIRTHDAY CARD,1033.809999999999,2430.0,213,90,0.009691952506283942
23088,ZINC HEART FLOWER T-LIGHT HOLDER,1033.2800000000002,795.0,79,52,0.009686983764611566
22091,EMPIRE TISSUE BOX,1033.2199999999987,1991.0,167,97,0.0096864212655543
21788,KIDS RAIN MAC BLUE,1032.6399999999996,1297.0,85,59,0.009680983774667546
22860,EASTER TIN CHICKS PINK DAISY,1032.6199999999983,598.0,107,82,0.009680796274981782
20967,GREY FLORAL FELTCRAFT SHOULDER BAG,1031.69,266.0,83,63,0.009672077539594403
21803,CHRISTMAS TREE STAR DECORATION,1031.5599999999995,2390.0,198,46,0.009670858791637019
22231,JIGSAW TREE WITH BIRDHOUSE,1029.7600000000002,1000.0,144,93,0.009653983819919486
21679,SKULLS  STICKERS,1028.5800000000006,1140.0,138,67,0.009642921338460212
15044C,PURPLE PAPER PARASOL,1025.940000000001,314.0,88,43,0.009618171379941155
22614,PACK OF 12 SPACEBOY TISSUES,1024.9,3034.0,219,132,0.009608421396282124
22679,FRENCH BLUE METAL DOOR SIGN 4,1024.2800000000007,741.0,152,54,0.009602608906023864
20966,SANDWICH BATH SPONGE,1022.8000000000005,719.0,97,28,0.00958873392927833
21188,3D HEARTS  HONEYCOMB PAPER GARLAND,1021.8999999999999,326.0,50,27,0.009580296443419553
23452,HEART MINI PORTRAIT FRAME,1021.7600000000008,518.0,87,69,0.00957898394561931
23153,ZINC SWEETHEART WIRE LETTER RACK,1020.6900000000002,263.0,90,67,0.009568952712431652
22673,FRENCH GARDEN SIGN BLUE METAL,1019.8300000000004,794.0,131,85,0.009560890225944385
22459,CAST IRON HOOK GARDEN TROWEL,1018.1899999999999,386.0,25,12,0.009545515251712844
23544,WALL ART MID CENTURY MODERN ,1015.7800000000001,164.0,20,17,0.009522921539579916
23525,WALL ART BUFFALO BILL ,1014.8500000000004,335.0,37,24,0.009514202804192521
85039A,SET/4 RED MINI ROSE CANDLE IN BOWL,1013.9199999999987,706.0,162,26,0.00950548406880511
21617,4 LILY  BOTANICAL DINNER CANDLES,1013.0100000000001,528.0,102,62,0.009496952833103476
21354,TOAST ITS - BEST MUM,1010.2100000000003,801.0,95,55,0.009470702877098416
21198,WHITE HEART CONFETTI IN TUBE,1008.4699999999993,1029.0,71,47,0.009454390404438117
22279,POCKET BAG BLUE PAISLEY RED SPOT,1007.1500000000004,834.0,128,43,0.009442015425178597
23460,SWEETHEART WALL TIDY ,1007.0799999999998,108.0,43,41,0.009441359176278464
72816,SET/3 CHRISTMAS DECOUPAGE CANDLES,1006.2699999999998,893.0,69,26,0.009433765439005572
21467,CHERRY CROCHET FOOD COVER,1004.39,264.0,104,58,0.009416140468545029
22098,BOUDOIR SQUARE TISSUE BOX,1003.1899999999985,1994.0,172,98,0.00940489048739999
23121,PACK OF 6 COCKTAIL PARASOL STRAWS,1002.5400000000006,2506.0,111,81,0.009398796747613118
22695,WICKER WREATH SMALL,1001.4899999999993,741.0,123,82,0.009388953014111207
21355,TOAST ITS - I LOVE YOU ,998.8300000000002,794.0,120,95,0.009364015555906404
23533,WALL ART GARDEN HAVEN ,998.6400000000009,215.0,36,27,0.009362234308891782
85232D,SET/3 DECOUPAGE STACKING TINS,997.4700000000008,194.0,69,45,0.00935126557727538
22069,BROWN  PIRATE TREASURE CHEST ,996.7999999999992,416.0,146,26,0.009344984337802724
23517,EMBROIDERED RIBBON REEL REBECCA ,996.3799999999999,334.0,63,50,0.00934104684440197
84558A,3D DOG PICTURE PLAYING CARDS,996.2600000000003,336.0,81,49,0.009339921846287472
23131,MISELTOE HEART WREATH CREAM,996.0000000000001,240.0,1,1,0.009337484350372714
10125,MINI FUNKY DESIGN TAPES,994.8400000000004,1296.0,91,49,0.00932660936859919
22242,5 HOOK HANGER MAGIC TOADSTOOL,994.3799999999997,640.0,34,23,0.009322296875826924
21648,ASSORTED TUTTI FRUTTI SMALL PURSE,992.7899999999997,737.0,66,26,0.009307390650809762
20886,BOX OF 9 PEBBLE CANDLES,988.1800000000004,486.0,103,56,0.009264171973244289
23281,FOLDING BUTTERFLY MIRROR RED  ,985.8800000000011,1262.0,99,56,0.009242609509382993
35651,VINTAGE BEAD PINK SCARF ,985.8399999999992,451.0,58,29,0.009242234510011474
35471D,SET OF 3 BIRD LIGHT PINK FEATHER ,984.5699999999991,1862.0,223,114,0.00923032827996632
20802,SMALL GLASS SUNDAE DISH CLEAR,984.4699999999993,739.0,63,40,0.00922939078153757
23518,EMBROIDERED RIBBON REEL RACHEL ,983.2999999999996,362.0,44,40,0.00921842204992117
22500,SET OF 2 TINS JARDIN DE PROVENCE,980.7000000000005,253.0,96,78,0.009194047090773618
21948,SET OF 6 CAKE CHOPSTICKS,979.4800000000007,641.0,153,37,0.009182609609942844
22857,ASSORTED EASTER GIFT TAGS,977.7600000000004,1159.0,61,56,0.009166484636968302
23514,EMBROIDERED RIBBON REEL SALLY ,977.3900000000003,478.0,74,57,0.009163015892781918
23512,EMBROIDERED RIBBON REEL ROSIE,977.3200000000006,501.0,57,46,0.009162359643881793
85064,CREAM SWEETHEART LETTER RACK,976.25,215.0,30,20,0.009152328410694138
22681,FRENCH BLUE METAL DOOR SIGN 6,973.1500000000003,710.0,126,45,0.009123265959402821
21112,"SWISS ROLL TOWEL, PINK  SPOTS",971.4399999999998,653.0,43,18,0.009107234736271152
84843,WHITE SOAP RACK WITH 2 BOTTLES,969.7999999999998,172.0,48,36,0.009091859762039614
22307,GOLD MUG BONE CHINA TREE OF LIFE,969.6400000000007,770.0,74,53,0.00909035976455362
22209,WOOD STAMP SET HAPPY BIRTHDAY,968.370000000002,950.0,173,100,0.009078453534508478
21058,PARTY INVITES WOODLAND,968.2100000000015,1157.0,122,68,0.009076953537022469
22599,CHRISTMAS MUSICAL ZINC STAR,967.7600000000002,1953.0,123,58,0.009072734794093072
23183,MOTHER'S KITCHEN SPOON REST ,967.1700000000003,226.0,84,45,0.009067203553363433
21389,IVORY HANGING DECORATION  BIRD,966.7800000000002,1116.0,128,81,0.009063547309491299
47504H,ENGLISH ROSE SPIRIT LEVEL ,964.3800000000002,978.0,118,68,0.009041047347201245
23107,WHITE HEARTS WIRE PLANT POT HOLDER,963.2699999999996,343.0,71,58,0.009030641114642088
70007,HI TEC ALPINE HAND WARMER,962.9599999999998,845.0,107,46,0.009027734869512957
22540,MINI JIGSAW CIRCUS PARADE ,960.8600000000006,2519.0,91,50,0.009008047402509167
22210,WOOD STAMP SET BEST WISHES,959.7000000000014,1019.0,187,117,0.008997172420735649
20846,ZINC HEART LATTICE T-LIGHT HOLDER,958.5700000000002,717.0,88,50,0.008986578688490737
22994,TRAVEL CARD WALLET RETROSPOT,958.2000000000016,2197.0,218,89,0.008983109944304367
20733,GOLD MINI TAPE MEASURE ,958.0600000000032,1236.0,205,30,0.008981797446504129
23529,WALL ART DOLLY GIRL ,956.0500000000003,319.0,26,18,0.00896295372808618
23380,PACK OF 12 VINTAGE DOILY TISSUES,955.4199999999998,2272.0,119,85,0.008957047487985037
22262,FELT EGG COSY CHICKEN,953.86,1027.0,137,62,0.008942422512496504
84913A,SOFT PINK ROSE TOWEL ,952.8299999999991,273.0,124,10,0.008932766278680346
84819,DANISH ROSE ROUND SEWING BOX,951.79,811.0,62,56,0.00892301629502133
22939,ADULT APRON APPLE DELIGHT,950.83,185.0,45,32,0.00891401631010531
84509G,SET OF 4 FAIRY CAKE PLACEMATS ,950.4900000000002,517.0,66,42,0.008910828815447552
84596G,SMALL CHOCOLATES PINK BOWL,949.920000000002,1857.0,245,84,0.00890548507440368
21683,MEDIUM MEDINA STAMPED METAL BOWL ,948.7,310.0,58,39,0.008894047593572886
21717,EASTER TIN BUCKET,946.9300000000003,408.0,41,34,0.008877453871383972
15044B,BLUE PAPER PARASOL ,946.8300000000004,321.0,60,36,0.008876516372955221
47593B,SCOTTIE DOGS BABY BIB,946.1300000000007,1987.0,245,68,0.008869953883953959
22270,HAPPY EASTER HANGING DECORATION,945.9500000000003,244.0,53,35,0.0088682663867822
21507,"ELEPHANT, BIRTHDAY CARD, ",945.4599999999987,2210.0,167,95,0.0088636726444813
22986,WRAP GINGHAM ROSE ,943.9200000000001,2276.0,82,69,0.008849235168678526
23178,JAM CLOCK MAGNET,943.9199999999997,330.0,68,50,0.008849235168678523
22246,MAGIC GARDEN FELT GARLAND ,939.3699999999994,419.0,89,30,0.008806578990170292
22132,RED LOVE HEART SHAPE CUP,939.0300000000008,1038.0,154,60,0.008803391495512547
35646,VINTAGE BEAD PINK EVENING BAG,937.2500000000001,619.0,94,32,0.00878670402348075
22281,EASTER TREE YELLOW BIRDS,935.39,132.0,63,35,0.008769266552705955
20752,BLUE POLKADOT WASHING UP GLOVES,935.1500000000016,414.0,148,91,0.008767016556476964
23540,WALL ART THE MAGIC FOREST ,933.16,148.0,13,8,0.00874836033774478
20686,DOLLY MIXTURE CHILDREN'S UMBRELLA,932.42,270.0,77,51,0.008741422849372014
21462,"NURSERY A,B,C PAINTED LETTERS",932.4000000000001,198.0,73,57,0.008741235349686264
22893,MINI CAKE STAND T-LIGHT HOLDER,931.0200000000002,1872.0,142,45,0.008728297871369485
21682,LARGE MEDINA STAMPED METAL BOWL ,930.96,182.0,55,42,0.008727735372312232
23179,CLOCK MAGNET MUM'S KITCHEN,930.4799999999997,324.0,53,36,0.008723235379854217
22046,TEA PARTY  WRAPPING PAPER ,929.0,2250.0,75,62,0.008709360403108685
22103,MIRROR MOSAIC T-LIGHT HOLDER ROUND,928.0399999999998,1260.0,26,12,0.008700360418192662
23099,FRENCH CARRIAGE LANTERN,925.3499999999996,137.0,58,46,0.008675141710459223
23002,TRAVEL CARD WALLET SKULLS,925.2900000000009,2145.0,192,85,0.008674579211401984
85103,SILVER T-LIGHT SETTING,924.29,143.0,28,6,0.008665204227114453
23527,ANIMALS AND NATURE WALL ART,923.97,267.0,17,16,0.008662204232142447
22701,PINK DOG BOWL,922.8900000000008,549.0,115,39,0.008652079249111929
17091J,VANILLA INCENSE IN TIN,920.6699999999987,2084.0,95,66,0.008631266783993608
21802,CHRISTMAS TREE HEART DECORATION,920.399999999999,2125.0,180,45,0.008628735538235979
85114C,RED ENCHANTED FOREST PLACEMAT,920.2199999999996,516.0,75,37,0.00862704804106423
72799E,IVORY PILLAR CANDLE SILVER FLOCK,919.9400000000007,452.0,76,43,0.008624423045463736
21786,POLKADOT RAIN HAT ,918.2500000000013,1940.0,226,55,0.008608579322017827
23338,EGG FRYING PAN RED ,915.4000000000011,431.0,109,62,0.008581860616798387
85034A,3 GARDENIA MORRIS BOXED CANDLES,915.1499999999999,501.0,74,58,0.008579516870726493
23472, NINE DRAWER OFFICE TIDY,909.3700000000001,59.0,33,29,0.008525329461544613
21894,POTTING SHED SEED ENVELOPES,908.3300000000003,597.0,130,57,0.008515579477885593
23004,TRAVEL CARD WALLET PANTRY,906.9400000000014,2011.0,221,73,0.008502548249725945
37501,TEA TIME TEA SET IN GIFT BOX,906.8299999999999,133.0,49,28,0.008501517001454304
22519,CHILDS GARDEN BRUSH PINK,906.7500000000007,411.0,88,53,0.00850076700271131
84519A,TOMATO CHARLIE+LOLA COASTER SET,905.5499999999996,512.0,88,45,0.008489517021566272
85114B,IVORY ENCHANTED FOREST PLACEMAT,904.1399999999996,478.0,77,36,0.008476298293720866
23532,WALL ART WORK REST AND PLAY  ,901.5800000000005,210.0,31,23,0.008452298333944815
85131A,BEADED PEARL HEART WHITE ON STICK,901.4800000000001,996.0,119,19,0.008451360835516059
22118,JOY WOODEN BLOCK LETTERS,901.4600000000003,232.0,89,67,0.008451173335830309
22106,MIRROR MOSAIC HURRICANE LAMP ,898.38,349.0,47,9,0.008422298384224737
21465,PINK FLOWER CROCHET FOOD COVER,897.8000000000001,237.0,79,55,0.008416860893337975
22277,COSMETIC BAG VINTAGE ROSE PAISLEY,897.7400000000006,417.0,100,54,0.008416298394280727
22682,FRENCH BLUE METAL DOOR SIGN 7,896.7500000000002,677.0,113,52,0.008407017159836078
21631,HIPPY CHIC DECORATIVE PARASOL,896.0100000000001,169.0,27,15,0.00840007967146331
22936,BAKING MOULD ROSE WHITE CHOCOLATE,895.9699999999999,279.0,50,30,0.008399704672091807
22719,GUMBALL MONOCHROME COAT RACK,895.7200000000001,620.0,109,25,0.008397360926019927
21633,SUNFLOWER DECORATIVE PARASOL,895.4599999999998,125.0,42,13,0.008394923430105169
22761,CHEST 7 DRAWER MA CAMPAGNE,895.3800000000001,36.0,26,21,0.00839417343136217
22814,CARD PARTY GAMES ,893.5099999999987,2141.0,235,75,0.00837664221074449
22251,BIRDHOUSE DECORATION MAGIC GARDEN,891.9900000000002,714.0,137,66,0.008362392234627468
21743,STAR PORTABLE TABLE LIGHT ,890.5999999999999,300.0,49,28,0.008349361006467809
84823,DANISH ROSE FOLDING CHAIR,890.3999999999999,112.0,25,25,0.008347486009610305
21189,WHITE HONEYCOMB PAPER GARLAND ,888.6700000000001,355.0,72,27,0.008331267286792891
21199,PINK  HEART CONFETTI IN TUBE,888.3299999999998,966.0,78,45,0.00832807979213513
84536B,FAIRY CAKES NOTEBOOK A7 SIZE,888.140000000001,2102.0,178,74,0.008326298545120514
21209,MULTICOLOUR HONEYCOMB FAN,886.2399999999991,1224.0,89,48,0.008308486074974203
23528,SPACEBOY WALL ART,885.9000000000001,306.0,13,12,0.008305298580316454
22524,CHILDRENS GARDEN GLOVES BLUE,883.1999999999999,642.0,81,55,0.00827998612274014
46776F,WOVEN ROSE GARDEN CUSHION COVER ,883.1199999999994,210.0,89,6,0.008279236123997134
22317,FIVE CATS HANGING DECORATION,882.6200000000006,287.0,89,35,0.008274548631853383
22321,BIRD DECORATION RED RETROSPOT,881.3299999999999,917.0,132,45,0.008262454902122473
85176,SEWING SUSAN 21 NEEDLE SET,880.4699999999998,918.0,172,50,0.008254392415635201
23479,WIRE EGG BASKET ,880.2300000000007,114.0,44,35,0.008252142419406206
23502,PLAYING CARDS VINTAGE DOILY ,880.16,701.0,92,78,0.008251486170506072
84030e,ENGLISH ROSE HOT WATER BOTTLE,877.7599999999999,108.0,41,0,0.008228986208216016
22308,TEA COSY BLUE STRIPE,877.3800000000002,250.0,105,27,0.008225423714186761
23423,PANTRY 3 HOOK ROLLING PIN HANGER,876.9000000000002,219.0,66,47,0.00822092372172875
21695,SMALL SILVER FLOWER CANDLE POT,875.3800000000003,290.0,41,35,0.008206673745611716
21399,BLUE POLKADOT COFFEE MUG,874.2900000000004,2066.0,71,50,0.008196455012738317
22343,PARTY PIZZA DISH RED RETROSPOT,873.9000000000001,1977.0,94,48,0.00819279876886618
22565,FELTCRAFT HAIRBANDS PINK AND WHITE ,873.5200000000007,934.0,148,85,0.008189236274836927
22683,FRENCH BLUE METAL DOOR SIGN 8,871.4900000000004,644.0,119,54,0.008170205056733252
85049H,URBAN BLACK RIBBONS ,870.3500000000013,849.0,184,58,0.008159517574645484
23220,REINDEER HEART DECORATION GOLD,869.9799999999997,994.0,103,55,0.008156048830459086
21204,DAISIES  HONEYCOMB GARLAND ,868.4399999999991,499.0,85,44,0.008141611354656296
21708,FOLDING UMBRELLA CREAM POLKADOT,868.0600000000003,191.0,64,28,0.008138048860627049
23545,WRAP RED VINTAGE DOILY,866.0,2100.0,68,63,0.00811873639299475
22068,BLACK PIRATE TREASURE CHEST,863.3799999999985,531.0,143,56,0.008094173934161425
21359,RELAX LARGE WOOD LETTERS,860.2300000000002,130.0,29,22,0.008064642733655744
84849D,HOT BATHS SOAP HOLDER,859.0000000000005,494.0,114,64,0.008053111502982093
21880,RED RETROSPOT TAPE,858.7799999999986,1903.0,240,84,0.008051049006438821
85135C,RED DRAGONFLY HELICOPTER,856.38,106.0,67,41,0.00802854904414878
21823,PAINTED METAL HEART WITH HOLLY BELL,854.7400000000004,1373.0,97,61,0.008013174069917245
23525,BUFFALO BILL WALL ART ,852.72,248.0,16,15,0.007994236601656445
85183A,CHARLIE & LOLA WASTEPAPER BIN BLUE,852.0400000000001,667.0,86,60,0.007987861612340932
84535B,FAIRY CAKES NOTEBOOK A6 SIZE,850.1999999999998,1332.0,155,80,0.007970611641251887
84006,MAGIC TREE -PAPER FLOWERS,849.5500000000002,919.0,105,46,0.007964517901465
22706,WRAP COWBOYS  ,847.94,2057.0,71,64,0.007949424176762088
22105,MIRROR MOSAIC GOBLET CANDLE HOLDER,847.8199999999999,574.0,33,9,0.007948299178647584
22537,MAGIC DRAWING SLATE DINOSAUR,844.8400000000005,1931.0,171,115,0.007920361725470771
22862,LOVE HEART NAPKIN BOX ,843.9499999999999,175.0,66,42,0.00791201798945487
23564,EGG CUP MILKMAID INGRID,841.3100000000001,644.0,76,39,0.00788726803093581
22162,HEART GARLAND RUSTIC PADDED,841.2400000000004,264.0,91,21,0.007886611782035688
23551,PACK OF 12 PAISLEY PARK TISSUES ,841.01,1843.0,136,88,0.007884455535649555
37327,ASSTD MULTICOLOUR CIRCLES MUG,840.4700000000007,1579.0,81,36,0.007879393044134299
20839,FRENCH PAISLEY CUSHION COVER ,840.4400000000005,575.0,105,44,0.00787911179460567
21694,SMALL REGAL  SILVER CANDLEPOT ,840.33,307.0,24,18,0.00787808054633404
15034,PAPER POCKET TRAVELING FAN ,840.0200000000006,6591.0,138,70,0.007875174301204912
22276,WASH BAG VINTAGE ROSE PAISLEY,838.8599999999994,290.0,85,53,0.007864299319431375
84997a,CHILDRENS CUTLERY POLKADOT GREEN ,837.2900000000001,101.0,60,0,0.00784958059409997
22254,FELT TOADSTOOL LARGE,836.8000000000001,657.0,61,33,0.007844986851799084
21125,SET 6 FOOTBALL CELEBRATION CANDLES,834.73,660.0,103,59,0.007825580634323911
20986,BLUE CALCULATOR RULER,833.49,657.0,113,40,0.007813955653807382
23523,TREASURE AHOY WALL ART,833.46,270.0,16,15,0.007813674404278758
22587,FELTCRAFT HAIRBAND RED AND BLUE,833.0700000000013,921.0,161,103,0.007810018160406635
22217,T-LIGHT HOLDER HANGING LACE,832.5099999999996,840.0,82,63,0.007804768169205607
22102,MIRROR MOSAIC T-LIGHT HOLDER ,831.8399999999999,1622.0,31,13,0.00779848692973297
21642,ASSORTED TUTTI FRUTTI PEN,831.0200000000002,2472.0,101,79,0.0077907994426172035
21804,WHITE CHRISTMAS GARLAND STARS TREES,830.0300000000001,225.0,65,37,0.007781518208172555
22454,MEASURING TAPE BABUSHKA RED,827.8200000000002,290.0,41,31,0.00776079949289713
22341,LOVE GARLAND PAINTED ZINC ,827.6299999999993,453.0,78,37,0.007759018245882493
22249,DECORATION WHITE CHICK MAGIC GARDEN,826.4600000000007,944.0,145,73,0.0077480495142661044
23017,APOTHECARY MEASURING JAR,826.28,67.0,22,20,0.007746362017094344
21294,ETCHED GLASS COASTER,825.4900000000001,1618.0,71,46,0.0077389557795072015
22093,MOTORING TISSUE BOX,824.0799999999983,1835.0,160,114,0.007725737051661777
85194L,HANGING SPRING FLOWER EGG LARGE,823.74,948.0,73,52,0.0077225495570040345
21905,MORE BUTTER METAL SIGN ,823.7100000000004,761.0,160,84,0.007722268307475413
72818,CHRISTMAS DECOUPAGE CANDLE,821.9799999999994,1845.0,76,51,0.00770604958465799
21291,SMALL POLKADOT CHOCOLATE GIFT BAG ,819.6400000000003,943.0,52,32,0.007684112121425195
23186,FRENCH STYLE STORAGE JAR CAFE ,819.4599999999999,1982.0,70,57,0.007682424624253437
85169A,IVORY LOVE BIRD CANDLE,813.0199999999998,812.0,88,44,0.007622049725441789
85049a,TRADITIONAL CHRISTMAS RIBBONS,812.8399999999998,244.0,36,0,0.007620362228270034
79191C,RETRO PLASTIC ELEPHANT TRAY,812.5300000000009,1105.0,65,57,0.007617455983140913
23022,SMALL BONNE JAM JAR  T-LIGHT HOLDER,808.1600000000001,422.0,22,19,0.00757648730180443
21789,KIDS RAIN MAC PINK,806.1999999999999,928.0,92,55,0.007558112332600885
84509B,SET OF 4 FAIRY CAKE PLACEMATS,806.04,217.0,79,37,0.007556612335114881
22099,CARAVAN SQUARE TISSUE BOX,804.6499999999985,1446.0,153,96,0.007543581106955211
79160,HEART SHAPE WIRELESS DOORBELL,802.1300000000006,447.0,49,30,0.007519956146550672
23409,PHOTO FRAME LINEN AND LACE LARGE,801.6800000000001,215.0,43,39,0.007515737403621282
22705,WRAP GREEN PEARS ,801.3600000000001,1908.0,77,61,0.007512737408649275
22546,MINI JIGSAW PURDEY,800.4000000000004,2104.0,86,50,0.007503737423733257
23524,HORSE & PONY WALL ART,797.3100000000001,256.0,17,16,0.007474768722284808
85185B,PINK HORSE SOCK PUPPET,797.1400000000002,262.0,57,40,0.007473174974955931
85170D,SET/6 PINK BIRD T-LIGHT CANDLES,796.9900000000007,451.0,100,30,0.0074717687273128065
23487,SWEET HEART CAKE CARRIER,795.5800000000003,80.0,44,41,0.007458549999467395
85035A,GARDENIA 3 WICK MORRIS BOXED CANDLE,795.05,279.0,81,59,0.007453581257795005
85173,SET/6 FROG PRINCE T-LIGHT CANDLES,795.0199999999998,479.0,86,40,0.0074533000082663775
22566,FELTCRAFT HAIRBAND PINK AND PURPLE,794.8800000000005,879.0,150,94,0.007451987510466131
21162,TOXIC AREA  DOOR HANGER ,794.1499999999987,1465.0,162,98,0.007445143771936223
23335,EGG FRYING PAN IVORY ,792.8600000000007,378.0,96,62,0.007433050042205338
23106,ZINC HEARTS PLANT POT HOLDER,792.4699999999997,283.0,52,48,0.007429393798333194
23519,EMBROIDERED RIBBON REEL CLAIRE,792.3100000000001,224.0,24,18,0.007427893800847195
22340,NOEL GARLAND PAINTED ZINC ,792.28,1411.0,128,53,0.007427612551318568
21504,SKULLS GREETING CARD,788.9699999999998,1915.0,115,74,0.007396581353326865
23568,EGG CUP HENRIETTA HEN CREAM ,787.5200000000002,630.0,48,24,0.007382987626109961
21680,WOODLAND  STICKERS,786.3100000000002,868.0,103,43,0.007371643895122059
84279B,CHERRY BLOSSOM DECORATIVE FLASK,785.9499999999998,195.0,69,48,0.007368268900778547
23115,RED APPLES CHOPPING BOARD   ,785.17,155.0,45,38,0.0073609564130342805
21272,SALLE DE BAIN HOOK,783.82,553.0,103,49,0.007348300184246126
21158,MOODY GIRL DOOR HANGER ,783.8199999999983,1474.0,170,103,0.007348300184246109
85163B,BLACK BAROQUE WALL CLOCK ,783.6800000000002,84.0,36,10,0.007346987686445874
22518,CHILDS GARDEN BRUSH BLUE,783.5400000000005,363.0,81,44,0.007345675188645624
84660A,WHITE STITCHED WALL CLOCK,783.4499999999999,843.0,42,30,0.007344831440059742
85159A,"BLACK TEA,COFFEE,SUGAR JARS",783.3499999999998,453.0,47,38,0.007343893941630987
22685,FRENCH BLUE METAL DOOR SIGN 0,780.8000000000001,594.0,99,49,0.007319987731697806
22451,SILK PURSE BABUSHKA RED,779.1500000000003,223.0,51,35,0.007304519007623396
22228,BUNNY WOODEN PAINTED WITH BIRD ,778.6299999999986,1001.0,147,81,0.007299644015793869
21983,PACK OF 12 BLUE PAISLEY TISSUES ,777.6699999999994,2301.0,155,98,0.007290644030877854
85231B,CINAMMON SET OF 9 T-LIGHTS,777.5799999999999,868.0,151,74,0.007289800282291981
85032A,ROMANTIC IMAGES GIFT WRAP SET,777.1399999999988,790.0,135,82,0.007285675289205462
22422,TOOTHPASTE TUBE PEN,776.7499999999997,1274.0,205,53,0.007282019045333336
84509a,SET OF 4 ENGLISH ROSE PLACEMATS,775.8399999999998,104.0,68,0,0.007273487809631692
22586,FELTCRAFT HAIRBAND PINK AND BLUE,774.5500000000003,856.0,161,100,0.007261394079900792
84519B,CARROT CHARLIE+LOLA COASTER SET,774.5499999999997,472.0,126,63,0.0072613940799007865
22522,CHILDS GARDEN FORK BLUE ,774.2900000000012,932.0,128,100,0.007258956583986043
21084,SET/6 COLLAGE PAPER CUPS,773.1399999999993,2610.0,181,90,0.007248175352055374
21927,BLUE/CREAM STRIPE CUSHION COVER ,771.15,623.0,99,41,0.00722951913332321
21618,4 WILDFLOWER BOTANICAL CANDLES,770.8699999999999,406.0,91,48,0.007226894137722703
22133,PINK LOVE HEART SHAPE CUP,770.7300000000001,816.0,133,41,0.007225581639922453
84609,TALL ROCOCO CANDLE HOLDER,770.59,93.0,20,16,0.007224269142122199
22252,BIRDCAGE DECORATION TEALIGHT HOLDER,770.32,650.0,67,48,0.007221737896364567
85125,SMALL ROUND CUT GLASS CANDLESTICK,770.2900000000002,163.0,33,14,0.007221456646835943
21530,DAIRY MAID TOASTRACK,769.5700000000007,777.0,104,64,0.007214706658148932
22985,WRAP BILLBOARD FONTS DESIGN,769.02,1831.0,64,52,0.007209550416790787
22986,GINGHAM ROSE WRAP,768.1800000000001,1829.0,73,68,0.007201675429989268
23140,TRIPLE WIRE HOOK IVORY HEART,766.0999999999998,182.0,52,29,0.00718217546267122
22025,RING OF ROSES BIRTHDAY CARD,766.09,1847.0,130,73,0.007182081712828346
84997b,RED 3 PIECE RETROSPOT CUTLERY SET,765.55,91.0,12,0,0.007177019221313083
23006,TRAVEL CARD WALLET FLOWER MEADOW,765.2700000000007,1764.0,173,88,0.007174394225712584
22786,CUSHION COVER PINK UNION JACK,764.63,123.0,47,31,0.007168394235768562
21707,FOLDING UMBRELLA BLACKBLUE POLKADOT,763.6600000000007,160.0,74,44,0.007159300501009671
23550,WRAP ALPHABET POSTER  ,763.1,1855.0,64,60,0.007154050509808652
23458,DOLLY CABINET 3 DRAWERS ,762.4499999999998,51.0,30,30,0.00714795677002176
85212,MINI PAINTED GARDEN DECORATION ,761.4000000000007,2476.0,79,60,0.00713811303651987
23025,DRAWER KNOB VINTAGE GLASS BALL,760.8000000000004,350.0,54,40,0.007132488045947354
85130B,BEADED CRYSTAL HEART GREEN LARGE,760.4300000000003,834.0,62,44,0.00712901930176097
23123,COCKTAIL SWORDS 50 PIECES,760.4000000000007,936.0,95,64,0.007128738052232348
23524,WALL ART HORSE & PONY ,760.3200000000002,225.0,46,27,0.007127988053489341
17084R,ASSORTED INCENSE PACK,760.32,4032.0,27,16,0.007127988053489339
21287,SCENTED VELVET LOUNGE CANDLE ,760.149999999999,1790.0,55,47,0.00712639430616045
10002,INFLATABLE POLITICAL GLOBE ,759.8900000000002,860.0,71,40,0.0071239568102457055
21822,GLITTER CHRISTMAS TREE WITH BELLS,759.44,740.0,97,45,0.007119738067316319
85036A,GARDENIA 1 WICK MORRIS BOXED CANDLE,759.3499999999999,223.0,60,48,0.00711889431873044
22753,SMALL YELLOW BABUSHKA NOTEBOOK ,758.9799999999998,1011.0,217,98,0.007115425574544056
22480,RED TEA TOWEL CLASSIC DESIGN,757.21,631.0,73,57,0.007098831852355144
21383,PACK OF 12 STICKY BUNNIES,755.8299999999998,998.0,167,75,0.00708589437403836
22336,DOVE DECORATION PAINTED ZINC ,754.4099999999999,2383.0,79,47,0.007072581896350077
84913B,MINT GREEN ROSE TOWEL,754.0700000000005,196.0,86,19,0.007069394401692327
23223,CHRISTMAS TREE HANGING SILVER ,751.8499999999999,803.0,88,51,0.00704858193657402
22495,SET OF 2 ROUND TINS CAMEMBERT ,751.7699999999995,283.0,98,60,0.007047831937831014
22523,CHILDS GARDEN FORK PINK,751.6600000000009,865.0,135,98,0.007046800689559399
23124,18PC WOODEN CUTLERY SET DISPOSABLE,751.3800000000002,567.0,43,23,0.0070441756939588875
20748,KENSINGTON COFFEE SET,751.1700000000001,57.0,34,26,0.007042206947258506
21126,SET OF 6 GIRLS CELEBRATION CANDLES,750.2,593.0,126,57,0.007033113212499609
84763,ZINC FINISH 15CM PLANTER POTS,748.3399999999999,601.0,57,39,0.007015675741724815
22481,BLACK TEA TOWEL CLASSIC DESIGN,748.0799999999996,827.0,128,68,0.007013238245810056
22322,BIRD DECORATION GREEN POLKADOT,747.81,820.0,139,30,0.007010707000052428
85032B,BLOSSOM IMAGES GIFT WRAP SET,747.7899999999985,798.0,133,84,0.007010519500366664
21215,IVORY PAPER CUP CAKE CASES ,745.4500000000003,1089.0,124,51,0.006988582037133877
22258,FELT FARM ANIMAL RABBIT,743.8900000000003,912.0,77,35,0.006973957061645343
22316,200 BENDY SKULL STRAWS,743.6200000000001,661.0,55,28,0.006971425815887709
21643,ASSORTED TUTTI FRUTTI MIRROR,743.31,550.0,60,27,0.006968519570758575
23282,FOLDING BUTTERFLY MIRROR IVORY ,742.920000000001,794.0,133,67,0.006964863326886451
22393,PAPERWEIGHT VINTAGE COLLAGE,741.9800000000002,512.0,71,43,0.006956050841656173
22097,SWALLOW SQUARE TISSUE BOX,739.5699999999985,1610.0,145,103,0.006933457129523227
22264,FELT FARM ANIMAL WHITE BUNNY ,738.68,1563.0,96,38,0.006925113393507345
23114,VINTAGE LEAF CHOPPING BOARD  ,737.95,149.0,45,40,0.006918269654977454
21677,HEARTS  STICKERS,737.8400000000001,835.0,119,62,0.006917238406705828
84660B,BLACK STITCHED WALL CLOCK,734.8599999999999,709.0,40,20,0.006889300953529007
23435,3 RAFFIA RIBBONS VINTAGE CHRISTMAS,734.7899999999998,827.0,99,40,0.00688864470462888
20914,SET/5 RED SPOTTY LID GLASS BOWLS,734.4,288.0,1,1,0.006884988460756747
22250,DECORATION  BUTTERFLY  MAGIC GARDEN,732.65,821.0,147,57,0.006868582238253583
22400,MAGNETS PACK OF 4 HOME SWEET HOME,731.8199999999981,1400.0,150,112,0.006860801001294921
22985,"WRAP, BILLBOARD FONTS DESIGN",731.4200000000001,1951.0,35,34,0.006857051007579931
72803A,ROSE SCENT CANDLE JEWELLED DRAWER,730.97,531.0,41,30,0.006852832264650545
22821,GIFT BAG PSYCHEDELIC APPLES,730.4699999999998,1183.0,139,52,0.006848144772506782
23562,SET OF 6 RIBBONS PERFECTLY PRETTY  ,730.3699999999999,253.0,43,37,0.0068472072740780295
21398,RED POLKADOT COFFEE  MUG,729.6000000000003,1532.0,63,43,0.006839988536176641
22856,ASSORTED EASTER DECORATIONS  BELLS,729.5699999999999,569.0,27,21,0.006839707286648012
90200D,PINK SWEETHEART BRACELET,729.5699999999995,176.0,78,21,0.006839707286648008
22684,FRENCH BLUE METAL DOOR SIGN 9,728.5699999999999,533.0,98,41,0.00683033230236049
20996,JAZZ HEARTS ADDRESS BOOK,727.4599999999989,3194.0,225,124,0.006819926069801329
22718,CARD CAT AND TREE ,727.3100000000003,1657.0,168,70,0.006818519822158213
84754,S/15 SILVER GLASS BAUBLES IN BAG,725.5200000000001,558.0,62,35,0.006801738600283546
21883,STARS GIFT TAPE ,725.4199999999989,1653.0,133,82,0.006800801101854783
85131D,BEADED CRYSTAL HEART PINK ON STICK,725.2600000000008,850.0,206,5,0.006799301104368796
46775D,SUNSET COLOUR CHUNKY KNITTED THROW,720.93,60.0,39,12,0.006758707422403814
85032C,CURIOUS IMAGES GIFT WRAP SET,719.8399999999984,685.0,140,72,0.006748488689530402
79067,CORONA MEXICAN TRAY,719.69,172.0,38,16,0.006747082441887288
23222,CHRISTMAS TREE HANGING GOLD,718.5299999999995,799.0,75,49,0.006736207460113756
21630,FLOOR CUSHION ELEPHANT CARNIVAL,718.14,69.0,35,13,0.006732551216241628
84581,DOG TOY WITH PINK CROCHET SKIRT,717.2099999999999,189.0,90,60,0.00672383248085423
22026,BANQUET BIRTHDAY  CARD  ,717.1199999999998,1656.0,160,71,0.006722988732268351
21775,DECORATIVE FLORE BATHROOM BOTTLE,716.8599999999998,515.0,139,34,0.006720551236353596
22201,FRYING PAN BLUE POLKADOT,716.8,193.0,87,29,0.006719988737296346
23042,PAPER LANTERN 7 POINT SNOW STAR,711.51,103.0,28,25,0.006670395070415351
20866,BLUE ROSE FABRIC MIRROR,710.9500000000003,598.0,90,34,0.006665145079214341
84817,DANISH ROSE DECORATIVE PLATE,710.6400000000007,951.0,55,48,0.006662238834085212
21636,MADRAS NOTEBOOK MEDIUM,709.6600000000001,919.0,73,60,0.0066530513494834345
23070,EDWARDIAN HEART PHOTO FRAME,709.54,160.0,44,29,0.006651926351368931
21143,ANTIQUE GLASS HEART DECORATION ,709.18,328.0,36,26,0.006648551357025422
21739,COSY SLIPPER SHOES SMALL GREEN,708.98,256.0,111,38,0.006646676360167919
21289,LARGE STRIPES CHOCOLATE GIFT BAG,708.75,567.0,49,19,0.006644520113781787
22514,CHILDS GARDEN SPADE BLUE,706.5500000000005,303.0,99,61,0.006623895148349243
22981,PANTRY APPLE CORER,705.58,472.0,105,58,0.00661480141359034
21356,TOAST ITS - FAIRY FLOWER,704.55,643.0,151,37,0.006605145179774191
16235,RECYCLED PENCIL WITH RABBIT ERASER,702.9600000000002,3104.0,168,68,0.006590238954757033
21106,CREAM SLICE FLANNEL CHOCOLATE SPOT ,702.5100000000002,237.0,53,30,0.006586020211827647
79164,BLACK WINE GLASS,699.96,1672.0,19,12,0.006562114001894463
21476,STEEL SWEETHEART ROUND TABLE CREAM,699.63,41.0,24,14,0.00655902025707958
21208,PASTEL COLOUR HONEYCOMB FAN,697.7699999999988,940.0,83,50,0.006541582786304776
20704,MR ROBOT SOFT TOY,697.6999999999999,216.0,44,38,0.00654092653740466
85049D,BRIGHT BLUES RIBBONS ,697.49,549.0,107,85,0.006538957790704281
85078,SCANDINAVIAN 3 HEARTS NAPKIN RING,696.7999999999989,1932.0,124,46,0.00653248905154588
23120,PACK OF 6 SMALL FRUIT STRAWS,695.4099999999994,1716.0,100,69,0.006519457823386228
84707A,SILVER JEWELLED MIRROR TRINKET TRAY,695.2299999999996,95.0,45,21,0.0065177703262144756
23187,FRENCH STYLE STORAGE JAR BONBONS,695.0599999999998,2338.0,74,66,0.006516176578885599
21066,VINTAGE RED MUG,694.72,703.0,54,32,0.006512989084227844
84660C,PINK STITCHED WALL CLOCK,693.3200000000003,661.0,45,20,0.006499864106225313
21650,ASSORTED TUTTI FRUTTI BRACELET,692.8499999999996,2550.0,132,48,0.006495457863610171
16225,RATTLE SNAKE EGGS,691.85,815.0,102,57,0.006486082879322653
35923,CANDY HEART HANGING DECORATION,690.5199999999998,1318.0,62,30,0.006473614150220245
21696,SMALL SILVER TRELLIS CANDLEPOT,690.1,230.0,33,27,0.006469676656819487
22403,MAGNETS PACK OF 4 VINTAGE LABELS ,689.6699999999987,1323.0,125,72,0.00646564541357584
21317,GLASS SPHERE CANDLE STAND MEDIUM,689.5299999999997,112.0,34,23,0.0064643329157755966
79066K,RETRO MOD TRAY,689.3400000000001,783.0,146,69,0.0064625516687609715
85071B,RED CHARLIE+LOLA PERSONAL DOORSIGN,688.9099999999994,1301.0,125,88,0.00645852042551733
22324,BLUE POLKADOT KIDS BAG,688.2999999999996,286.0,74,20,0.006452801685101943
21629,SQUARE FLOOR CUSHION VINTAGE RED,687.9500000000003,73.0,42,13,0.006449520440601316
20902,VINTAGE KEEPSAKE BOX PARIS DAYS,686.8599999999997,112.0,56,6,0.006439301707727911
23597,PAPER BUNTING PAISLEY PARK,684.97,251.0,31,28,0.006421582987424496
21163,DO NOT TOUCH MY STUFF DOOR HANGER ,684.6199999999992,1201.0,127,86,0.006418301742923855
22339,CHRISTMAS TREE PAINTED ZINC ,683.3099999999994,2468.0,83,44,0.006406020513507202
85019B,BLOSSOM  IMAGES NOTEBOOK SET,682.97,512.0,36,21,0.00640283301884945
22062,CERAMIC BOWL WITH LOVE HEART DESIGN,682.0100000000006,588.0,73,43,0.006393833033933433
35001G,HAND OPEN SHAPE GOLD,681.5899999999999,199.0,30,23,0.006389895540532668
23325,RUSTIC STRAWBERRY JAM POT SMALL,681.54,426.0,32,24,0.006389426791318292
22136,LOVE HEART SOCK HANGER,680.9299999999995,379.0,84,37,0.006383708050902898
46776B,WOVEN BERRIES CUSHION COVER ,679.6699999999996,161.0,88,6,0.006371895570700621
21205,MULTICOLOUR 3D BALLS GARLAND,677.1900000000002,253.0,68,43,0.00634864560966757
22806,SET OF 6 T-LIGHTS WEDDING CAKE ,677.04,260.0,38,28,0.006347239362024439
84659A,WHITE TRAVEL ALARM CLOCK,676.2699999999996,280.0,89,19,0.006340020624123044
23428,IVORY RETRO KITCHEN WALL CLOCK,675.9100000000001,77.0,33,25,0.006336645629779539
40001,WHITE BAMBOO RIBS LAMPSHADE,675.2299999999999,821.0,56,23,0.006330270640464023
22999,TRAVEL CARD WALLET RETRO PETALS,674.5300000000004,1545.0,105,61,0.0063237081514627615
22267,EASTER DECORATION EGG BUNNY ,673.1699999999997,836.0,83,67,0.006310958172831725
21351,CINAMMON & ORANGE WREATH,672.8799999999999,104.0,34,27,0.0063082394273883445
47591d,PINK FAIRY CAKE CHILDRENS APRON,672.2400000000002,134.0,56,0,0.006302239437444332
21261,GREEN GOOSE FEATHER CHRISTMAS TREE ,672.0900000000003,187.0,45,24,0.006300833189801205
37475,SET/4 COLOURFUL MIXING BOWLS,671.9300000000003,71.0,43,27,0.006299333192315201
84923,PINK BUTTERFLY HANDBAG W BOBBLES,671.6199999999995,162.0,98,0,0.006296426947186061
22618,COOKING SET RETROSPOT,671.5300000000001,69.0,28,23,0.00629558319860019
22535,MAGIC DRAWING SLATE BUNNIES ,671.0099999999998,1766.0,134,88,0.006290708206770676
22204,MILK PAN BLUE POLKADOT,669.5400000000002,197.0,79,23,0.0062769269798680204
22057,CERAMIC PLATE STRAWBERRY DESIGN,667.92,584.0,61,46,0.006261739505322232
23024,LARGE BONNE JAM JAR  T-LIGHT HOLDER,667.85,255.0,11,8,0.0062610832564221055
47574A,ENGLISH ROSE SCENTED HANGING FLOWER,665.9499999999997,549.0,114,36,0.006243270786275809
20767,BLUE PAISLEY JOURNAL ,663.7099999999991,253.0,79,50,0.006222270821471753
85199L,LARGE HANGING IVORY & RED WOOD BIRD,663.4300000000002,977.0,95,52,0.006219645825871256
21613,S/12 VANILLA  BOTANICAL T-LIGHTS,661.9300000000001,227.0,42,37,0.006205583349439971
23547,WRAP FLOWER SHOP  ,661.5,1575.0,62,57,0.006201552106196335
22450,SILK PURSE BABUSHKA BLUE,661.1100000000002,195.0,58,41,0.0061978958623242035
23482,PEARLISED IVORY HEART LARGE ,661.0199999999999,418.0,39,32,0.006197052113738324
22615,PACK OF 12 CIRCUS PARADE TISSUES ,660.7299999999998,2075.0,102,61,0.006194333368294941
18098C,PORCELAIN BUTTERFLY OIL BURNER,658.7500000000002,213.0,49,24,0.0061757708994056495
72349b,SET/6 PURPLE BUTTERFLY T-LIGHTS,658.5099999999996,159.0,82,0,0.0061735209031766386
22756,LARGE YELLOW BABUSHKA NOTEBOOK ,656.5199999999991,599.0,123,68,0.006154864684444462
22448,PIN CUSHION BABUSHKA RED,656.4300000000003,201.0,45,29,0.006154020935858598
20658,RED RETROSPOT LUGGAGE TAG,653.36,434.0,105,44,0.0061252397340959
46776A,WOVEN BUBBLE GUM CUSHION COVER,651.9499999999996,155.0,70,6,0.006112021006250489
21187,WHITE BELL HONEYCOMB PAPER GARLAND ,651.75,371.0,48,30,0.0061101460093929885
23224,CHERUB HEART DECORATION GOLD,649.0199999999999,738.0,71,44,0.00608455230228805
22525,CHILDRENS GARDEN GLOVES PINK,648.97,489.0,74,42,0.006084083553073675
22533,MAGIC DRAWING SLATE BAKE A CAKE ,646.4899999999999,1787.0,88,68,0.006060833592040617
22715,CARD WEDDING DAY,645.64,1543.0,130,78,0.006052864855396224
21747,SMALL SKULL WINDMILL,645.6100000000001,485.0,54,31,0.006052583605867599
22067,CHOC TRUFFLE GOLD TRINKET POT ,645.2199999999997,412.0,70,32,0.006048927361995461
85177,BASKET OF FLOWERS SEWING KIT,645.0600000000002,813.0,63,40,0.006047427364509462
23408,PHOTO FRAME LINEN AND LACE SMALL,644.8000000000005,310.0,59,53,0.00604498986859471
84789,ENCHANTED BIRD PLANT CAGE,644.47,187.0,48,33,0.006041896123779822
21640,ASSORTED TUTTI FRUTTI  FOB NOTEBOOK,644.0300000000001,662.0,78,38,0.006037771130693313
17021,NAMASTE SWAGAT INCENSE,643.1399999999996,2427.0,47,30,0.0060294273946774135
21808,"CHRISTMAS GARLAND STARS,TREES",641.58,181.0,48,21,0.006014802419188881
22389,PAPERWEIGHT SAVE THE PLANET,641.5499999999998,338.0,45,36,0.006014521169660254
21446,12 RED ROSE PEG PLACE SETTINGS,640.92,457.0,105,47,0.006008614929559115
35810A,ENAMEL PINK COFFEE CONTAINER,640.92,634.0,75,46,0.006008614929559115
84800L,LARGE WHITE/PINK ROSE ART FLOWER,639.3600000000001,360.0,22,20,0.005993989954070581
84929,ASSTD FRUIT+FLOWERS FRIDGE MAGNETS,637.5599999999987,2412.0,65,57,0.005977114982353027
85141,JARDIN ETCHED GLASS FRUITBOWL,635.74,124.0,39,32,0.005960052510949748
23492,VINTAGE JINGLE BELLS WREATH,635.38,76.0,28,24,0.005956677516606239
23298,"BUNTING , SPOTTY ",634.7000000000002,146.0,7,7,0.005950302527290726
21054,NURSE'S BAG SOFT TOY,634.53,70.0,29,24,0.005948708779961845
22396,MAGNETS PACK OF 4 RETRO PHOTO,634.4299999999992,1232.0,128,87,0.005947771281533085
84086C,PINK/PURPLE RETRO RADIO,634.0699999999997,222.0,53,13,0.005944396287189582
21784,SHOE SHINE BOX ,633.0700000000003,57.0,44,20,0.005935021302902065
20840,FRENCH FLORAL CUSHION COVER ,632.3200000000003,533.0,74,35,0.005927990064686422
23453,OVAL  MINI PORTRAIT FRAME,631.5800000000002,324.0,47,40,0.005921052576313654
23454,THREE MINI HANGING FRAMES,630.7499999999998,147.0,50,39,0.005913271339355007
23216,LAUREL HEART ANTIQUE GOLD,630.7300000000001,525.0,44,32,0.00591308383966926
72232,FENG SHUI PILLAR CANDLE,630.2299999999996,3317.0,65,45,0.005908396347525493
84596L,BISCUITS SMALL BOWL LIGHT BLUE,629.8000000000008,1255.0,172,49,0.0059043651042818696
21417,COCKLE SHELL DISH,629.8,340.0,68,24,0.005904365104281862
23019,SMALL APOTHECARY MEASURING JAR ,629.0500000000001,81.0,28,26,0.005897333866066221
20932,PINK POT PLANT CANDLE,628.7900000000002,204.0,35,22,0.005894896370151467
23027,DRAWER KNOB VINTAGE GLASS HEXAGON,627.95,295.0,30,26,0.005887021383349946
23471,SIX DRAWER OFFICE TIDY,626.74,66.0,27,26,0.005875677652362043
79163,BLACK CHAMPAGNE GLASS,626.5500000000002,1529.0,35,25,0.0058738964053474145
22559,SEASIDE FLYING DISC,626.5300000000002,505.0,81,33,0.005873708905661665
20735,BLACK MINI TAPE MEASURE ,625.8000000000003,623.0,112,11,0.005866865167131774
22194,BLACK DINER WALL CLOCK,625.6899999999999,66.0,44,24,0.005865833918860143
21865,PINK UNION JACK  PASSPORT COVER ,625.2300000000004,274.0,106,52,0.005861521426087887
84665,SQUARE CHERRY BLOSSOM CABINET,624.7499999999998,105.0,17,14,0.00585702143362987
21426,WOODLAND STORAGE BOX SMALL,624.5800000000003,256.0,46,15,0.005855427686300996
22269,EGG CUP NATURAL CHICKEN,622.7400000000001,933.0,125,62,0.005838177715211953
22035,VINTAGE CARAVAN GREETING CARD ,622.3600000000008,1464.0,137,65,0.0058346152211827
21684,SMALL MEDINA STAMPED METAL BOWL ,622.3000000000006,783.0,47,27,0.005834052722125447
22520,CHILDS GARDEN TROWEL BLUE ,622.1000000000004,719.0,113,88,0.00583217772526794
22129,PARTY CONES CANDY DECORATION,621.96,454.0,67,6,0.005830865227467685
23425,STORAGE TIN HOME SWEET HOME,621.4399999999999,275.0,56,35,0.005825990235638171
20772,GARDEN PATH JOURNAL,621.1899999999998,247.0,65,40,0.0058236464895662894
23180,MUM'S KITCHEN CLOCK,621.0899999999998,122.0,49,29,0.005822708991137537
22116,METAL SIGN HIS DINNER IS SERVED,620.4200000000003,575.0,148,65,0.005816427751664901
84637,KITCHEN FLOWER POTS WALL PLAQUE,619.5899999999999,116.0,83,11,0.005808646514706254
21473,SWEETHEART CREAM STEEL TABLE RECT,618.66,27.0,21,16,0.0057999277793188584
23528,WALL ART SPACEBOY,618.5900000000001,173.0,37,20,0.005799271530418733
22288,HANGING METAL RABBIT DECORATION,618.2000000000003,475.0,58,37,0.0057956152865466
22953,BIRTHDAY PARTY CORDON BARRIER TAPE,617.11,478.0,97,60,0.005785396553673198
21171,BATHROOM METAL SIGN ,613.1399999999999,438.0,73,43,0.005748177866051731
23018,LARGE APOTHECARY MEASURING JAR ,612.16,51.0,21,19,0.0057389903814499595
22420,LIPSTICK PEN BABY PINK,611.7200000000003,1334.0,126,55,0.005734865388363453
20893,HANGING BAUBLE T-LIGHT HOLDER SMALL,611.5700000000002,269.0,26,16,0.005733459140720323
20764,ABSTRACT CIRCLES SKETCHBOOK ,610.81,144.0,76,45,0.005726334152661804
22021,BLUE FELT EASTER EGG BASKET,610.4499999999994,365.0,71,60,0.0057229591583182905
22129,PARTY CONES CANDY TREE DECORATION,609.5600000000003,740.0,33,27,0.005714615422302404
85036B,CHOCOLATE 1 WICK MORRIS BOX CANDLE,609.4300000000001,369.0,49,40,0.005713396674345023
22515,CHILDS GARDEN SPADE PINK,608.9500000000005,266.0,84,53,0.005708896681887017
22359,GLASS JAR KINGS CHOICE,608.7200000000001,184.0,81,47,0.005706740435500883
85170C,SET/6 EAU DE NIL BIRD T-LIGHTS,608.5300000000002,335.0,72,26,0.005704959188486254
22233,JIGSAW RABBIT AND BIRDHOUSE,607.73,597.0,105,70,0.005697459201056234
21769,VINTAGE POST OFFICE CABINET,607.6500000000001,11.0,2,2,0.005696709202313233
21709,FOLDING UMBRELLA CHOCOLATE POLKADOT,607.2300000000002,133.0,59,30,0.005692771708912475
72598,SET/12 TAPER CANDLES,605.8899999999996,607.0,93,38,0.005680209229967189
22595,CHRISTMAS GINGHAM HEART,605.8000000000001,649.0,54,29,0.005679365481381316
22999,TRAVEL CARD WALLET VINTAGE LEAF,605.7800000000003,1415.0,117,65,0.005679177981695567
84625A,PINK NEW BAROQUECANDLESTICK CANDLE,605.4799999999998,478.0,42,24,0.005676365486409306
22232,JIGSAW TOADSTOOLS 3 PIECE,604.4600000000004,690.0,83,54,0.005666803002436038
23520,EMBROIDERED RIBBON REEL RUBY ,604.3000000000001,168.0,32,30,0.005665303004950032
22255,FELT TOADSTOOL  SMALL,602.6299999999998,629.0,77,33,0.005649646781189866
21159,MOODY BOY  DOOR HANGER ,602.1799999999992,1127.0,124,73,0.005645428038260475
35971,ROSE FOLKART HEART DECORATIONS,600.9299999999998,462.0,88,39,0.005633709307901078
21448,12 DAISY PEGS IN WOOD BOX,600.8699999999998,349.0,77,46,0.005633146808843826
85017B,ENVELOPE 50 BLOSSOM IMAGES,600.2900000000003,1077.0,158,65,0.005627709317957067
21014,SWISS CHALET TREE DECORATION ,598.8199999999999,1385.0,119,64,0.005613928091054405
22266,EASTER DECORATION HANGING BUNNY,596.5000000000002,1888.0,92,69,0.005592178127507355
22642,SET OF 4 NAPKIN CHARMS STARS   ,596.3599999999999,269.0,51,39,0.005590865629707099
17012B,ORIGAMI JASMINE INCENSE/CANDLE SET,595.8499999999996,525.0,85,33,0.005586084387720459
21292,SMALL STRIPES CHOCOLATE GIFT BAG ,594.5100000000003,867.0,28,25,0.005573521908775186
23377,PACK OF 12 DOLLY GIRL TISSUES,593.6200000000001,1354.0,133,69,0.005565178172759288
21253,SET OF PICTURE FRAME  STICKERS,593.3700000000001,135.0,62,14,0.005562834426687408
22247,BUNNY DECORATION MAGIC GARDEN,593.1400000000003,670.0,113,54,0.0055606781803012794
21581,SKULLS  DESIGN  COTTON TOTE BAG,590.67,252.0,79,33,0.005537521969111095
21015,DARK BIRD HOUSE TREE DECORATION,590.1299999999999,1485.0,142,59,0.005532459477595832
22319,HAIRCLIPS FORTIES FABRIC ASSORTED,587.8600000000002,1346.0,61,53,0.005511178263263158
23499,SET 12 VINTAGE DOILY CHALK ,587.4899999999999,1315.0,110,86,0.0055077095190767715
85180B,PINK HEARTS LIGHT CHAIN ,587.1999999999997,271.0,48,19,0.005504990773633388
22096,PINK PAISLEY SQUARE TISSUE BOX ,586.8199999999993,1373.0,117,89,0.0055014282796041255
23565,EGG CUP MILKMAID HELGA ,586.3100000000001,410.0,63,28,0.005496647037617496
84748,FOLK FELT HANGING MULTICOL GARLAND,585.8600000000001,208.0,61,7,0.005492428294688111
21576,LETS GO SHOPPING COTTON TOTE BAG,585.3399999999999,252.0,78,40,0.005487553302858598
22825,DECORATIVE PLANT POT WITH FRIEZE,584.37,73.0,28,23,0.005478459568099702
22703,PINK CAT BOWL,583.3299999999995,360.0,123,30,0.0054687095844406725
85071A,BLUE CHARLIE+LOLA PERSONAL DOORSIGN,583.2299999999998,1041.0,111,77,0.005467772086011923
85172,HYACINTH BULB T-LIGHT CANDLES,583.1200000000003,1346.0,43,34,0.005466740837740301
20832,RED FLOCK LOVE HEART PHOTO FRAME,582.0300000000003,1091.0,82,47,0.005456522104866901
82001s,SILVER RECORD COVER FRAME,581.8799999999999,78.0,15,0,0.0054551158572237685
22785,SQUARECUSHION COVER PINK UNION JACK,581.23,173.0,42,27,0.00544902211743688
21096,SET/6 FRUIT SALAD  PAPER PLATES,581.0899999999993,1259.0,105,63,0.005447709619636621
85136A,YELLOW SHARK HELICOPTER,580.3599999999999,72.0,53,35,0.005440865881106734
85144,JARDIN ETCHED GLASS CHEESE DISH,579.3499999999997,221.0,40,37,0.005431397146976334
20702,PINK PADDED MOBILE,577.79,135.0,42,31,0.005416772171487801
23324,RUSTIC STRAWBERRY JAM POT LARGE ,577.4800000000001,279.0,38,32,0.005413865926358671
22260,FELT EGG COSY BLUE RABBIT ,577.4399999999996,552.0,104,37,0.005413490926987164
84352,SILVER CHRISTMAS TREE BAUBLE STAND ,577.3499999999999,34.0,23,14,0.00541264717840129
21264,WHITE GOOSE FEATHER TREE 60CM ,575.5499999999996,285.0,48,37,0.005395772206683747
22820,GIFT BAG BIRTHDAY,575.4200000000003,940.0,77,42,0.005394553458726375
23016,GLASS TWIST BON BON JAR,575.2500000000001,74.0,24,19,0.005392959711397494
23125,6PC WOOD PLATE SET DISPOSABLE,574.8800000000002,459.0,38,15,0.005389490967211112
22337,ANGEL DECORATION PAINTED ZINC ,574.5399999999996,912.0,77,24,0.005386303472553348
21675,BUTTERFLIES STICKERS,573.36,634.0,110,45,0.005375240991094075
21468,BUTTERFLY CROCHET FOOD COVER,572.2300000000002,148.0,66,43,0.0053646472588491775
21277,FRENCH STYLE EMBOSSED HEART CABINET,571.43,26.0,22,19,0.005357147271419156
85130D,BEADED CRYSTAL HEART PINK LARGE,569.29,565.0,62,41,0.005337084805043858
21251,DINOSAUR HEIGHT CHART STICKER SET,568.9799999999998,182.0,46,32,0.005334178559914723
23069,EDWARDIAN PHOTO FRAME,568.71,90.0,32,27,0.0053316473141570946
85161,ACRYLIC GEOMETRIC LAMP,568.65,35.0,20,8,0.0053310848150998425
23219,LAUREL STAR ANTIQUE SILVER ,568.5999999999998,430.0,61,41,0.005330616065885465
84796A,PINK HAWAIIAN PICNIC HAMPER FOR 2,568.1299999999999,61.0,43,10,0.0053262098232703305
23381,PACK OF 12 VINTAGE LEAF TISSUES ,567.9500000000003,1509.0,80,59,0.0053245223260985795
21899,GARAGE KEY FOB,567.7599999999998,780.0,147,81,0.005322741079083945
23413,VINTAGE COFFEE GRINDER BOX,566.1800000000003,110.0,30,20,0.005307928603909664
21488,RED WHITE SCARF  HOT WATER BOTTLE,566.17,69.0,16,2,0.005307834854066786
22482,BLUE TEA TOWEL CLASSIC DESIGN,565.86,478.0,53,40,0.005304928608937655
22272,FELTCRAFT DOLL MARIA,564.9200000000002,196.0,48,43,0.005296116123707385
85019A,ROMANTIC IMAGES NOTEBOOK SET,564.3499999999999,414.0,33,25,0.005290772382663494
23272,TREE T-LIGHT HOLDER WILLIE WINKIE,562.22,364.0,44,34,0.005270803666131071
84569D,PACK 6 HEART/ICE-CREAM PATCHES,561.8699999999998,468.0,98,32,0.0052675224216304365
21219,SET/4 BADGES BALLOON GIRL,561.8399999999999,448.0,89,35,0.005267241172101812
85032D,YULETIDE IMAGES GIFT WRAP SET,561.3399999999999,687.0,93,57,0.0052625536799580505
71279,PINK GLASS CANDLEHOLDER,561.3199999999999,176.0,38,20,0.005262366180272301
22286,"DECORATION , WOBBLY RABBIT , METAL ",560.9300000000001,319.0,48,30,0.005258709936400168
84912A,PINK ROSE WASHBAG,560.6200000000002,156.0,74,25,0.005255803691271037
85016,SET OF 6 VINTAGE NOTELETS KIT,560.11,563.0,42,22,0.005251022449284398
85163A,WHITE BAROQUE WALL CLOCK ,558.9999999999999,66.0,32,15,0.005240616216725246
21849,SILVER DIAMANTE PEN IN GIFT BOX,558.8299999999997,175.0,66,16,0.005239022469396367
85025B,EAU DE NILE HEART SHAPE PHOTO FRAME,558.4199999999998,331.0,38,20,0.005235178725838483
23451,SQUARE MINI PORTRAIT FRAME,558.1199999999998,278.0,52,38,0.005232366230552225
21194,PINK  HONEYCOMB PAPER FAN,558.0699999999997,499.0,65,37,0.005231897481337849
90062,CARNIVAL BRACELET,558.03,44.0,26,6,0.00523152248196635
21662,VINTAGE GLASS COFFEE CADDY,557.3000000000001,86.0,26,14,0.005224678743436459
85187,S/12 MINI RABBIT EASTER,556.5299999999996,337.0,69,53,0.005217460005535063
23074,EMBOSSED HEART TRINKET BOX,555.5899999999999,250.0,48,32,0.005208647520304794
84951B,SET OF 4 BLACK LOVEBIRD COASTERS,554.7799999999997,451.0,82,24,0.0052010537830318995
85184C,SET 4 VALENTINE DECOUPAGE HEART BOX,554.5999999999998,172.0,62,38,0.005199366285860146
17129F,BLUE GLASS GEMS IN BAG,553.8299999999999,588.0,57,11,0.005192147547958754
84951A,SET OF 4 PISTACHIO LOVEBIRD COASTER,553.7999999999997,476.0,93,26,0.005191866298430127
79030G,TUMBLER NEW ENGLAND,553.5300000000003,1267.0,53,35,0.005189335052672501
35599D,PINK AND WHITE CHRISTMAS TREE 120CM,553.0699999999999,201.0,34,17,0.005185022559900237
23473,WOODLAND SMALL RED FELT HEART,552.8499999999998,679.0,51,41,0.005182960063356981
47563A,RETRO LONGBOARD IRONING BOARD COVER,552.7600000000003,286.0,105,31,0.005182116314771108
21638,ASSORTED TUTTI FRUTTI NOTEBOOK,551.96,249.0,40,25,0.005174616327341088
35965,FOLKART HEART NAPKIN RINGS,551.13,366.0,69,22,0.005166835090382443
35599B,BLACK CHRISTMAS TREE 120CM,551.1299999999999,217.0,27,19,0.005166835090382443
17012D,ORIGAMI ROSE INCENSE/CANDLE SET ,550.6400000000001,463.0,97,35,0.005162241348081558
22903,CALENDAR FAMILY FAVOURITES,550.5999999999998,193.0,59,21,0.005161866348710055
21397,BLUE POLKADOT EGG CUP ,550.4300000000001,1075.0,65,43,0.005160272601381178
23456,MEDIUM PARLOUR PICTURE FRAME ,550.0000000000001,136.0,34,31,0.005156241358137544
22261,FELT EGG COSY WHITE RABBIT ,549.8100000000001,585.0,107,61,0.005154460111122913
22584,PACK OF 6 PANETTONE GIFT BOXES,548.6300000000001,233.0,18,14,0.005143397629663637
23549,WRAP BIRD GARDEN ,548.1,1305.0,52,46,0.0051384288879912495
21128,GOLD FISHING GNOME,546.5999999999998,68.0,36,12,0.005124366411559963
85107,CUT GLASS T-LIGHT HOLDER OCTAGON,546.49,251.0,27,21,0.005123335163288337
84598,BOYS ALPHABET IRON ON PATCHES,546.04,1975.0,99,5,0.005119116420358952
22023,EMPIRE BIRTHDAY CARD,543.7600000000006,1218.0,146,71,0.0050977414561834055
22513,DOORSTOP FOOTBALL DESIGN,543.6500000000001,153.0,67,37,0.005096710207911774
23398,HANGING HEART BONHEUR,538.7500000000002,610.0,69,53,0.005050772784902913
22496,SET OF 2 ROUND TINS DUTCH CHEESE,538.06,254.0,79,63,0.00504430404574452
84625C,BLUE NEW BAROQUE CANDLESTICK CANDLE,536.4099999999997,449.0,35,20,0.005028835321670105
22717,CARD DOG AND BALL ,535.7800000000005,1229.0,131,69,0.0050229290815689736
82613D,METAL SIGN CUPCAKE SINGLE HOOK,535.4899999999998,697.0,111,43,0.005020210336125585
85088,CANDY SPOT HAND BAG,534.8299999999999,259.0,51,18,0.005014022846495821
85114c,RED ENCHANTED FOREST PLACEMAT,534.6600000000001,162.0,35,0,0.005012429099166943
23660,HENRIETTA HEN MUG ,534.66,306.0,42,30,0.0050124290991669426
22521,CHILDS GARDEN TROWEL PINK,533.1600000000001,618.0,104,81,0.00499836662273566
22543,MINI JIGSAW BAKE A CAKE ,531.6399999999999,1455.0,55,32,0.004984116646618623
17012F,ORIGAMI SANDLEWOOD INCENSE/CAND SET,530.5999999999999,448.0,94,33,0.0049743666629596
35241,ENAMEL BLUE RIM BISCUIT BIN,530.49,103.0,44,27,0.004973335414687973
21801,CHRISTMAS TREE DECORATION WITH BELL,530.2599999999999,1251.0,125,22,0.004971179168301841
21270,ANTIQUE CREAM CUTLERY CUPBOARD,530.1899999999999,50.0,36,12,0.004970522919401715
23139,SINGLE WIRE HOOK PINK HEART,530.15,415.0,27,20,0.004970147920030215
75131,METAL TUBE CHIME ON BAMBOO,529.21,490.0,15,13,0.004961335434799943
22709,WRAP WEDDING DAY,528.5,1325.0,39,38,0.004954679195955802
21059,PARTY INVITES DINOSAURS,528.2299999999997,611.0,94,67,0.004952147950198168
23060,HEART BEADED TRELLIS DECORATION,528.1699999999998,249.0,42,34,0.0049515854511409186
22707,WRAP MONSTER FUN ,527.94,1257.0,49,41,0.0049494292047547895
22275,WEEKEND BAG VINTAGE ROSE PAISLEY,527.85,69.0,1,1,0.004948585456168913
22248,DECORATION  PINK CHICK MAGIC GARDEN,525.9399999999999,594.0,109,43,0.004930679236179744
85104,SILVER GLASS T-LIGHT SET,525.75,201.0,17,13,0.004928897989165114
85135B,BLUE DRAGONFLY HELICOPTER,524.5499999999997,65.0,45,28,0.004917648008020085
20785,FUSCHIA RETRO BAR STOOL,523.3000000000001,14.0,5,4,0.004905929277660684
22861,EASTER TIN CHICKS IN GARDEN,522.93,305.0,50,36,0.0049024605334743
85025C,PINK HEART SHAPE PHOTO FRAME,522.5600000000001,322.0,39,27,0.004898991789287917
23537,WALL ART I LOVE LONDON ,521.73,99.0,32,18,0.004891210552329273
23336,EGG FRYING PAN PINK ,521.3299999999998,226.0,85,46,0.004887460558614262
85131B,BEADED CRYSTAL HEART GREEN ON STICK,521.1100000000004,623.0,172,2,0.004885398062071012
84816,DANISH ROSE BEDSIDE CABINET,519.35,13.0,10,10,0.004868898089724969
84313B,BLUE TV TRAY TABLE ,518.61,127.0,39,6,0.004861960601352202
20761,BLUE PAISLEY SKETCHBOOK,517.22,123.0,63,46,0.0048489293731925455
21455,PAINTED YELLOW WOODEN DAISY,516.7900000000001,612.0,117,32,0.004844898129948911
21711,FOLDING UMBRELLA WHITE/RED POLKADOT,513.0199999999999,104.0,36,22,0.0048095544391849486
22216,T-LIGHT HOLDER WHITE LACE,512.9299999999997,588.0,68,17,0.004808710690599069
23136,IVORY WIRE SWEETHEART LETTER TRAY,511.88999999999993,135.0,49,39,0.004798960706940048
22280,POCKET BAG PINK PAISELY BROWN SPOT,510.83999999999975,469.0,95,26,0.004789116973438147
21926,RED/CREAM STRIPE CUSHION COVER ,509.9,414.0,60,35,0.004780304488207878
21654,RIDGED GLASS FINGER BOWL,509.3599999999999,986.0,59,40,0.004775241996692615
72819,CUPID DESIGN SCENTED CANDLES,509.07000000000005,225.0,43,28,0.004772523251249235
84520B,PACK 20 ENGLISH ROSE PAPER NAPKINS,508.3699999999998,554.0,80,51,0.004765960762247966
23527,WALL ART ANIMALS AND NATURE ,508.34,154.0,31,25,0.004765679512719342
20681,PINK POLKADOT CHILDRENS UMBRELLA,506.96,140.0,46,29,0.0047527420344025606
21067,VINTAGE RED TEATIME MUG,506.6499999999998,319.0,76,30,0.004749835789273427
22785,SQUARECUSHION COVER PINK UNION FLAG,506.34000000000003,72.0,32,23,0.004746929544144298
23043,PAPER LANTERN 9 POINT HOLLY STAR L,506.01,75.0,20,15,0.004743835799329414
82616B,FRAPPUCINO SCARF KNITTING KIT,505.6899999999999,344.0,73,35,0.004740835804357406
20998,ROSE DU SUD OVEN GLOVE,505.1999999999998,185.0,69,27,0.0047362420620565195
23021,GLASS BONNE JAM JAR,504.97,121.0,27,24,0.004734085815670391
22127,PARTY CONES CARNIVAL ASSORTED,504.88,404.0,22,20,0.004733242067084514
22286,DECORATION WOBBLY RABBIT METAL ,504.4599999999999,830.0,67,35,0.004729304573683753
84687,BEACH HUT SHELF W 3 DRAWERS,504.43,81.0,31,16,0.004729023324155129
84616,SILVER ROCCOCO CHANDELIER,504.32,14.0,9,6,0.0047279920758835
21925,UNION STRIPE CUSHION COVER ,503.75,403.0,65,38,0.004722648334839613
84509C,SET OF 4 POLKADOT PLACEMATS ,502.68999999999994,131.0,51,20,0.004712710851494838
23560,SET OF 6 RIBBONS COUNTRY STYLE,502.07000000000005,173.0,26,20,0.004706898361236575
21710,FOLDING UMBRELLA PINKWHITE POLKADOT,501.9799999999999,107.0,45,29,0.004706054612650697
82613B,"METAL SIGN,CUPCAKE SINGLE HOOK",501.48999999999955,584.0,111,39,0.004701460870349807
82616C,MIDNIGHT GLAMOUR SCARF KNITTING KIT,501.4399999999999,324.0,85,40,0.004700992121135434
85231G,ORANGE SCENTED SET/9 T-LIGHTS,501.26999999999975,594.0,81,49,0.004699398373806554
23117,POPPY FIELDS CHOPPING BOARD,501.22999999999985,93.0,45,39,0.004699023374435053
20766,GARDEN PATH SKETCHBOOK,501.07,124.0,57,41,0.004697523376949052
22181,SNOWSTORM PHOTO FRAME FRIDGE MAGNET,500.90999999999985,591.0,57,40,0.004696023379463047
21972,SET OF 36 DINOSAUR PAPER DOILIES,499.0799999999998,335.0,65,35,0.0046788671582168795
22050,PINK PAISLEY ROSE GIFT WRAP,498.5,1225.0,40,37,0.004673429667330118
22516,CHILDS GARDEN RAKE BLUE,496.9900000000001,207.0,62,35,0.00465927344105596
84970s,HANGING HEART ZINC T-LIGHT HOLDER,496.48999999999995,238.0,66,0,0.004654585948912196
22511,RETROSPOT BABUSHKA DOORSTOP,495.20000000000005,251.0,54,44,0.004642492219181294
21358,TOAST ITS - HAPPY BIRTHDAY,494.53999999999974,412.0,108,54,0.004636304729551525
21850,BLUE  DIAMANTE PEN IN GIFT BOX,493.07999999999987,130.0,54,12,0.0046226172524917435
35598D,PINK/WHITE CHRISTMAS TREE 60CM,493.0100000000001,684.0,42,23,0.004621961003591619
46776C,WOVEN FROST CUSHION COVER,492.7899999999997,117.0,59,6,0.00461989850704836
21632,VINTAGE PINK DECORATIVE PARASOL,489.7400000000002,88.0,24,5,0.00459130480497142
85194S,HANGING SPRING FLOWER EGG SMALL,489.16999999999985,1197.0,72,50,0.0045859610639275294
35809A,ENAMEL PINK TEA CONTAINER,488.88999999999953,421.0,62,37,0.00458333606832702
21202,DOLLY HONEYCOMB GARLAND,487.10999999999996,475.0,25,20,0.004566648596295233
21867,PINK UNION JACK  LUGGAGE TAG,486.4999999999997,353.0,121,56,0.004560929855879842
21454,PAINTED PINK RABBIT ,486.0099999999998,573.0,136,41,0.004556336113578956
84820,DANISH ROSE TRINKET TRAYS,484.62999999999965,261.0,31,31,0.004543398635262173
17012C,ORIGAMI LAVENDER INCENSE/CANDL SET ,484.3500000000001,421.0,85,37,0.004540773639661671
23218,LAUREL STAR ANTIQUE GOLD,483.0299999999998,379.0,40,27,0.004528398660402139
21634,ASSORTED MINI MADRAS NOTEBOOK,481.95000000000016,976.0,28,22,0.004518273677371617
22638,SET OF 4 NAPKIN CHARMS CROWNS ,481.88000000000005,300.0,52,37,0.00451761742847149
22230,JIGSAW TREE WITH WATERING CAN,480.9200000000002,1048.0,101,50,0.00450861744355547
21587,COSY HOUR GIANT TUBE MATCHES,480.7500000000001,197.0,26,25,0.00450702369622659
90209C,PINK ENAMEL+GLASS HAIR COMB,480.49999999999994,263.0,31,8,0.004504679950154708
21741,COSY SLIPPER SHOES LARGE GREEN,480.17,147.0,40,27,0.004501586205339825
21507,ELEPHANT BIRTHDAY CARD ,479.8200000000003,1122.0,95,63,0.0044983049608391945
23169,CLASSIC GLASS SWEET JAR,479.45000000000005,119.0,14,14,0.00449483621665281
84849B,FAIRY SOAP SOAP HOLDER,478.8299999999998,266.0,76,41,0.004489023726394543
20803,SMALL PINK GLASS SUNDAE DISH,478.71999999999986,945.0,40,26,0.004487992478122916
23422,PANTRY HOOK BALLOON WHISK ,477.88999999999993,213.0,47,29,0.004480211241164273
85049F,BABY BOOM RIBBONS ,477.34000000000003,378.0,88,70,0.004475054999806136
21472,LADYBIRD + BEE RAFFIA FOOD COVER,476.41,123.0,37,29,0.004466336264418739
23561,SET OF 6 RIBBONS PARTY,475.99999999999994,170.0,16,13,0.004462492520860855
85093,CANDY SPOT EGG WARMER HARE,475.1800000000002,708.0,88,20,0.004454805033745088
22184,CAKE STAND VICTORIAN FILIGREE LARGE,471.8600000000002,56.0,35,3,0.004423680085910512
21366,MIRRORED WALL ART PHOTO FRAMES,470.1700000000002,89.0,46,9,0.004407836362464598
84674,FLYING PIG WATERING CAN,469.8999999999998,194.0,47,31,0.0044053051167069635
23521,WALL ART CAT AND BIRD ,469.73000000000013,143.0,40,18,0.004403711369378088
20716,PARTY FOOD SHOPPER BAG,469.6299999999999,400.0,73,31,0.004402773870949334
20707,CRAZY DAISY HEART DECORATION,468.38999999999993,464.0,149,20,0.004391148890432806
20615,BLUE POLKADOT PASSPORT COVER,466.9899999999998,309.0,95,28,0.004378023912430273
20831,GOLD PHOTO FRAME,466.5300000000002,216.0,39,19,0.004373711419658016
84917,WHITE HAND TOWEL WITH BUTTERFLY,466.29999999999995,184.0,27,13,0.004371555173271884
22647,CERAMIC LOVE HEART MONEY BANK,466.18,732.0,45,34,0.0043704301751573815
23379,PACK OF 12 RED APPLE TISSUES,465.36,1220.0,76,49,0.004362742688041613
21374,MIRRORED WALL ART SKULLS,463.79,304.0,46,37,0.004348023962710202
23455,SMALL PARLOUR PICTURE FRAME,462.44999999999965,165.0,33,30,0.0043354614837649175
22517,CHILDS GARDEN RAKE PINK,462.3300000000005,206.0,69,48,0.004334336485650423
20838,FRENCH LATTICE CUSHION COVER ,461.45000000000016,385.0,57,30,0.0043260864994774
35598B,BLACK CHRISTMAS TREE 60CM,460.6400000000001,558.0,25,20,0.004318492762204506
21003,ROSE DU SUD CUSHION COVER,460.5799999999999,78.0,46,6,0.004317930263147253
23691,WRAP KEEP CALM BIRTHDAY,460.5,1125.0,36,34,0.004317180264404251
22344,PARTY PIZZA DISH PINK POLKADOT,460.3799999999998,1228.0,76,34,0.004316055266289747
21063,PARTY INVITES JAZZ HEARTS,458.30999999999983,528.0,102,64,0.004296649048814575
21062,PARTY INVITES SPACEMAN,458.22999999999985,539.0,74,55,0.004295899050071573
23023,RIDGED BONNE JAM JAR T-LIGHT HOLDER,457.6199999999999,286.0,25,23,0.004290180309656185
21220,SET/4 BADGES DOGS,457.50999999999976,348.0,89,34,0.004289149061384556
23045,PAPER LANTERN 5 POINT STAR MOON ,456.4800000000001,108.0,20,17,0.004279492827568411
17096,ASSORTED LAQUERED INCENSE HOLDERS,455.98000000000013,2545.0,24,12,0.0042748053354246494
21851,LILAC DIAMANTE PEN IN GIFT BOX,454.98999999999995,141.0,63,12,0.00426552410098
35004G,SET OF 3 GOLD FLYING DUCKS,454.6499999999999,127.0,21,16,0.004262336606322243
22268,EASTER DECORATION SITTING BUNNY,454.49999999999994,531.0,75,44,0.004260930358679114
21415,CLAM SHELL SMALL ,454.41999999999996,223.0,46,25,0.004260180359936113
84920,PINK FLOWER FABRIC PONY,453.7300000000001,117.0,48,22,0.004253711620777723
84916,HAND TOWEL PALE BLUE W FLOWERS,453.38999999999993,223.0,29,17,0.004250524126119964
85169C,EAU DE NIL LOVE BIRD CANDLE,452.85999999999996,429.0,46,14,0.004245555384447577
23509,MINI PLAYING CARDS FUN FAIR ,452.7199999999997,1065.0,65,51,0.004244242886647321
22813,PACK 3 BOXES BIRD PANETTONE ,451.83999999999975,204.0,31,11,0.004235992900474302
21061,PARTY INVITES FOOTBALL,451.6999999999999,488.0,83,49,0.00423468040267405
21641,ASSORTED TUTTI FRUTTI KEYRING BALL,451.5899999999999,1153.0,49,19,0.004233649154402423
23548,WRAP MAGIC FOREST ,451.5,1075.0,43,42,0.004232805405816546
48189,DOORMAT FRIENDSHIP ,451.1099999999999,27.0,17,0,0.004229149161944412
84872A,TEATIME FUNKY FLOWER BACKPACK FOR 2,450.07999999999987,40.0,32,3,0.0042194929281282635
20770,ABSTRACT CIRCLE JOURNAL ,449.8000000000001,185.0,72,24,0.004216867932527759
22640,SET OF 4 NAPKIN CHARMS 3 KEYS ,449.3900000000001,238.0,57,33,0.004213024188969874
22598,CHRISTMAS MUSICAL ZINC TREE,447.3600000000001,994.0,95,42,0.004193992970866203
20669,RED HEART LUGGAGE TAG,447.33999999999986,304.0,96,36,0.00419380547118045
21365,MIRRORED WALL ART STARS,447.0900000000001,363.0,52,35,0.004191461725108572
84600,NEW BAROQUE JEWELLERY BOX ,446.89,53.0,25,16,0.004189586728251066
22486,PLASMATRONIC LAMP,446.45000000000016,71.0,25,9,0.004185461735164557
84976,RECTANGULAR SHAPED MIRROR,446.1500000000002,512.0,37,27,0.004182649239878301
22390,PAPERWEIGHT CHILDHOOD MEMORIES,445.44000000000005,268.0,36,24,0.004175993001034159
22643,SET OF 4 NAPKIN CHARMS LEAVES   ,445.1700000000002,240.0,48,29,0.004173461755276529
82613C,"METAL SIGN,CUPCAKE SINGLE HOOK",444.6299999999996,538.0,96,33,0.004168399263761261
21656,RIDGED GLASS POSY VASE ,444.5799999999998,219.0,47,15,0.004167930514546887
21580,RABBIT  DESIGN  COTTON TOTE BAG,444.06999999999977,181.0,62,21,0.004163149272560249
20903,VINTAGE KEEPSAKE BOX TRAVELOGUE,441.8899999999998,82.0,56,10,0.0041427118068134506
20768,GREEN FERN JOURNAL ,441.12000000000023,177.0,55,31,0.0041354930689120615
85111,SILVER GLITTER FLOWER VOTIVE HOLDER,441.07000000000016,1421.0,57,40,0.004135024319697685
35637A,IVORY STRING CURTAIN WITH POLE ,440.6199999999998,170.0,28,23,0.004130805576768297
20619,TROPICAL PASSPORT COVER ,439.6499999999997,262.0,99,16,0.004121711842009398
21828,EIGHT PIECE SNAKE  SET,439.5399999999998,333.0,84,53,0.004120680593737772
85130C,BEADED CRYSTAL HEART BLUE  LARGE,438.87,483.0,46,37,0.004114399354265133
22545,MINI JIGSAW BUNNIES,436.08999999999986,1143.0,75,40,0.004088336897945819
84360,TABLE LAMP WHITE SHADE WOOD BASE,434.12,78.0,20,9,0.0040698681788993996
35653,VINTAGE BEAD NOTEBOOK,433.18999999999994,150.0,52,11,0.004061149443512003
85168B,BLACK BAROQUE CARRIAGE CLOCK,432.78999999999996,51.0,35,5,0.0040573994497969945
22229,BUNNY WOODEN PAINTED WITH FLOWER ,432.4599999999996,568.0,101,54,0.004054305704982108
23457,LARGE PARLOUR PICTURE FRAME,431.97999999999996,86.0,29,25,0.004049805712524101
84931B,BLUE SCOTTIE DOG W FLOWER PATTERN,431.73000000000013,180.0,49,21,0.004047461966452222
23058,CHRISTMAS HANGING SNOWFLAKE,430.86,490.0,48,39,0.004039305730122076
20705,MRS ROBOT SOFT TOY,428.8499999999998,143.0,28,27,0.004020462011704153
21002,ROSE DU SUD DRAWSTRING BAG,428.6600000000002,125.0,66,5,0.004018680764689528
21088,SET/6 FRUIT SALAD PAPER CUPS,428.28,1678.0,103,67,0.004015118270660267
77101A,UNION FLAG WINDSOCK,428.19,388.0,22,16,0.00401427452207439
85071C,"CHARLIE+LOLA""EXTREMELY BUSY"" SIGN",427.99999999999966,683.0,105,62,0.004012493275059758
21758,VINTAGE SHELLS PRINT,427.45999999999987,50.0,32,13,0.004007430783544497
84658,WHITE STITCHED CUSHION COVER,426.1299999999999,59.0,22,14,0.003994962054442092
23522,DOG AND BALL WALL ART,425.8799999999999,252.0,4,3,0.003992618308370211
21318,GLASS CHALICE BLUE SMALL ,425.08000000000015,696.0,49,38,0.003985118320940196
20934,SET/3 POT PLANT CANDLES,424.45999999999987,68.0,32,20,0.0039793058306819284
72799F,IVORY PILLAR CANDLE GOLD FLOCK,424.0799999999999,145.0,30,19,0.0039757433366526705
20765,CHRYSANTHEMUM SKETCHBOOK ,423.5499999999999,104.0,59,45,0.003970774594980283
90200E,GREEN SWEETHEART BRACELET,423.4099999999998,103.0,44,15,0.003969462097180029
90154,LAZER CUT NECKLACE W PASTEL BEADS,421.75,57.0,5,5,0.003953899623262743
85136C,RED SHARK HELICOPTER,421.1799999999998,52.0,36,20,0.003948555882218853
20762,GREEN FERN SKETCHBOOK ,420.0799999999999,106.0,56,42,0.00393824339950258
22051,BLUE SCANDINAVIAN PAISLEY WRAP,420.0,1000.0,39,36,0.003937493400759578
21129,SILVER FISHING GNOME ,419.51999999999987,52.0,27,13,0.003932993408301565
85208,SET/12 FUNKY FELT FLOWER PEG IN BAG,419.00999999999993,224.0,48,22,0.003928212166314929
84970l,SINGLE HEART ZINC T-LIGHT HOLDER,418.97999999999996,201.0,50,0,0.0039279309167863045
90114,SUMMER DAISIES BAG CHARM,417.96,167.0,88,11,0.003918368432813031
22405,MONEY BOX POCKET MONEY DESIGN,417.86,374.0,70,46,0.0039174309343842795
84821,DANISH ROSE DELUXE COASTER,417.3499999999998,947.0,40,35,0.003912649692397641
22214,CANDLE PLATE LACE WHITE,416.59999999999985,193.0,56,18,0.003905618454181999
21147,JINGLE BELLS TREE DECORATION,415.76999999999975,203.0,76,11,0.0038978372172233542
22108,PING! MICROWAVE PLATE,415.09000000000003,152.0,63,16,0.003891462227907841
21817,GLITTER CHRISTMAS TREE,414.6299999999998,912.0,58,48,0.0038871497351355786
21579,LOLITA  DESIGN  COTTON TOTE BAG,414.2199999999999,178.0,50,30,0.0038833059915776955
21285,RETROSPOT CANDLE  MEDIUM,413.88,365.0,43,26,0.0038801184969199385
21884,CAKES AND BOWS GIFT  TAPE,413.76,1166.0,93,43,0.0038789934988054356
90161C,ANT COPPER LIME BOUDICCA BRACELET,412.74000000000007,83.0,50,13,0.003869431014832163
23459,DOLLY CABINET 2 DRAWERS ,412.5,33.0,19,19,0.0038671810186031567
15056p,EDWARDIAN PARASOL PINK,412.47999999999996,33.0,26,0,0.0038669935189174064
23415,HOME SWEET HOME HOOK,412.18,328.0,47,42,0.00386418102363115
84596E,SMALL LICORICE DES PINK BOWL,412.10000000000014,565.0,79,33,0.0038634310248881493
84806B,WHITE CANDYSTUFT ARTIFICIAL FLOWER,411.56000000000006,308.0,20,18,0.003858368533372886
22447,PIN CUSHION BABUSHKA BLUE,410.8100000000002,137.0,45,16,0.0038513372951572452
20830,SILVER PHOTO FRAME,409.83000000000004,136.0,37,19,0.0038421498105554717
85203,HANGING WOOD AND FELT BUTTERFLY ,409.41000000000025,896.0,127,45,0.003838212317154714
16219,HOUSE SHAPE PENCIL SHARPENER,407.71999999999963,3048.0,100,41,0.0038223685937087944
22510,GINGHAM BABUSHKA DOORSTOP,406.49000000000007,211.0,42,34,0.0038108373630351454
35964,FOLKART CLIP ON STARS,405.25000000000006,786.0,100,34,0.003799212382518617
23339,EGG FRYING PAN BLUE ,404.99999999999983,175.0,76,43,0.0037968686364467344
22406,MONEY BOX KINGS CHOICE DESIGN,403.4599999999998,346.0,84,49,0.0037824311606439493
22134,MINI LADLE LOVE HEART RED ,401.60000000000014,866.0,153,28,0.0037649936898691595
22287,"DECORATION , WOBBLY CHICKEN, METAL ",401.02000000000004,236.0,35,27,0.0037595561989823955
23576,SNACK TRAY RED VINTAGE DOILY,400.04,198.0,37,28,0.003750368714380623
23429,RED RETRO KITCHEN WALL CLOCK,400.01000000000005,47.0,23,19,0.0037500874648519976
23039,T-LIGHT HOLDER SILVER HEART HANDLE,399.7099999999998,199.0,28,22,0.0037472749695657386
22345,PARTY PIZZA DISH BLUE POLKADOT,399.62,1120.0,71,29,0.0037464312209798635
23466,TUSCAN VILLA DOVECOTE BIRD FEEDER,399.03,43.0,23,17,0.003740899980250225
37476,CONDIMENT TRAY 4 BOWLS AND 4 SPOONS,399.02,37.0,26,9,0.003740806230407349
21131,GOLD STANDING GNOME,398.02000000000004,106.0,28,11,0.0037314312461198267
84974,S/2 ZINC HEART DESIGN PLANTERS,397.99999999999983,40.0,28,26,0.0037312437464340742
18007,ESSENTIAL BALM 3.5g TIN IN ENVELOPE,395.60999999999996,5884.0,30,15,0.0037088375339868964
23484,HEART TRELLIS TRIPLE T-LIGHT HOLDER,395.11000000000007,129.0,30,20,0.0037041500418431364
47421,ASSORTED COLOUR LIZARD SUCTION HOOK,395.09999999999974,999.0,55,16,0.0037040562920002576
22256,FELT FARM ANIMAL CHICKEN,394.14999999999986,291.0,50,32,0.0036951500569271127
23661,MILK MAIDS MUG ,393.5899999999999,219.0,33,23,0.0036899000657261
22048,BIRTHDAY BANQUET GIFT WRAP,393.5,975.0,32,32,0.0036890563171402234
20867,PINK ROSE FABRIC MIRROR,393.47,331.0,62,23,0.0036887750676115982
90200B,BLACK SWEETHEART BRACELET,392.8299999999997,93.0,47,18,0.0036827750776675804
23116,VEGETABLE GARDEN CHOPPING BOARD,392.3399999999999,78.0,22,17,0.003678181335366696
84826,ASSTD DESIGN 3D PAPER STICKERS,391.93,1165.0,31,28,0.003674337591808813
23150,IVORY SWEETHEART SOAP DISH,390.75,148.0,49,33,0.0036632751103495356
85232A,SET/3 POLKADOT STACKING TINS,389.55,78.0,29,22,0.0036520251292045084
21373,MIRRORED WALL ART SNOWFLAKES,389.03999999999996,512.0,47,41,0.0036472438872178718
23337,EGG FRYING PAN MINT ,388.74999999999994,180.0,69,49,0.00364452514177449
35095A,BLUE VICTORIAN FABRIC OVAL BOX,388.57000000000005,925.0,100,29,0.003642837644602737
23103,BELL HEART DECORATION,387.0,252.0,9,9,0.0036281189192713253
21879,HEARTS GIFT TAPE,386.77,1178.0,94,52,0.003625962672885195
20854,BLUE PATCH PURSE PINK HEART,386.3199999999998,244.0,41,16,0.0036217439299558083
71053,WHITE MOROCCAN METAL LANTERN,385.3000000000001,70.0,26,9,0.0036121814459825377
21881,CUTE CATS TAPE,383.11000000000007,1102.0,79,37,0.003591650230392862
21197,MULTICOLOUR  CONFETTI IN TUBE,382.96000000000004,284.0,27,13,0.0035902439827497335
84919,BLUE CUSHION COVER WITH FLOWER,381.7800000000001,58.0,29,9,0.0035791815012904574
22346,PARTY PIZZA DISH GREEN POLKADOT,381.66,1037.0,59,23,0.003578056503175954
85179A,GREEN BITTY LIGHT CHAIN,380.78999999999985,193.0,59,15,0.0035699002668458076
21562,HAWAIIAN GRASS SKIRT ,380.36,324.0,28,20,0.003565869023602174
16045,POPART WOODEN PENCILS ASST,380.0,8900.0,68,61,0.0035624940292586656
23396,LA JARDIN BOTANIQUE CUSHION COVER,379.28,88.0,28,23,0.0035557440405716493
46776D,WOVEN SUNSET CUSHION COVER ,378.2899999999999,89.0,37,3,0.003546462806127001
90161B,ANT COPPER TURQ BOUDICCA BRACELET,377.88000000000005,76.0,37,10,0.0035426190625691177
21243,PINK POLKADOT PLATE ,377.56,220.0,25,18,0.0035396190675971106
21051,RIBBONS PURSE ,377.2000000000001,192.0,51,23,0.003536244073253603
90160C,TURQ+RED BOUDICCA LARGE BRACELET,377.0399999999999,54.0,26,14,0.0035347440757675973
47367B,PAIR PADDED HANGERS PINK CHECK,376.2700000000001,112.0,43,11,0.0035275253378662065
21284,RETROSPOT CANDLE  SMALL,376.18,404.0,42,24,0.003526681589280329
17012A,ORIGAMI VANILLA INCENSE/CANDLE SET ,375.93000000000006,323.0,65,21,0.0035243378432084486
84559A,3D SHEET OF DOG STICKERS,375.60999999999984,397.0,94,34,0.003521337848236439
21635,MADRAS NOTEBOOK LARGE ,374.96000000000004,271.0,16,15,0.0035152441084495513
84663A,GRASS HOPPER WOODEN WALL CLOCK ,374.12000000000006,272.0,34,21,0.003507369121648032
23128,DOLLCRAFT BOY JEAN-PAUL ,373.9,82.0,12,12,0.0035053066251047762
20782,CAMOUFLAGE EAR MUFF HEADPHONES,373.57000000000005,54.0,27,12,0.0035022128802898946
21945,STRAWBERRIES  DESIGN FLANNEL ,373.3399999999997,358.0,105,27,0.0035000566339037607
16011,ANIMAL STICKERS,372.3300000000002,1773.0,46,38,0.003490587899773368
84915,HAND TOWEL PINK FLOWER AND DAISY,372.3299999999999,217.0,23,8,0.0034905878997733655
21689,SILVER VANILLA  FLOWER CANDLE POT,369.87,95.0,26,22,0.00346752543842606
84563A,PINK & WHITE BREAKFAST TRAY,369.84,96.0,35,11,0.003467244188897434
23575,SNACK TRAY PAISLEY PARK,367.34999999999997,179.0,32,22,0.0034439004780215023
22532,MAGIC DRAWING SLATE LEAP FROG ,366.74999999999983,1072.0,73,54,0.003438275487448987
22769,CHALKBOARD KITCHEN ORGANISER,366.72999999999996,11.0,8,3,0.003438087987763238
22265,EASTER DECORATION NATURAL CHICK,366.15000000000015,540.0,64,42,0.0034326504968764764
21000,ROSE DU SUD COSMETICS BAG,365.09000000000015,97.0,52,16,0.003422713013531702
21320,GLASS CHALICE GREEN  LARGE ,364.22,197.0,19,10,0.0034145567772015557
23579,SNACK TRAY I LOVE LONDON,362.65,171.0,35,22,0.003399838051870145
21286,RETROSPOT CANDLE  LARGE,362.11999999999983,273.0,30,17,0.0033948693101977564
35957,SMALLFOLKART BAUBLE CHRISTMAS DEC,361.81,688.0,41,7,0.003391963065068626
21348,PINK SPOTS CHOCOLATE NESTING BOXES ,361.55999999999995,140.0,6,5,0.003389619318996745
23044,PAPER LANTERN 9 POINT HOLLY STAR S,361.04000000000013,86.0,20,19,0.003384744327167235
85049e,SCANDINAVIAN REDS RIBBONS,360.7099999999999,109.0,42,0,0.0033816505823523503
16008,SMALL FOLDING SCISSOR(POINTED EDGE),360.70999999999987,2892.0,70,54,0.00338165058235235
84632,DECORATIVE HANGING SHELVING UNIT,359.7,6.0,5,5,0.0033721818482219524
35954,SMALL FOLKART STAR CHRISTMAS DEC,359.6000000000001,1293.0,54,30,0.0033712443497932016
21060,PARTY INVITES BALLOON GIRL,359.28999999999996,405.0,71,47,0.003368338104664068
84563B,BLUE & WHITE BREAKFAST TRAY,358.09999999999985,98.0,38,18,0.0033571818733619152
90209B,GREEN ENAMEL+GLASS HAIR COMB,357.7399999999998,185.0,54,7,0.003353806879018406
20856,DENIM PATCH PURSE PINK BUTTERFLY,357.28999999999985,216.0,61,26,0.0033495881360890213
21263,GREEN GOOSE FEATHER TREE 60CM,356.96999999999974,171.0,42,32,0.003346588141117013
22100,SKULLS SQUARE TISSUE BOX,356.45999999999975,757.0,59,34,0.003341806899130377
82095,HEART BUTTONS JEWELLERY BOX,356.11,68.0,30,4,0.0033385256546297464
85169D,PINK LOVE BIRD CANDLE,356.08,351.0,50,20,0.00333824440510112
85169B,BLACK LOVE BIRD CANDLE,356.05999999999995,329.0,62,17,0.0033380569054153697
84569A,PACK 3 IRON ON DOG PATCHES,355.8399999999999,294.0,65,26,0.0033359944088721142
21724,PANDA AND BUNNIES STICKER SHEET,355.8299999999999,408.0,81,43,0.003335900659029239
21001,ROSE DU SUD WASHBAG ,354.1399999999999,74.0,50,12,0.0033200569355833244
37482P,CUBIC MUG PINK POLKADOT,354.02999999999986,506.0,47,30,0.0033190256873116973
47310M,SMALL POP BOX FUNKY MONKEY,353.97999999999973,258.0,87,20,0.0033185569380973197
21664,RIDGED GLASS STORAGE JAR CREAM LID,353.97,99.0,18,15,0.003318463188254448
21723,ALPHABET HEARTS STICKER SHEET,353.48000000000013,401.0,59,29,0.003313869445953562
23420,PANTRY HOOK TEA STRAINER ,353.45000000000005,165.0,32,26,0.0033135881964249355
23421,PANTRY HOOK SPATULA,353.36000000000007,162.0,33,24,0.003312744447839059
21222,SET/4 BADGES BEETLES,353.1899999999997,269.0,73,26,0.003311150700510177
35095B,RED VICTORIAN FABRIC OVAL BOX,352.24999999999994,862.0,98,36,0.0033023382152799078
20652,BLUE POLKADOT LUGGAGE TAG ,350.6099999999999,268.0,78,26,0.0032869632410483696
21555,CERAMIC STRAWBERRY TRINKET TRAY,350.4699999999999,137.0,69,11,0.0032856507432481165
22529,MAGIC DRAWING SLATE GO TO THE FAIR ,349.8699999999999,853.0,70,52,0.0032800257526756026
22268,DECORATION SITTING BUNNY,349.53999999999985,1480.0,83,32,0.0032769320078607196
84924A,WAKE UP COCKEREL CALENDAR SIGN ,348.5899999999999,81.0,33,21,0.0032680257727875734
84631,FRUIT TREE AND BIRDS WALL PLAQUE,348.52999999999986,41.0,24,7,0.003267463273730322
21421,PORCELAIN ROSE LARGE ,348.43,299.0,14,11,0.003266525775301571
23057,GEMSTONE CHANDELIER T-LIGHT HOLDER,347.70000000000005,78.0,7,7,0.0032596820367716797
20700,GREEN CAT FLORAL CUSHION COVER ,345.1699999999998,73.0,54,4,0.0032359633265242444
47591B,SCOTTIES CHILDRENS APRON,344.78999999999974,209.0,56,9,0.003232400832494985
84849A,HELLO SAILOR BLUE SOAP HOLDER,344.3399999999999,180.0,53,25,0.003228182089565602
85129D,BEADED CRYSTAL HEART PINK SMALL,343.9899999999998,208.0,65,16,0.0032249008450649674
22104,MIRROR MOSAIC CANDLE PLATE,343.70999999999964,288.0,59,9,0.00322227584946446
90149,SILVER FLOWR PINK SHELL NECKLACE,342.76000000000005,53.0,4,2,0.003213369614391317
47559b,TEA TIME OVEN GLOVE,342.65000000000015,103.0,28,0,0.0032123383661196905
84766,SILVER ROCOCO CANDLE STICK,340.69999999999993,146.0,14,11,0.003194057146759019
23523,WALL ART TREASURE AHOY ,340.35,90.0,25,21,0.0031907759022583872
21221,SET/4 BADGES CUTE CREATURES,340.21999999999986,261.0,54,24,0.0031895571543010077
71270,PHOTO CLIP LINE,338.72999999999996,239.0,49,16,0.0031755884277125993
22547,MINI JIGSAW DINOSAUR ,338.23000000000025,809.0,101,41,0.0031709009355688406
21167,WHITE SAGE INCENSE,337.13999999999993,1432.0,67,20,0.0031606822026954374
72122,COFFEE SCENT PILLAR CANDLE,336.73999999999995,325.0,61,38,0.0031569322089804288
23127,DOLLCRAFT GIRL NICOLE,336.6000000000001,68.0,12,12,0.003155619711180177
84926E,FLOWERS TILE COASTER,334.7599999999999,992.0,39,32,0.0031383697400911327
85213,MINI  ZINC GARDEN DECORATIONS ,334.03000000000003,841.0,33,23,0.003131526001561243
85230B,CINNAMON SCENTED VOTIVE CANDLE,333.19999999999993,1288.0,39,30,0.003123744764602598
22259,FELT FARM ANIMAL HEN,332.84000000000003,481.0,44,16,0.0031203697702590905
84952B,BLACK LOVE BIRD T-LIGHT HOLDER,332.1399999999999,186.0,29,10,0.003113807281257823
84638,SMALL KITCHEN FLOWER POTS PLAQUE,331.5000000000001,50.0,37,11,0.003107807291313811
21248,DOOR HANGER  MUM + DADS ROOM,330.7199999999999,205.0,66,45,0.0031004948035695413
90200A,PURPLE SWEETHEART BRACELET,328.44,78.0,50,14,0.0030791198393939896
82001s,VINYL RECORD FRAME SILVER,328.24,44.0,12,0,0.0030772448425364857
23236,DOILEY BISCUIT TIN,327.5999999999999,120.0,13,13,0.00307124485259247
16259,PIECE OF CAMO STATIONERY SET,326.55999999999995,3380.0,31,28,0.003061494868933447
84708B,PINK JEWELLED PHOTO FRAME ,326.35,62.0,19,13,0.0030595261222330673
85204,HANGING WOOD AND FELT FLOWER,325.9599999999999,2055.0,104,40,0.0030558698783609327
23037,CANDLE HOLDER SILVER MADELINE,325.16,196.0,20,17,0.0030483698909309154
23478,WOODLAND LARGE PINK FELT HEART,324.40000000000003,285.0,13,9,0.003041244902872398
90147,CHUNKY SILVER NECKLACE PASTEL FLOWE,324.00999999999993,32.0,23,10,0.003037588659000263
23521,CAT AND BIRD WALL ART,323.64,270.0,4,3,0.00303411991481388
23695,DOILY THANK YOU CARD,323.31999999999994,765.0,57,41,0.003031119919841873
85205B,PINK FELT EASTER RABBIT GARLAND,323.15,122.0,29,22,0.003029526172512994
84931A,PINK SCOTTIE DOG W FLOWER PATTERN,322.5400000000001,135.0,51,20,0.0030238074320976063
84509c,SET OF 4 POLKADOT PLACEMATS ,322.2199999999999,43.0,27,0,0.0030208074371255974
21403,BLUE EGG  SPOON,322.1799999999999,1857.0,106,58,0.0030204324377540964
22092,BLUE PAISLEY TISSUE BOX,322.1799999999994,672.0,91,75,0.0030204324377540916
16238,PARTY TIME PENCIL ERASERS,322.0899999999997,1398.0,134,61,0.0030195886891682174
23205,CHARLOTTE BAG ALPHABET  DESIGN,320.5,400.0,22,22,0.003004682464151059
21425,SKULLS STORAGE BOX LARGE,320.48999999999995,87.0,30,12,0.0030045887143081832
16236,KITTY PENCIL ERASERS,320.0899999999998,1438.0,136,59,0.003000838720593173
21371,MIRRORED WALL ART POPPIES,319.71,287.0,38,27,0.0029972762265639157
20936,FORKED CACTUS CANDLE,319.6600000000001,100.0,34,21,0.0029968074773495403
21026,SPACE OWL,319.5,258.0,68,20,0.002995307479863536
22202,MILK PAN PINK POLKADOT,319.34999999999997,64.0,37,16,0.0029939012322204076
22287,DECORATION WOBBLY CHICKEN,319.14,560.0,45,25,0.002991932485520028
90161D,ANT COPPER PINK BOUDICCA BRACELET,318.89,64.0,34,6,0.0029895887394481473
72586,SET OF 6 HALLOWEEN GHOST T-LIGHTS,318.6700000000001,693.0,83,36,0.0029875262429048927
84876B,GREEN HEART COMPACT MIRROR,318.30999999999995,220.0,33,17,0.0029841512485613837
20780,BLACK EAR MUFF HEADPHONES,318.1900000000001,48.0,28,13,0.002983026250446882
84884a,ANT WHITE WIRE HEART SPIRAL,317.7199999999999,38.0,26,0,0.0029786200078317448
46118,FUNKY MONKEY CUSHION COVER,317.1699999999999,232.0,46,12,0.002973463766473607
22765,NEWSPAPER STAND,316.95000000000005,27.0,5,3,0.0029714012699303535
85170B,SET/6 BLACK BIRD T-LIGHT CANDLES,316.75000000000006,215.0,39,13,0.0029695262730728487
35915C,PEACH KNITTED HEN ,316.46,315.0,60,8,0.0029668075276294667
90198A,VINTAGE ROSE BEAD BRACELET RASPBERR,315.73,75.0,44,8,0.0029599637890995755
21375,LARGE CAMPHOR WOOD FIELD MUSHROOM ,315.27,43.0,27,9,0.0029556512963273144
85202,HANGING WOOD AND FELT HEART,314.8100000000002,676.0,106,34,0.002951338803555056
47594B,SCOTTIES DESIGN WASHBAG,314.5499999999997,170.0,56,26,0.0029489013076402955
84584,PINK GINGHAM CAT WITH SCARF,314.51,144.0,30,18,0.002948526308268797
21841,BABY MOUSE RED GINGHAM DRESS,314.5,74.0,21,19,0.0029484325584259222
17084N,FAIRY DREAMS INCENSE ,313.30999999999995,1264.0,101,25,0.0029372763271237694
85014b,RED RETROSPOT UMBRELLA,313.06,25.0,23,0,0.0029349325810518892
21942,SKULLS DESIGN FLANNEL,313.00999999999976,287.0,103,14,0.0029344638318375108
23130,MISELTOE HEART WREATH ,312.8,80.0,5,5,0.0029324950851371337
84358,FLOOR LAMP SHADE WOOD BASE,312.7,33.0,13,6,0.002931557586708381
21811,CHRISTMAS HANGING HEART WITH BELL,311.34999999999997,234.0,26,16,0.002918901357920225
21442,GREEN BIRDHOUSE DECORATION,310.48999999999984,440.0,59,31,0.002910838871432954
21944,KITTENS DESIGN FLANNEL,310.1899999999998,337.0,100,24,0.0029080263761466973
47021G,SET/6 BEAD COASTERS GAUZE BAG GOLD,309.29999999999995,582.0,27,12,0.002899682640130803
22124,SET OF 2 TEA TOWELS PING MICROWAVE,309.11000000000007,150.0,76,14,0.0028979013931161746
21719,LOVELY BONBON STICKER SHEET,307.4399999999999,345.0,58,29,0.00288224516935601
23495,SET OF 3 PANTRY WOODEN SPOONS,306.65999999999997,225.0,41,21,0.002874932681611743
22040,BOTANICAL ROSE GIFT WRAP,304.5,725.0,28,27,0.002854682715550694
23131,MISELTOE HEART WREATH WHITE,304.5,78.0,4,4,0.002854682715550694
22043,CHRISTMAS CARD SCREEN PRINT ,304.49999999999994,1238.0,64,40,0.0028546827155506932
22965,3 TRADITIONAL COOKIE CUTTERS  SET,304.20000000000005,162.0,4,4,0.0028518702202644376
22641,SET OF 4 NAPKIN CHARMS INSTRUMENT,303.7300000000002,139.0,37,23,0.0028474639776493033
23430,BLUE RETRO KITCHEN WALL CLOCK,301.88,36.0,18,16,0.002830120256717384
23522,WALL ART DOG AND BALL ,301.56,102.0,28,17,0.002827120261745377
35912B,WHITE/PINK CHICK DECORATION,301.26,252.0,20,15,0.00282430776645912
84661B,BLACK SQUARE TABLE CLOCK,300.24000000000007,115.0,29,10,0.0028147452824858477
22409,MONEY BOX BISCUITS DESIGN,299.72,228.0,57,36,0.0028098702906563353
21761,WOOD AND GLASS MEDICINE CABINET,299.49999999999994,10.0,10,10,0.0028078077941130794
23440,PAINT YOUR OWN EGGS IN CRATE,299.36,164.0,5,5,0.002806495296312827
20897,VINTAGE NOTEBOOK PARIS DAYS,298.27000000000004,107.0,24,8,0.0027962765634394274
90184B,AMETHYST CHUNKY BEAD BRACELET W STR,297.93999999999994,33.0,21,11,0.0027931828186245435
22135,MINI LADLE LOVE HEART PINK,297.8200000000002,529.0,166,20,0.0027920578205100437
23015,CORDIAL GLASS JUG,297.13,35.0,16,13,0.002785589081351651
84596J,MIXED NUTS LIGHT GREEN BOWL,296.45,568.0,68,21,0.002779214092036135
22049,WRAP CHRISTMAS SCREEN PRINT,296.25,1075.0,33,26,0.002777339095178631
23126,DOLLCRAFT GIRL AMELIE KIT,294.7,66.0,8,8,0.0027628078695329707
85186A,EASTER BUNNY GARLAND OF FLOWERS,293.8000000000001,615.0,79,35,0.0027543703836742013
20655,QUEEN OF SKIES LUGGAGE TAG,292.28999999999985,197.0,99,20,0.002740214157400039
35911A,MULTICOLOUR RABBIT EGG WARMER,292.07000000000005,319.0,70,23,0.002738151660856786
21441,BLUE BIRDHOUSE DECORATION,292.02999999999986,421.0,62,34,0.0027377766614852836
23413,DECORATIVE VINTAGE COFFEE  BOX,291.84999999999997,55.0,22,13,0.00273608916431353
23567,EGG CUP HENRIETTA HEN PINK,291.58000000000004,211.0,37,15,0.0027335579185559
72800B, 4 PURPLE FLOCK DINNER CANDLES,290.8000000000001,144.0,38,31,0.002726245430811633
21386,IVORY HANGING DECORATION  EGG,290.2,733.0,51,42,0.0027206204402391177
23410,CURIO CABINET LINEN AND LACE ,290.1000000000001,36.0,18,16,0.0027196829418103664
20725,LUNCH BAG RED SPOTTY,290.0,200.0,1,1,0.0027187454433816134
16015,MEDIUM CHINESE STYLE SCISSOR,289.98,662.0,24,19,0.002718557943695863
84247E,PACK OF 12 CHRISTMAS FUN CARDS,289.69,108.0,37,13,0.002715839198252481
85024B,EAU DE NILE JEWELLED PHOTOFRAME,289.65,193.0,12,12,0.00271546419888098
21503,TOYBOX  WRAP ,288.91999999999996,726.0,23,22,0.002708620460351088
46776E,WOVEN CANDY CUSHION COVER ,288.42999999999995,67.0,38,5,0.002704026718050202
79190B,RETRO PLASTIC POLKA TRAY,288.3600000000002,707.0,57,24,0.002703370469150078
23047,PAPER LANTERN 5 POINT SEQUIN STAR,287.5,50.0,21,21,0.0026953079826628062
71403,"PINK/WHITE ""KEEP CLEAN"" BULLET BIN",286.9099999999999,77.0,33,12,0.0026897767419331673
20618,QUEEN OF THE SKIES PASSPORT COVER ,286.39,148.0,76,20,0.002684901750103656
84997d,PINK 3 PIECE POLKADOT CUTLERY SET,285.46,34.0,8,0,0.00267618301471626
37413,ICON MUG REVOLUTIONARY,284.4899999999998,703.0,81,52,0.0026670892799573608
18094C,WHITE AND BLUE CERAMIC OIL BURNER,283.9299999999999,192.0,42,13,0.0026618392887563487
21666,RIDGED GLASS T-LIGHT HOLDER,283.51000000000016,412.0,43,21,0.002657901795355592
16218,CARTOON  PENCIL SHARPENERS,283.31000000000034,3821.0,64,43,0.002656026798498089
20794,BLUE  TILE HOOK,282.79,99.0,27,15,0.0026511518066685744
20777,CHRYSANTHEMUM NOTEBOOK,282.48999999999984,169.0,80,32,0.0026483393113823153
84341B,SMALL PINK MAGIC CHRISTMAS TREE,282.37999999999994,645.0,40,30,0.002647308063110689
84872a,TEATIME FUNKY FLOWER BACKPACK FOR 2,282.15,26.0,21,0,0.002645151816724559
23481,PEARLISED IVORY HEART SMALL ,281.17,228.0,29,23,0.0026359643321227874
22257,FELT FARM ANIMAL SHEEP,280.42,373.0,42,16,0.002628933093907145
71101E,STANDING FAIRY POLE SUPPORT ,280.19999999999993,348.0,22,17,0.002626870597363889
85188A,GREEN METAL SWINGING BUNNY,278.17,319.0,42,29,0.002607839379260219
21725,SWEETIES  STICKERS,277.23999999999984,301.0,50,26,0.002599120643872821
16169M,WRAP DAISY CARPET ,277.2,660.0,25,24,0.002598745644501321
21293,MIRRORED DOVE WALL DECORATION,276.72,116.0,24,14,0.0025942456520433106
84926D,LA PALMIERA TILE COASTER,276.5300000000001,709.0,34,25,0.002592464405028682
85049g,CHOCOLATE BOX RIBBONS ,276.41999999999996,113.0,51,0,0.0025914331567570533
23137,ZINC WIRE SWEETHEART LETTER TRAY,275.62,83.0,23,18,0.0025839331693270355
21250,SET OF SKULL WALL STICKERS,274.37000000000006,95.0,20,15,0.0025722144389676324
20684,STRAWBERRY DREAM CHILDS UMBRELLA,273.81,81.0,35,30,0.002566964447766619
22512,DOORSTOP RACING CAR DESIGN,273.46,123.0,37,28,0.0025636832032659863
22052,VINTAGE CARAVAN GIFT WRAP,273.0,650.0,27,22,0.0025593707104937255
84859A,SILVER DISCO HANDBAG,272.98999999999995,129.0,35,24,0.00255927696065085
23141,TRIPLE WIRE HOOK PINK HEART,272.90999999999997,79.0,25,18,0.0025585269619078483
23203,JUMBO BAG VINTAGE DOILEY ,272.57,144.0,7,6,0.002555339467250091
22889,NUMBER TILE VINTAGE FONT No ,272.1999999999998,173.0,33,6,0.002551870723063706
20755,BLUE PAISLEY POCKET BOOK,272.02,307.0,62,44,0.0025501832258919533
21815,STAR  T-LIGHT HOLDER ,271.68,159.0,29,15,0.002546995731234196
20734,SILVER MINI TAPE MEASURE ,271.21999999999997,158.0,26,0,0.0025426832384619347
85214,TUB 24 PINK FLOWER PEGS,271.0399999999999,164.0,58,36,0.00254099574129018
23474,WOODLAND SMALL BLUE FELT HEART,270.96,312.0,37,26,0.002540245742547179
85019C,CURIOUS  IMAGES NOTEBOOK SET,270.72,182.0,11,9,0.002537995746318174
21275,ZINC TOP  2 DOOR WOODEN SHELF ,270.0799999999999,13.0,12,9,0.002531995756374158
35001W,HAND OPEN SHAPE DECO.WHITE,270.02000000000004,92.0,5,5,0.0025314332573169083
20771,CHRYSANTHEMUM  JOURNAL,269.6800000000001,103.0,40,21,0.0025282457626591513
21785,RAIN PONCHO ,269.61,412.0,5,3,0.0025275895137590234
85186C,BUNNY EGG GARLAND,269.17000000000013,528.0,78,32,0.0025234645206725147
21644,ASSORTED TUTTI FRUTTI HEART BOX,268.75,215.0,32,29,0.002519527027271754
79030D,TUMBLER BAROQUE,268.53,531.0,40,22,0.0025174645307284985
23032,DOORKNOB CRACKED GLAZE IVORY,268.19999999999993,180.0,5,5,0.0025143707859136156
21332,MOROCCAN BEATEN METAL MIRROR,268.1000000000001,19.0,13,8,0.0025134332874848647
17013D,ORIGAMI ROSE INCENSE IN TUBE,267.82000000000005,535.0,13,10,0.002510808291884358
17107D,"FLOWER FAIRY,5 SUMMER B'DRAW LINERS",267.75000000000006,105.0,25,24,0.0025101520429842315
21445,12 PINK ROSE PEG PLACE SETTINGS,267.5,214.0,21,17,0.0025078082969123504
85230E,STRAWBRY SCENTED VOTIVE CANDLE,267.45,1101.0,24,17,0.0025073395476979737
21265,PINK GOOSE FEATHER TREE 60CM,267.21000000000004,131.0,19,15,0.0025050895514689693
84795b,SUNSET CHECK HAMMOCK,266.78,16.0,14,0,0.0025010583082253337
21279,VINTAGE KITCHEN PRINT FRUITS,266.1500000000001,85.0,29,12,0.002495152068124195
20699,MOUSEY LONG LEGS SOFT TOY,266.0300000000001,97.0,41,11,0.0024940270700096927
23489,"GARLAND, VINTAGE BELLS",265.88,92.0,10,10,0.0024926208223665634
85039C,S/4 BLACK MINI ROSE CANDLE IN BOWL,265.7699999999998,305.0,67,9,0.002491589574094934
90160A,PURPLE BOUDICCA LARGE BRACELET,264.94,38.0,15,10,0.002483808337136292
72800C,4 PINK DINNER CANDLE SILVER FLOCK,264.82000000000005,132.0,35,26,0.0024826833390217897
23476,WOODLAND LARGE RED FELT HEART,264.72,205.0,22,18,0.002481745840593037
90160D,PINK BOUDICCA LARGE BRACELET,264.7,38.0,12,9,0.0024815583409072864
84952A,CLEAR LOVE BIRD T-LIGHT HOLDER,264.46999999999997,92.0,26,6,0.002479402094521156
85124B,BLUE JUICY FRUIT PHOTO FRAME,264.06,93.0,39,23,0.002475558350963272
18098c,PORCELAIN BUTTERFLY OIL BURNER,263.12,52.0,12,0,0.0024667458657330003
85124C,GREEN JUICY FRUIT PHOTO FRAME,261.8900000000001,94.0,39,23,0.0024552146350593483
23194,GYMKHANNA TREASURE BOOK BOX,261.84,120.0,14,14,0.0024547458858449707
84858C,PINK RIVIERA HANDBAG,261.68,186.0,6,4,0.0024532458883589677
47422,ASSORTED MONKEY SUCTION CUP HOOK,261.29999999999995,653.0,45,16,0.0024496833943297085
16012,FOOD/DRINK SPONGE STICKERS,261.2399999999999,1244.0,35,33,0.0024491208952724564
79337,BLUE FLOCK GLASS CANDLEHOLDER,259.96000000000004,644.0,10,9,0.0024371209153844285
21324,HANGING MEDINA LANTERN SMALL,259.6700000000001,81.0,28,20,0.0024344021699410474
78124,MAGAZINE RACK GEBRA ASSORTED ,257.75,199.0,18,16,0.002416402200109003
20997,ROSE DU SUD CUSHION COVER ,257.6099999999999,59.0,34,4,0.0024150897023087485
35915B,BLUE KNITTED HEN ,257.2199999999999,220.0,50,14,0.002411433458436615
85230G,ORANGE VOTIVE CANDLE,257.04,1032.0,25,20,0.002409745961264862
21458,2 PICTURE BOOK EGGS EASTER BUNNY,256.54,182.0,36,18,0.0024050584691211003
21427,SKULLS STORAGE BOX SMALL,256.44,96.0,41,21,0.002404120970692348
84952C,MIRROR LOVE BIRD T-LIGHT HOLDER,255.0,144.0,12,7,0.002390620993318315
21269,ANTIQUE CREAM CUTLERY SHELF ,254.98000000000002,29.0,19,17,0.002390433493632565
21379,CAMPHOR WOOD PORTOBELLO MUSHROOM,254.33000000000007,184.0,50,22,0.0023843397538456756
21547,CERAMIC BIRDHOUSE CRESTED TIT SMALL,253.52999999999994,79.0,22,13,0.002376839766415656
48173c,DOORMAT BLACK FLOCK ,252.95,15.0,7,0,0.0023714022755288934
90201B,BLACK ENAMEL FLOWER RING,252.90000000000006,86.0,23,9,0.002370933526314518
21882,SKULLS TAPE,252.4700000000001,706.0,70,35,0.0023669022830708837
35967,FOLK ART METAL STAR T-LIGHT HOLDER,252.33000000000013,485.0,67,24,0.0023655897852706306
90143,SILVER BRACELET W PASTEL FLOWER,252.18000000000004,33.0,19,7,0.0023641835376275013
23149,ANTIQUE IVORY WIRE BOWL SMALL,251.45,99.0,21,17,0.0023573397990976092
22164,STRING OF STARS CARD HOLDER,250.22000000000006,78.0,15,11,0.0023458085684239568
85071D,CHARLIE+LOLA MY ROOM DOOR SIGN,249.48999999999975,403.0,84,58,0.002338964829894062
22812,PACK 3 BOXES CHRISTMAS PANETTONE,248.48000000000005,76.0,24,9,0.002329496095763667
20659,ECONOMY LUGGAGE TAG,248.08999999999997,159.0,62,18,0.0023258398518915323
21647,ASSORTED TUTTI FRUTTI LARGE PURSE,247.79999999999995,118.0,25,21,0.0023231211064481507
22954,HEN PARTY CORDON BARRIER TAPE,247.63,202.0,40,20,0.002321527359119272
22410,MONEY BOX HOUSEKEEPING DESIGN,247.42000000000007,237.0,58,34,0.002319558612418893
23168,CLASSIC SUGAR DISPENSER,247.32,216.0,12,12,0.00231862111399014
84678,CLASSICAL ROSE SMALL VASE,247.04000000000005,142.0,13,10,0.002315996118389634
22869,NUMBER TILE COTTAGE GARDEN 1,246.13999999999982,96.0,44,18,0.0023075586325308614
90175A,WHITE GLASS CHUNKY CHARM BRACELET,245.63000000000008,27.0,25,6,0.0023027773905442274
22391,PAPERWEIGHT HOME SWEET HOME,245.58000000000004,158.0,29,18,0.0023023086413298506
21676,FLOWERS  STICKERS,245.35999999999981,257.0,61,21,0.0023002461447865935
21190,PINK HEARTS PAPER GARLAND,245.20000000000002,168.0,7,6,0.002298746147300592
20819,SILVER TEDDY BEAR,244.72,64.0,27,14,0.002294246154842581
84422,PINK/BLUE DISC/MIRROR STRING,244.17000000000002,566.0,15,8,0.0022890899134844437
20616,CHERRY BLOSSOM PASSPORT COVER,243.52999999999977,194.0,71,19,0.0022830899235404267
85095,THREE CANVAS LUGGAGE TAGS,243.49,150.0,48,9,0.002282714924168928
85094,CANDY SPOT EGG WARMER RABBIT,242.3200000000001,641.0,90,29,0.002271746192552527
22870,NUMBER TILE COTTAGE GARDEN 2,242.2399999999998,94.0,39,14,0.0022709961938095226
23475,WOODLAND SMALL PINK FELT HEART,242.17999999999998,286.0,31,25,0.0022704336947522727
84592,CROCHET ROSE PURSE WITH SUEDE BACK,241.24000000000007,76.0,22,15,0.002261621209522002
47469,ASSORTED SHAPES PHOTO CLIP SILVER ,241.21000000000006,473.0,12,10,0.0022613399599933767
23143,ZINC WIRE KITCHEN ORGANISER,239.97000000000003,30.0,16,12,0.0022497149794768476
21028,NINJA RABBIT BLACK,239.2400000000001,187.0,58,15,0.002242871240946957
23324,RUSTIC STRAWBERRY JAMPOT LARGE ,238.56000000000006,120.0,6,6,0.0022364962516314407
23028,DOORKNOB CRACKED GLAZE BLUE,238.5,162.0,3,3,0.002235933752574189
72131,COLUMBIAN CANDLE RECTANGLE,238.35,137.0,18,14,0.0022345275049310605
22137,BATHROOM SET LOVE HEART DESIGN,237.98000000000002,82.0,14,9,0.002231058760744677
23580,SNACK TRAY HAPPY FOREST  ,236.86999999999992,117.0,25,20,0.002220652528185526
21360,JOY LARGE WOOD LETTERS,236.17000000000004,39.0,16,14,0.002214090039184261
85023B,EAU DE NILE JEWELLED PHOTOFRAME,235.35000000000008,105.0,13,10,0.002206402552068493
20775,DAISY NOTEBOOK ,235.1899999999998,135.0,63,19,0.0022049025545824866
47351B,BLUE  VOILE LAMPSHADE,234.50000000000003,86.0,9,7,0.002198433815424098
16216,LETTER SHAPE PENCIL SHARPENER,234.0000000000002,3333.0,45,38,0.002193746323280338
23036,T-LIGHT HOLDER SILVER PETIT FOUR ,233.67,185.0,16,14,0.002190652578465454
21025,SPACE FROG,233.51999999999998,174.0,56,14,0.002189246330822325
21818,GLITTER CHRISTMAS HEART ,233.51999999999995,270.0,21,17,0.002189246330822325
90058B,CRYSTAL STUD EARRINGS ASSORTED COL ,232.56000000000006,612.0,15,15,0.002180246345906304
84857C,PINK MONTE CARLO HANDBAG,232.33000000000004,98.0,10,8,0.002178090099520174
85099f,JUMBO BAG STRAWBERRY,232.06000000000003,46.0,10,0,0.0021755588537625426
23447,PINK BUNNY EASTER EGG BASKET,231.89999999999998,158.0,4,4,0.0021740588562765384
84712B,PINK JEWELLED PHOTO FRAME,231.56000000000006,30.0,20,9,0.0021708713616187814
21161,KEEP OUT BOYS DOOR HANGER ,231.36999999999995,144.0,43,25,0.002169090114604151
20696,FLORAL SOFT CAR TOY,230.81000000000006,54.0,30,10,0.002163840123403139
22394,PAPERWEIGHT KINGS CHOICE ,230.68000000000004,168.0,23,16,0.002162621375445761
21973,SET OF 36 MUSHROOM PAPER DOILIES,230.5499999999999,159.0,30,25,0.0021614026274883818
23446,BLUE BUNNY EASTER EGG BASKET,230.24999999999997,157.0,3,3,0.0021585901322021253
90206C,CRYSTAL DIAMANTE STAR BROOCH,229.67999999999992,46.0,31,6,0.002153246391158237
85040B,SET/4 BLUE FLOWER CANDLES IN BOWL,229.46999999999994,137.0,35,28,0.0021512776444578574
72800D,4 BLUE DINNER CANDLES SILVER FLOCK,229.22000000000003,88.0,31,20,0.0021489338983859776
85200,BUNNY EGG BOX,228.75,183.0,26,24,0.002144527655770842
90010E,AMBER GLASS/SILVER BRACELET,227.89000000000007,25.0,16,7,0.0021364651692835726
21157,RED RETROSPOT WASHBAG,227.59999999999988,79.0,34,12,0.0021337464238401892
23003,TRAVEL CARD WALLET VINTAGE ROSE ,226.20000000000002,542.0,53,38,0.002120621445837659
90201D,GREEN ENAMEL FLOWER RING,225.84000000000003,77.0,31,9,0.002117246451494151
22031,BOTANICAL LAVENDER BIRTHDAY CARD,225.59,504.0,80,28,0.0021149027054222697
85014a,BLACK/BLUE POLKADOT UMBRELLA,225.32000000000008,18.0,14,0,0.002112371459664639
22632,HAND WARMER RED POLKA DOT,224.99999999999994,120.0,18,2,0.0021093714646926304
90158,ST TROPEZ NECKLACE,224.12,45.0,35,6,0.002101121478519611
21657,MILK BOTTLE WITH GLASS STOPPER ,223.45999999999998,30.0,17,11,0.0020949339888898457
84218,BOX/12 CHICK & EGG IN BASKET,223.10999999999976,123.0,41,37,0.0020916527443892107
21364,PEACE SMALL WOOD LETTERS,222.96,30.0,24,19,0.0020902464967460844
21456,2 PICTURE BOOK EGGS EASTER CHICKS,222.22000000000003,171.0,25,17,0.002083309008373318
84711A,SILVER OVAL SHAPE TRINKET BOX,221.79999999999998,25.0,17,7,0.002079371514972558
20781,GOLD EAR MUFF HEADPHONES,221.64999999999995,38.0,25,19,0.002077965267329429
84876D,BLUE HEART COMPACT MIRROR,221.25000000000003,129.0,16,12,0.002074215273614421
22395,PAPERWEIGHT VINTAGE PAISLEY,220.04000000000005,152.0,33,15,0.0020628715426265183
35914,PINK CHICK EGG WARMER + EGG CUP,219.66,196.0,40,16,0.0020593090485972595
20868,SILVER FABRIC MIRROR,219.34999999999994,458.0,46,29,0.002056402803468127
75178,ASSTD COL BUTTERFLY/CRYSTAL W/CHIME,218.87,459.0,13,6,0.0020519028110101162
21378,SMALL TALL CAMPHOR WOOD TOADSTOOL,217.88999999999996,142.0,34,21,0.0020427153264083436
21316,SMALL CHUNKY GLASS ROMAN  BOWL,217.68000000000004,160.0,15,9,0.0020407465797079643
20847,ZINC HEART LATTICE CHARGER LARGE,217.57999999999998,52.0,18,12,0.0020398090812792117
20769,DAISY JOURNAL ,217.5600000000001,80.0,34,21,0.002039621581593462
21132,SILVER STANDING GNOME   ,217.35999999999999,44.0,22,13,0.0020377465847359567
84559B,3D SHEET OF CAT STICKERS,217.29,237.0,55,36,0.00203709033583583
47310M,"SMALL POP BOX,FUNKY MONKEY",216.47000000000003,152.0,34,8,0.0020294028487200617
23360,SET 8 CANDLES VINTAGE DOILEY,216.3,122.0,7,7,0.002027809101391183
84051,ASS COLOUR GLOWING TIARAS,216.05999999999997,282.0,25,24,0.0020255591051621773
21377,SMALL CAMPHOR WOOD FIELD  MUSHROOM,215.68000000000012,121.0,41,18,0.0020219966111329197
90120C,GREEN MURANO TWIST BRACELET,215.20000000000005,51.0,22,6,0.002017496618674908
21520,BOOZE & WOMEN GREETING CARD ,214.19000000000005,504.0,58,29,0.00200802788454451
84510C,SET OF 4 POLKADOT COASTERS,213.82999999999996,134.0,54,25,0.002004652890201001
22882,NUMBER TILE VINTAGE FONT 3,213.69999999999993,108.0,42,13,0.002003434142243623
20622,VIPPASSPORT COVER ,211.75999999999996,143.0,34,18,0.0019852466727258286
90200C,BLUE SWEETHEART BRACELET,211.43000000000004,50.0,26,6,0.001982152927910947
72127,COLUMBIAN CANDLE ROUND ,210.60999999999999,169.0,30,25,0.0019744654407951776
84877B,GREEN ROUND COMPACT MIRROR,210.55999999999997,144.0,21,8,0.0019739966915808017
84707B,PINK JEWELLED MIRROR TRINKET TRAY,210.55,34.0,18,13,0.001973902941737927
84926A,WAKE UP COCKEREL TILE COASTER,210.52000000000004,604.0,35,24,0.0019736216922093012
90175D,TIGRIS EYE CHUNKY CHARM BRACELET,210.04000000000005,23.0,20,2,0.0019691216997512902
22896,PEG BAG APPLE DESIGN,210.0,100.0,1,1,0.001968746700379789
90160B,RED BOUDICCA LARGE BRACELET,209.73000000000002,30.0,12,7,0.001966215454622158
21750,LARGE SKULL WINDMILL,209.60999999999996,91.0,24,15,0.0019650904565076547
90192,JADE DROP EARRINGS W FILIGREE,209.1,42.0,25,5,0.0019603092145210185
21651,HANGING GLASS ETCHED TEALIGHT,208.46999999999997,133.0,11,9,0.0019544029744198786
90119,METALIC LEAVES BAG CHARMS,207.61000000000004,84.0,36,3,0.00194634048793261
79051A,SMOKEY GREY COLOUR D.O.F. GLASS,207.3899999999999,591.0,26,23,0.0019442779913893535
16048,TEATIME ROUND PENCIL SHARPENER ,205.41999999999996,1461.0,67,41,0.0019258092723429341
20763,DAISY SKETCHBOOK ,205.04000000000002,73.0,27,24,0.001922246778313676
21726,MULTI HEARTS  STICKERS,204.68999999999994,237.0,42,29,0.0019189655338130423
22878,NUMBER TILE COTTAGE GARDEN No,204.1899999999999,75.0,33,10,0.0019142780416692808
84875B,GREEN SQUARE COMPACT MIRROR,203.51000000000002,131.0,20,14,0.0019079030523537661
85230A,OPIUM SCENTED VOTIVE CANDLE,203.28,840.0,18,14,0.0019057468059676358
21911,GARDEN METAL SIGN ,203.20999999999998,114.0,29,18,0.001905090557067509
84688,BEACH HUT DESIGN BLACKBOARD,203.06999999999996,41.0,15,7,0.0019037780592672557
47578A,ENGLISH ROSE SMALL SCENTED FLOWER,202.52999999999992,219.0,45,26,0.001898715567751993
90201A,PURPLE ENAMEL FLOWER RING,202.51000000000005,69.0,28,11,0.0018985280680662436
22541,MINI JIGSAW LEAP FROG,202.37000000000003,504.0,35,19,0.0018972155702659903
85179C,PINK BITTY LIGHT CHAIN,201.31000000000003,106.0,36,7,0.0018872780869212161
22880,NUMBER TILE VINTAGE FONT 1,200.58999999999995,99.0,32,8,0.0018805280982341988
84968e,SET OF 16 VINTAGE BLACK CUTLERY,200.21,8.0,6,0,0.001876965604204941
84828,JUNGLE POPSICLES ICE LOLLY HOLDERS,199.99,141.0,29,15,0.0018749031076616858
47594A,CAROUSEL DESIGN WASHBAG,199.83999999999983,108.0,50,26,0.0018734968600185556
22038,BOTANICAL LAVENDER GIFT WRAP ,199.5,475.0,19,19,0.0018703093653607995
21367,MIRRORED WALL ART GENTS,199.49,171.0,43,29,0.0018702156155179243
22289,HANGING METAL CHICKEN DECORATION,198.52,152.0,34,19,0.0018611218807590274
21376,LARGE  TALL CAMPHOR WOOD TOADSTOOL ,197.81,37.0,17,13,0.0018544656419148863
22881,NUMBER TILE VINTAGE FONT 2,197.55999999999997,102.0,34,9,0.0018521218958430048
90019A,SILVER M.O.P ORBIT BRACELET,197.09000000000006,38.0,27,8,0.0018477156532278702
22263,FELT EGG COSY LADYBIRD ,196.8199999999999,327.0,51,14,0.0018451844074702376
22044,CHRISTMAS CARD STACK OF PRESENTS,196.44000000000005,816.0,36,35,0.0018416219134409803
90013A,MIDNIGHT BLUE VINTAGE EARRINGS,195.32,52.0,32,3,0.0018311219310389543
84926F,PSYCHEDELIC TILE COASTER,195.21999999999997,430.0,28,18,0.001830184432610202
20617,FIRST CLASS PASSPORT COVER ,194.93999999999994,93.0,43,20,0.001827559437009695
23697,A PRETTY THANK YOU CARD,194.58,456.0,35,26,0.0018241844426661875
22884,NUMBER TILE VINTAGE FONT 5,194.04999999999993,99.0,36,12,0.0018192157009937994
20654,FIRST CLASS LUGGAGE TAG ,193.58999999999997,152.0,49,21,0.0018149032082215395
90018A,SILVER M.O.P ORBIT DROP EARRINGS,193.3300000000001,46.0,37,8,0.0018124657123067848
90082A,DIAMANTE BOW BROOCH GREEN COLOUR,193.20000000000002,30.0,18,8,0.001811246964349406
21306,SET/4 DAISY MIRROR MAGNETS,193.03,495.0,44,35,0.001809653217020527
84910A,PINK PAISLEY CUSHION COVER ,192.14,26.0,17,6,0.0018013094810046318
22883,NUMBER TILE VINTAGE FONT 4,191.47999999999993,100.0,32,9,0.001795121991374866
47471,RAINBOW PEGS PHOTO CLIP STRING,191.18000000000012,292.0,39,19,0.001792309496088611
85045,GREEN CHRISTMAS TREE STRING 20LIGHT,191.09999999999997,42.0,11,9,0.0017915594973456077
90030B,RED KUKUI COCONUT SEED NECKLACE,190.73,122.0,25,13,0.0017880907531592246
90184C,BLACK CHUNKY BEAD BRACELET W STRAP,190.52,21.0,17,7,0.001786122006458845
21027,NINJA RABBIT PINK,190.29,169.0,42,16,0.0017839657600727144
21418,STARFISH SOAP DISH,189.75,74.0,25,11,0.0017789032685574522
21196,ROUND WHITE CONFETTI IN TUBE,189.68,108.0,13,9,0.0017782470196573256
23229,DONKEY TAIL GAME ,189.54000000000002,54.0,4,4,0.0017769345218570725
21807,WHITE CHRISTMAS STAR DECORATION,189.41999999999996,439.0,30,24,0.0017758095237425692
21311,SET/4 BIRD MIRROR MAGNETS ,188.87,485.0,51,40,0.001770653282384432
85020,ROUND PINK HEART MIRROR,188.81,85.0,22,11,0.0017700907833271807
84804B,BLUE DELPHINIUM ARTIFICIAL FLOWER,188.37,99.0,6,6,0.0017659657902406708
20694,FLORAL PINK MONSTER,187.54,43.0,16,9,0.0017581845532820266
84711B,PINK OVAL SHAPE TRINKET BOX,186.63999999999996,20.0,13,7,0.0017497470674232558
84535A,ENGLISH ROSE NOTEBOOK A6 SIZE,186.56,399.0,21,19,0.0017489970686802546
21826,EIGHT PIECE DINOSAUR SET,186.43,126.0,35,16,0.0017477783207228766
21402,RED  EGG  SPOON,185.5199999999999,1369.0,92,54,0.0017392470850212296
84429A,MEDIUM PINK BUDDHA HEAD ,185.45000000000002,55.0,21,13,0.0017385908361211041
90201C,RED ENAMEL FLOWER RING,185.42000000000004,63.0,21,12,0.001738309586592479
78033,FLAG OF ST GEORGE CHAIR,185.29999999999998,38.0,8,6,0.0017371845884779757
23436,GIFT BAG LARGE VINTAGE CHRISTMAS,185.0,148.0,9,9,0.0017343720931917187
72801d,4 SKY BLUE DINNER CANDLES,184.70000000000002,75.0,44,0,0.0017315595979054623
23416,CHAMBRE HOOK,184.68,132.0,25,18,0.0017313720982197116
90016B,GOLD/M.O.P PENDANT ORBIT NECKLACE,184.65999999999997,22.0,19,6,0.0017311845985339609
85055,FRENCH ENAMEL UTENSIL HOLDER,183.71000000000004,45.0,16,9,0.0017222783634608147
84509E,SET OF 4 CAROUSEL PLACEMATS ,183.45,91.0,23,7,0.0017198408675460587
84927F,PSYCHEDELIC TILE HOOK,182.95,299.0,44,36,0.001715153375402297
79030G,"TUMBLER, NEW ENGLAND",182.3,142.0,14,11,0.0017090596356154075
71143,SILVER BOOK MARK WITH BEADS,182.24999999999997,161.0,34,1,0.001708590886401031
22032,BOTANICAL LILY GREETING CARD,181.98000000000005,427.0,60,28,0.0017060596406434003
84907,PINK YELLOW PATCH CUSHION COVER,180.93000000000004,29.0,23,3,0.0016962159071415015
85215,ASSORTED CHEESE FRIDGE MAGNETS,180.71,223.0,18,8,0.001694153410598246
72801C,4 ROSE PINK DINNER CANDLES,180.65,145.0,19,13,0.0016935909115409946
84804A,CREAM DELPHINIUM ARTIFICIAL FLOWER,180.57999999999998,70.0,8,8,0.001692934662640868
84859C,PINK DISCO HANDBAG,180.51999999999998,84.0,22,17,0.0016923721635836164
22157,ANGEL DECORATION WITH LACE PADDED,180.19999999999996,212.0,11,11,0.0016893721686116088
21721,CANDY SHOP  STICKER SHEET,179.45999999999995,195.0,33,19,0.0016824346802388423
79190A,RETRO PLASTIC 70'S TRAY,179.36000000000013,384.0,63,24,0.0016814971818100916
40003,WHITE BAMBOO RIBS LAMPSHADE,179.23,155.0,15,10,0.0016802784338527123
16258A,SWIRLY CIRCULAR RUBBERS IN BAG,178.9700000000001,472.0,59,29,0.0016778409379379574
21847,GREEN  DIAMANTE PEN IN GIFT BOX,178.88999999999993,76.0,33,5,0.0016770909391949538
85131C,BEADED CRYSTAL HEART BLUE ON STICK,178.85,193.0,50,5,0.0016767159398234535
85123A,CREAM HANGING HEART T-LIGHT HOLDER,178.50999999999996,61.0,9,7,0.0016735284451656956
23126,DOLLCRAFT GIRL AMELIE,178.20000000000002,36.0,8,8,0.001670622200036564
22872,NUMBER TILE COTTAGE GARDEN 4,177.4599999999999,72.0,30,13,0.001663684711663796
84685,BEACH HUT KEY CABINET,177.33000000000004,34.0,21,6,0.0016624659637064195
21319,GLASS CHALICE GREEN  SMALL ,175.78,161.0,19,12,0.0016479347380607585
84507C,BLUE CIRCLES DESIGN MONKEY DOLL,175.73,66.0,28,11,0.0016474659888463822
gift_0001_30,Dotcomgiftshop Gift Voucher £30.00,175.53,7.0,7,0,0.001645590991988878
85211,S/4 GROOVY CAT MAGNETS,175.16,149.0,24,15,0.0016421222478024947
22764,"RUSTIC WOODEN CABINET, GLASS DOORS",174.77,5.0,3,2,0.0016384660039303607
90197B,BLACK GLASS BRACELET W HEART CHARMS,174.73,35.0,27,1,0.0016380910045588595
84691,PACK 20 DOLLY PEGS,174.5,242.0,4,2,0.0016359347581727294
84800M,MEDIUM WHITE/PINK ROSE ART FLOWER,174.30999999999997,127.0,11,11,0.0016341535111580997
35810B,ENAMEL BLUE RIM COFFEE CONTAINER,174.08999999999997,152.0,26,18,0.001632091014614845
84905,PINK BUTTERFLY CUSHION COVER ,173.48000000000002,35.0,20,2,0.0016263722741994566
22042,CHRISTMAS CARD SINGING ANGEL,173.36999999999995,411.0,39,24,0.0016253410259278282
44235,ASS COL CIRCLE MOBILE ,173.16,474.0,6,6,0.0016233722792274488
16168M,FUNKY MONKEY GIFT BAG MEDIUM,173.12000000000006,371.0,41,19,0.0016229972798559487
22885,NUMBER TILE VINTAGE FONT 6 ,172.77999999999994,96.0,28,10,0.0016198097851981897
47481,50CM METAL STRING WITH  7 CLIPS,172.6399999999999,226.0,23,15,0.0016184972873979362
21030,SPACE CADET RED,172.2,141.0,33,19,0.001614372294311427
82011C,BATHROOM SCALES FOOTPRINTS IN SAND,172.05,51.0,20,17,0.0016129660466682987
84963A,PINK PAINTED KASHMIRI CHAIR,171.8,4.0,1,1,0.0016106223005964181
62086A,PINK RETRO BIG FLOWER BAG,171.60000000000002,88.0,14,13,0.0016087473037389136
90082B,DIAMANTE BOW BROOCH RED COLOUR,171.45,27.0,10,8,0.0016073410560957847
85146,JARDIN ETCHED GLASS SMALL BELL JAR,171.11000000000004,45.0,9,8,0.0016041535614380277
21763,VINTAGE WOODEN BAR STOOL,169.75,6.0,4,4,0.0015914035828069964
85129B,BEADED CRYSTAL HEART GREEN SMALL,168.59000000000003,119.0,31,10,0.00158052860103347
21333,CLASSIC WHITE FRAME,168.16000000000003,56.0,16,15,0.0015764973577898351
90145,SILVER HOOP EARRINGS WITH FLOWER,167.99999999999997,28.0,18,7,0.001574997360303831
84661A,WHITE SQUARE TABLE CLOCK,167.78999999999996,104.0,20,10,0.001573028613603451
85145,JARDIN ETCHED GLASS LARGE BELL JAR,167.70000000000002,38.0,13,12,0.0015721848650175744
gift_0001_50,Dotcomgiftshop Gift Voucher £50.00,167.56,4.0,4,0,0.001570872367217321
90010A,MIDNIGHT BLUE GLASS/SILVER BRACELET,167.3,18.0,15,5,0.0015684348713025653
gift_0001_20,Dotcomgiftshop Gift Voucher £20.00,167.05,10.0,9,0,0.0015660911252306847
21457,2 PICTURE BOOK EGGS EASTER DUCKS,165.89,124.0,25,15,0.001555216143457158
21280,VINTAGE KITCHEN PRINT VEGETABLES,165.75,65.0,12,12,0.0015539036456569048
21331,MOROCCAN BEATEN METAL DISH LARGE,165.74,12.0,8,7,0.0015538098958140297
72225C,LAVENDER SCENT CAKE CANDLE,165.6,624.0,17,12,0.0015524973980137766
23694,PAISLEY PARK CARD,165.08000000000004,376.0,41,23,0.001547622406184265
BANK CHARGES,Bank Charges,165.001,12.0,11,10,0.0015468817824255503
22538,MINI JIGSAW GO TO THE FAIR,164.84000000000003,403.0,40,25,0.0015453724099552596
21698,MOCK LOBSTER FRIDGE MAGNET,164.16999999999996,296.0,45,22,0.0015390911704826183
90120B,BLUE MURANO TWIST BRACELET,164.12000000000003,39.0,15,5,0.0015386224212682433
90191,SILVER LARIAT 40CM,163.82000000000002,26.0,10,7,0.0015358099259819861
90209A,PURPLE ENAMEL+GLASS HAIR COMB,163.8,84.0,4,3,0.0015356224262962354
22408,MONEY BOX CONFECTIONERY DESIGN,163.69000000000003,146.0,29,20,0.0015345911780246082
22871,NUMBER TILE COTTAGE GARDEN 3 ,163.34999999999994,67.0,25,10,0.0015314036833668496
16207A,PINK STRAWBERRY HANDBAG ,163.0999999999999,60.0,34,4,0.0015290599372949688
90014A,SILVER/MOP ORBIT NECKLACE,162.79,16.0,15,5,0.0015261536921658374
21100,CHARLIE AND LOLA CHARLOTTE BAG,162.20999999999998,65.0,27,7,0.001520716201279074
84683,CLASSICAL ROSE CANDLESTAND,162.2,194.0,12,6,0.0015206224514361989
85114a,BLACK ENCHANTED FOREST PLACEMAT,161.70000000000002,49.0,15,0,0.0015159349592924378
21369,MIRRORED WALL ART SPLODGES,161.49,101.0,16,12,0.0015139662125920577
85027L,FRENCH CHATEAU LARGE PLATTER ,160.5,70.0,18,17,0.0015046849781474101
84799,SPRIG LAVENDER ARTIFICIAL FLOWER,160.48000000000002,224.0,10,9,0.0015044974784616599
21344,MOROCCAN BEATEN METAL DISH,160.09,15.0,6,5,0.001500841234589526
23305,SET 4 PICNIC CUTLERY BLUEBERRY,159.9,82.0,9,9,0.0014990599875748965
84993A,75 GREEN PETIT FOUR CASES,159.69000000000003,343.0,55,30,0.001497091240874517
23545,WRAP RED DOILEY,159.6,380.0,16,15,0.0014962474922886396
84247G,"DECOUPAGE,GREETING CARD,",158.63000000000005,357.0,32,17,0.001487153757529743
84997c,BLUE 3 PIECE POLKADOT CUTLERY SET,158.23,19.0,6,0,0.0014834037638147334
90013C,GREEN VINTAGE EARRINGS ,158.08000000000004,39.0,28,4,0.0014819975161716053
17038,PORCELAIN BUDAH INCENSE HOLDER,158.06,1525.0,34,18,0.0014818100164858546
90134,OLD ROSE COMBO BEAD NECKLACE,157.50000000000017,54.0,45,0,0.0014765600252848433
84508C,BLUE CIRCLES DESIGN TEDDY,157.5,57.0,25,14,0.0014765600252848417
16156L,WRAP CAROUSEL,157.5,375.0,14,13,0.0014765600252848417
23417,BATHROOM HOOK,157.5,146.0,27,21,0.0014765600252848417
84882,GREEN WIRE STANDING CANDLE HOLDER,157.34,38.0,18,12,0.0014750600277988381
35649,VINTAGE BEAD COSMETIC BAG ,156.84999999999994,57.0,35,5,0.0014704662854979514
23468,TUSCAN VILLA BIRD TABLE ,156.75,19.0,11,11,0.0014695287870691996
84673B,BLUE FLY SWAT,156.63000000000002,179.0,66,31,0.001468403788954697
44234,ASSORTED CIRCULAR MOBILE,155.82000000000002,698.0,33,17,0.0014608100516818037
21349,IVY HEART WREATH,155.6,18.0,11,7,0.0014587475551385485
22353,LUNCH BOX WITH CUTLERY FAIRY CAKES ,155.54999999999998,61.0,24,23,0.0014582788059241722
23196,RETRO LEAVES MAGNETIC NOTEPAD,155.54000000000005,106.0,19,17,0.0014581850560812977
84595E,LARGE TORTILLA DESIGN RED BOWL,154.67999999999998,78.0,22,8,0.0014501225695940272
23496,PANTRY KITCHEN THERMOMETER ,154.52,112.0,31,21,0.001448622572108024
84827,ASS DES PHONE SPONGE CRAFT STICKER,154.39000000000004,511.0,14,12,0.0014474038241506463
21614,SET OF 12 ROSE BOTANICAL T-LIGHTS,153.29000000000002,51.0,9,7,0.001437091341434371
17107D,FLOWER FAIRY 5 DRAWER LINERS,153.0,60.0,20,18,0.0014343725959909891
90014B,GOLD M PEARL  ORBIT NECKLACE,152.83999999999997,15.0,13,5,0.0014328725985049853
21145,ANTIQUE GLASS PLACE SETTING,152.5,122.0,8,8,0.0014296851038472277
90198B,VINTAGE ROSE BEAD BRACELET BLACK,152.40000000000003,36.0,17,11,0.0014287476054184757
23484,HEART TRELLISTRIPLE T-LIGHT HOLDER,152.24,56.0,5,5,0.001427247607932472
84877D,BLUE ROUND COMPACT MIRROR,152.18,97.0,18,11,0.0014266851088752205
84865,NEW BAROQUE BLACK PHOTO ALBUM,152.11,29.0,14,8,0.001426028859975094
72128,COLUMBIAN CANDLE ROUND,152.04999999999995,193.0,36,28,0.0014254663609178419
21401,BLUE PUDDING SPOON,151.18999999999997,1052.0,82,48,0.0014174038744305725
22415,WHITE TISSUE REAM,151.05,19.0,13,13,0.0014160913766303198
85135A,YELLOW DRAGONFLY HELICOPTER,151.04999999999998,19.0,8,6,0.0014160913766303196
22874,NUMBER TILE COTTAGE GARDEN 6,150.80999999999995,65.0,21,10,0.0014138413804013136
DCGSSBOY,BOYS PARTY BAG,150.55,47.0,11,0,0.0014114038844865585
21738,COSY SLIPPER SHOES SMALL  RED ,150.47999999999996,48.0,21,17,0.0014107476355864313
21459,YELLOW EASTER EGG HUNT START POST,150.38,76.0,19,16,0.0014098101371576794
84629,WHITE 3 FRAME BIRDS AND TREE ,150.0,20.0,10,10,0.0014062476431284208
84963B,BLUE PAINTED KASHMIRI CHAIR,149.85000000000002,3.0,1,1,0.0014048413954852925
90013B,BLACK VINTAGE EARRINGS,149.41000000000008,36.0,31,0,0.0014007164023987831
23256,KIDS CUTLERY SPACEBOY ,149.39999999999998,36.0,8,8,0.0014006226525559067
23254,KIDS CUTLERY DOLLY GIRL ,149.39999999999998,36.0,8,8,0.0014006226525559067
46000R,POLYESTER FILLER PAD 45x30cm,149.35000000000002,103.0,38,22,0.001400153903341531
21117,BLOND DOLL DOORSTOP,149.25,115.0,14,11,0.0013992164049127787
22875,NUMBER TILE COTTAGE GARDEN 7,149.08999999999995,63.0,25,14,0.0013977164074267744
90185D,CRYSTAL DIAMANTE EXPANDABLE RING,148.63000000000002,35.0,11,7,0.0013934039146545148
23465,TUSCAN VILLA BIRD FEEDER,148.63,17.0,9,8,0.0013934039146545143
84576,BLUE CAT BISCUIT BARREL PINK HEART,148.32,66.0,17,8,0.0013904976695253825
21486,PINK HEART DOTS HOT WATER BOTTLE,147.88,36.0,11,4,0.0013863726764388724
37479P,CUBIC MUG FLOCK PINK ON BROWN,146.91000000000005,175.0,32,15,0.0013772789416799758
82011B,BATHROOM SCALES RUBBER DUCKS,146.85,43.0,21,11,0.001376716442622724
22868,NUMBER TILE COTTAGE GARDEN 0 ,146.59999999999997,64.0,20,10,0.0013743726965508428
22886,NUMBER TILE VINTAGE FONT 7,146.42999999999995,87.0,25,8,0.001372778949221964
84870B,BLUE GEISHA GIRL ,146.07999999999998,44.0,25,9,0.001369497704721331
84870C,GREEN GEISHA GIRL ,146.04999999999995,46.0,28,10,0.0013692164551927053
23292,SPACE BOY CHILDRENS CUP,145.76,131.0,6,5,0.001366497709749324
90116,FRUIT SALAD BAG CHARM,145.5199999999999,64.0,45,3,0.0013642477135203176
22873,NUMBER TILE COTTAGE GARDEN 5,145.49999999999994,60.0,26,12,0.0013640602138345675
84508B,STRIPES DESIGN TEDDY,145.34999999999997,57.0,30,21,0.0013626539661914395
47343A,FUSCHIA FLOWER PURSE WITH BEADS,145.17,159.0,14,13,0.0013609664690196854
85118,HEART T-LIGHT HOLDER,144.51999999999998,146.0,10,5,0.0013548727292327955
DCGSSGIRL,GIRLS PARTY BAG,144.42999999999998,47.0,13,0,0.0013540289806469184
20757,RED DAISY POCKET BOOK ,144.28999999999996,167.0,33,30,0.0013527164828466653
21368,MIRRORED WALL ART LADIES,144.03,164.0,33,25,0.0013502789869319096
84192,ASSORTED COLOUR METAL CAT ,143.75,115.0,25,19,0.0013476539913314031
21082,SET/20 FRUIT SALAD PAPER NAPKINS ,143.43999999999997,88.0,25,0,0.0013447477462022709
20837,FRENCH FLORAL CUSHION COVER ,142.47000000000003,141.0,15,14,0.0013356540114433742
22033,BOTANICAL ROSE GREETING CARD,141.95000000000007,337.0,22,20,0.0013307790196138629
20774,GREEN FERN NOTEBOOK,141.23999999999995,86.0,44,21,0.0013241227807697204
20661,BLUE POLKADOT PURSE ,141.15,44.0,33,3,0.001323279032183844
84796a,PINK HAWAIIAN PICNIC HAMPER FOR 2,141.10999999999999,17.0,12,0,0.0013229040328123429
20836,FRENCH PAISLEY CUSHION COVER,141.09999999999997,170.0,17,14,0.0013228102829694675
90164B,WHITE  ROSEBUD PEARL BRACELET,140.98,38.0,15,7,0.0013216852848549649
16054,POPART RECT PENCIL SHARPENER ASST,140.51999999999995,1166.0,33,29,0.0013173727920827041
90170,DAISY HAIR BAND,140.3300000000001,85.0,37,6,0.001315591545068076
84744,S/6 SEW ON CROCHET FLOWERS,140.01999999999998,110.0,20,17,0.0013126852999389429
22125,UNION JACK HOT WATER BOTTLE ,139.86,13.0,3,1,0.0013111853024529395
23306,SET OF 36 PANTRY PAPER DOILIES,139.77999999999997,67.0,33,14,0.0013104353037099374
23091,METAL HERB GERDEN CONTAINER,139.68,24.0,5,5,0.0013094978052811854
23463,VINTAGE ZINC WATERING CAN,139.4,13.0,8,7,0.001306872809680679
22876,NUMBER TILE COTTAGE GARDEN 8,138.80999999999995,61.0,20,11,0.00130134156895104
75011,BLUE DAISY MOBILE,138.76,172.0,12,9,0.0013008728197366644
35922,EASTER BUNNY WREATH,138.6,28.0,10,10,0.0012993728222506606
23304,SET 4 PICNIC CUTLERY CHERRY ,138.45000000000002,71.0,9,9,0.0012979665746075326
79191B,RETRO PLASTIC POLKA TRAY,138.29999999999998,159.0,30,23,0.0012965603269644039
22877,NUMBER TILE COTTAGE GARDEN 9,138.10999999999999,63.0,19,12,0.0012947790799497745
20758,ABSTRACT CIRCLES POCKET BOOK,137.70000000000002,162.0,42,35,0.0012909353363918905
90181B,AMETHYST GLASS/SHELL/PEARL NECKLACE,137.63000000000002,15.0,14,0,0.001290279087491764
22602,CHRISTMAS RETROSPOT HEART WOOD,137.58999999999995,139.0,27,10,0.001289904088120262
21736,GOLD SCROLL GLASS T-LIGHT HOLDER,137.22000000000003,80.0,5,5,0.0012864353439338795
21637,ASSORTED SANSKRIT MINI NOTEBOOK,136.25,109.0,6,6,0.0012773416091749821
84660c,PINK STITCHED WALL CLOCK,134.91999999999996,18.0,16,0,0.0012648728800725764
90073,VINTAGE ENAMEL & CRYSTAL EARRINGS,134.70000000000002,27.0,18,4,0.001262810383529322
90115,SUMMER BUTTERFLIES BAG CHARM,134.52999999999994,54.0,31,0,0.0012612166362004425
21943,CAKES AND RABBITS DESIGN FLANNEL ,134.48999999999992,119.0,50,7,0.0012608416368289413
90028,NEW BAROQUE LARGE NECKLACE BLK/WHIT,134.15999999999997,16.0,14,1,0.0012577478920140592
46000U,POLYESTER FILLER PAD 30CMx30CM,133.75,107.0,26,16,0.0012539041484561752
72130,COLUMBIAN CANDLE ROUND,133.33999999999997,219.0,27,20,0.0012500604048982906
35921,EASTER BUNNY HANGING GARLAND,133.22999999999996,68.0,23,9,0.001249029156626663
20823,GOLD WINE GOBLET,132.72,168.0,8,6,0.0012442479146400267
90208,PAIR OF PINK FLOWER CLUSTER SLIDE,132.7,53.0,37,4,0.001244060414954276
62096A,PINK/YELLOW FLOWERS HANDBAG,132.5,106.0,8,7,0.0012421854180967716
21518,BANK ACCOUNT  GREETING  CARD ,132.44000000000005,318.0,38,16,0.0012416229190395209
90210D,PURPLE ACRYLIC FACETED BANGLE,132.05,107.0,8,4,0.0012379666751673865
23081,GREEN METAL BOX TOP SECRET,132.0,16.0,4,4,0.0012374979259530102
23066,SMALL JEWELLERY STAND,132.0,16.0,6,6,0.0012374979259530102
85039a,SET/4 RED MINI ROSE CANDLE IN BOWL,131.81000000000003,40.0,29,0,0.0012357166789383812
90185A,AMBER DIAMANTE EXPANDABLE RING,131.03000000000003,31.0,13,5,0.0012284041911941135
90164A,PINK ROSEBUD PEARL BRACELET,130.67000000000002,27.0,14,6,0.0012250291968506051
90210C,RED   ACRYLIC FACETED BANGLE,130.51000000000005,99.0,10,5,0.0012235291993646018
84510a,SET OF 4 ENGLISH ROSE COASTERS,130.4799999999999,53.0,40,0,0.0012232479498359746
37467,PIG MUG IN TWO COLOUR DESIGNS,130.26999999999998,159.0,17,11,0.0012212792031355956
90000D,COPPER/OLIVE GREEN FLOWER NECKLACE,129.85000000000002,21.0,14,4,0.0012173417097348365
85185B,PINK HORSE SOCK PUPPET KIT,129.80000000000004,44.0,14,13,0.0012168729605204604
21281,VINTAGE KITCHEN PRINT SEAFOOD,129.63,43.0,14,6,0.0012152792131915812
47590b,PINK HAPPY BIRTHDAY BUNTING,129.48,12.0,9,0,0.0012138729655484528
72799C,PINK PILLAR CANDLE SILVER FLOCK,129.47000000000003,81.0,19,17,0.0012137792157055776
21400,RED PUDDING SPOON,128.63,881.0,72,42,0.0012059042289040583
20826,SILVER APERITIF GLASS,128.40000000000003,276.0,8,7,0.0012037479825179284
35638B,PINK/BLUE STRING CURTAIN ,128.32999999999998,57.0,5,4,0.0012030917336178014
84846A,SCENTED CANDLE IN DIGITALIS TIN,128.14,57.0,13,9,0.0012013104866031722
84800S,SMALL WHITE/PINK ROSE ART FLOWER,127.57,113.0,9,9,0.0011959667455592841
90180A,BLACK+WHITE NECKLACE W TASSEL,127.24000000000001,17.0,9,5,0.0011928730007444016
85130A,BEADED PEARL HEART WHITE LARGE,127.04999999999997,77.0,10,10,0.0011910917537297722
79190D,RETRO PLASTIC DAISY TRAY,126.97999999999996,265.0,47,16,0.0011904355048296454
22887,NUMBER TILE VINTAGE FONT 8,126.77999999999999,78.0,23,8,0.001188560507972141
23303,SET 4 PICNIC CUTLERY FONDANT,126.75,65.0,6,6,0.0011882792584435155
23020,GLASS SONGBIRD STORAGE JAR,126.7,11.0,3,3,0.0011878105092291394
85067,CREAM SWEETHEART WALL CABINET,126.65,7.0,5,5,0.0011873417600147633
90199C,5 STRAND GLASS NECKLACE CRYSTAL,126.64,20.0,10,7,0.001187248010171888
23578,SNACK TRAY RED GINGHAM,125.71999999999998,60.0,14,11,0.001178623024627367
84968a,SET OF 16 VINTAGE ROSE CUTLERY,125.32999999999998,5.0,3,0,0.001174966780755233
23065,LARGE JEWELLERY STAND,125.0,10.0,4,4,0.0011718730359403504
22888,NUMBER TILE VINTAGE FONT 9 ,124.97999999999996,76.0,21,7,0.0011716855362545998
21420,OYSTER TRINKET BOX,123.66,54.0,19,12,0.00115931055699507
23477,WOODLAND LARGE BLUE FELT HEART,123.46999999999998,92.0,13,8,0.0011575293099804404
37343,POLKADOT MUG PINK ,123.3,72.0,13,8,0.0011559355626515617
23454,SET OF 3 MINI HANGING PORTRAITS,123.2,32.0,2,2,0.0011549980642228095
90058A,CRYSTAL STUD EARRINGS CLEAR DISPLAY,123.12000000000002,324.0,7,7,0.0011542480654798079
23457,LARGE PARLOUR FRAME,122.85,27.0,2,2,0.0011517168197221765
90195A,PURPLE GEMSTONE BRACELET,122.84000000000002,19.0,10,7,0.0011516230698793016
90070,RUBY GLASS CLUSTER BRACELET,122.64000000000003,20.0,14,3,0.001149748073021797
85086A,CANDY SPOT HEART DECORATION,122.07999999999988,146.0,50,8,0.001144498081820783
90129B,TURQUOISE GLASS TASSLE BAG CHARM ,121.38000000000002,57.0,20,6,0.0011379355928195182
37333,"RETRO ""TEA FOR ONE"" ",120.99000000000001,21.0,17,9,0.0011342793489473842
20845,ZINC HEART LATTICE 2 WALL PLANTER,120.64999999999998,19.0,11,7,0.001131091854289626
90173,PAIR BUTTERFLY HAIR CLIPS,120.34000000000003,32.0,17,3,0.0011281856091604945
23467,VINTAGE ZINC PLANTER  ,120.08000000000001,32.0,11,5,0.0011257481132457385
35972,DAISY FOLKART HEART DECORATION,120.0,96.0,16,14,0.0011249981145027366
23438,GIFT BAG LARGE SPOT ,120.0,96.0,6,6,0.0011249981145027366
90161A,ANT COPPER RED BOUDICCA BRACELET,119.91000000000004,24.0,21,6,0.0011241543659168598
90124B,BLUE MURANO TWIST NECKLACE,119.89000000000001,12.0,11,3,0.001123966866231109
90003C,MIDNIGHT BLUE PAIR HEART HAIR SLIDE,119.84000000000002,32.0,24,5,0.0011234981170167332
84569B,PACK 3 FIRE ENGINE/CAR PATCHES,119.64999999999999,86.0,19,11,0.0011217168700021036
23209,LUNCH BAG VINTAGE DOILEY ,119.63,71.0,5,4,0.0011215293703163531
90122C,TURQUOISE CRYSTAL+GLASS BRACELET,119.23000000000002,24.0,11,3,0.0011177793766013442
10080,GROOVY CACTUS INFLATABLE,119.09,303.0,22,19,0.0011164668788010907
21032,SPACE CADET WHITE,119.02999999999996,98.0,30,13,0.001115904379743839
84709B,PINK OVAL JEWELLED MIRROR,119.00000000000001,20.0,11,11,0.0011156231302152139
23359,SET OF 12 T-LIGHTS VINTAGE DOILEY,118.95000000000002,61.0,6,6,0.0011151543810008378
23280,FOLDING MIRROR HOT PINK ,118.91999999999999,156.0,5,5,0.001114873131472212
85114b,IVORY ENCHANTED FOREST PLACEMAT,118.86000000000003,36.0,14,0,0.0011143106324149608
21095,SET/6 POSIES PAPER PLATES,118.73,125.0,14,9,0.0011130918844575826
84507B,STRIPES DESIGN MONKEY DOLL,118.72999999999995,39.0,22,10,0.0011130918844575821
84228,HEN HOUSE W CHICK STANDING,118.21000000000002,283.0,24,13,0.0011082168926280708
90184A,AMBER CHUNKY BEAD BRACELET W STRAP,117.73000000000003,13.0,9,4,0.0011037169001700603
21814,HEART T-LIGHT HOLDER ,117.57,78.0,15,11,0.001102216902684056
90183A,AMBER DROP EARRINGS W LONG BEADS,117.24000000000004,40.0,23,5,0.001099123157869174
84741C,CITRUS GARLAND FELT FLOWERS ,117.00000000000001,60.0,14,14,0.0010968731616401684
23244,STORAGE TIN VINTAGE LEAF,117.00000000000001,60.0,7,7,0.0010968731616401684
23151,ZINC SWEETHEART SOAP DISH,116.82,62.0,21,18,0.001095185664468414
23185,FRENCH STYLE STORAGE JAR JAM,116.59,323.0,30,27,0.0010930294180822838
72780,BLACK SILOUETTE CANDLE PLATE,116.45,137.0,20,18,0.0010917169202820307
51020A,SUMMER FUN DESIGN SHOWER CAP,116.32999999999998,325.0,18,16,0.0010905919221675278
72812,LARGE ZINC GLASS CANDLEHOLDER,116.05999999999997,34.0,11,3,0.0010880606764098965
84809A,WHITE CHRYSANTHEMUMS ART FLOWER,115.50000000000001,55.0,8,5,0.0010828106852088842
16052,TEATIME PUSH DOWN RUBBER,115.29999999999998,479.0,13,5,0.0010809356883513793
90148,LONG SILVER NECKLACE PASTEL FLOWER,114.48,9.0,6,5,0.0010732482012356106
23535,WALL ART BICYCLE SAFTEY ,114.15,21.0,3,3,0.0010701544564207283
90130B,TURQ STONE/CRYSTAL EARRINGS,113.97000000000004,39.0,31,3,0.0010684669592489744
47518F,ICON PLACEMAT POP ART ELVIS,113.63999999999999,827.0,28,19,0.0010653732144340915
84457,SET/3 RABBITS FLOWER SKIPPPING ROPE,113.40999999999998,127.0,26,21,0.001063216968047961
72801D,4 SKY BLUE DINNER CANDLES,113.21,75.0,18,10,0.0010613419711904565
20795,LARGE BLUE PROVENCAL CERAMIC BALL,113.05000000000001,49.0,11,6,0.0010598419737044532
47503H,ASS FLORAL PRINT SPIRIT LEVEL ,112.81000000000002,101.0,37,30,0.0010575919774754477
84925F,PSYCHEDELIC WALL THERMOMETER,112.47999999999999,80.0,14,14,0.001054498232660565
90003D,CRYSTAL PAIR HEART HAIR SLIDES,112.26,30.0,16,7,0.0010524357361173101
90096,NECKLACE+BRACELET SET BLUE BLOSSOM,112.20999999999995,45.0,26,3,0.0010519669869029334
21678,PAISLEY PATTERN  STICKERS,111.85999999999999,125.0,32,16,0.0010486857424023008
90214A,"LETTER ""A"" BLING KEY RING",111.65999999999995,130.0,56,5,0.0010468107455447958
90036E,"FLOWER GLASS GARLD NECKL36""AMETHYST",110.95,14.0,11,4,0.0010401545067006551
90185C,BLACK DIAMANTE EXPANDABLE RING,110.09000000000002,26.0,10,5,0.0010320920202133857
90125D,PURPLE BERTIE GLASS BEAD BAG CHARM,110.02999999999997,95.0,19,3,0.0010315295211561339
20731,POSY CANDY BAG,109.96,92.0,16,8,0.0010308732722560075
85167B,BLACK GRAND BAROQUE PHOTO FRAME,109.94,50.0,8,7,0.001030685772570257
21278,VINTAGE KITCHEN PRINT PUDDINGS,109.64999999999999,43.0,7,7,0.0010279670271268755
90124C,GREEN MURANO TWIST NECKLACE,109.53999999999999,11.0,8,4,0.001026935778855248
90122A,PINK CRYSTAL+GLASS BRACELET,109.48000000000005,22.0,14,3,0.001026373279797997
85096,HILDA CANDY SPOT RABBIT,109.22999999999999,25.0,16,10,0.001024029533726116
20894,HANGING BAUBLE T-LIGHT HOLDER LARGE,108.71000000000001,33.0,15,9,0.0010191545418966042
23041,PAPER LANTERN 6 POINT SNOW STAR,107.9,26.0,6,6,0.0010115608046237106
21372,MIRRORED WALL ART TABLE LAMP,107.75,75.0,33,18,0.0010101545569805822
35916C,PINK FELT HANGING HEART W FLOWER,107.71999999999997,106.0,20,5,0.0010098733074519561
17090A,LAVENDER INCENSE 40 CONES IN TIN,107.44999999999999,109.0,10,9,0.0010073420616943253
85129C,BEADED CRYSTAL HEART BLUE SMALL,107.30999999999996,80.0,15,8,0.001006029563894072
21904,HOUSE WRECKING METAL SIGN ,107.09999999999998,51.0,23,21,0.0010040608171936923
23626,SET 10 CARDS DINKY TREE 17076,107.07,43.0,16,0,0.0010037795676650666
23455,SMALL PARLOUR FRAME,106.98000000000002,42.0,2,2,0.0010029358190791898
35818P,"ACRYLIC JEWEL ICICLE, PINK",106.97000000000001,266.0,19,15,0.0010028420692363145
35819B,"ACRYLIC HANGING JEWEL,BLUE",106.80999999999997,270.0,24,19,0.0010013420717503105
90125A,PINK BERTIE GLASS BEAD BAG CHARM,106.23999999999998,115.0,10,4,0.0009959983307064226
20657,TROPICAL LUGGAGE TAG,105.90999999999995,73.0,33,20,0.00099290458589154
20898,VINTAGE NOTEBOOK TRAVELOGUE,105.72999999999999,38.0,13,4,0.000991217088719786
90016A,SILVER/M.O.P PENDANT ORBIT NECKLACE,105.71000000000001,17.0,7,4,0.0009910295890340358
85040a,S/4 PINK FLOWER CANDLES IN BOWL,105.28000000000002,32.0,21,0,0.000986998345790401
22039,BOTANICAL LILY GIFT WRAP,105.0,250.0,7,6,0.0009843733501898944
23574,PACKING CHARGE,105.0,14.0,14,9,0.0009843733501898944
84661C,PINK SQUARE TABLE CLOCK,104.84,71.0,14,5,0.0009828733527038908
35920,FOUR RABBIT EASTER DECORATIONS,104.83999999999999,72.0,15,11,0.0009828733527038908
84461,12 PINK HEN+CHICKS IN BASKET,104.54999999999998,41.0,14,13,0.000980154607260509
17084P,DRAGONS BLOOD INCENSE,104.44000000000004,423.0,39,12,0.0009791233589888822
20796,SMALL BLUE PROVENCAL CERAMIC BALL,103.93999999999998,62.0,9,8,0.0009744358668451202
79144B,PAINTED LIGHTBULB STAR+ MOON,103.64999999999993,181.0,53,14,0.0009717171214017381
84247E,PACK/12 XMAS FUN CARD,103.25000000000003,35.0,11,10,0.0009679671276867298
90032,IVORY SHELL HEART NECKLACE,103.13000000000001,21.0,8,4,0.000966842129572227
22879,NUMBER TILE VINTAGE FONT 0,102.46,70.0,16,6,0.0009605608900995864
90196A,PURPLE GEMSTONE NECKLACE 45CM,102.0,8.0,5,5,0.0009562483973273261
90063A,WHITE VINT ART DECO CRYSTAL NECKLAC,102.0,12.0,8,7,0.0009562483973273261
21109,"LARGE CAKE TOWEL, CHOCOLATE SPOTS",101.53,11.0,8,4,0.0009518421547121904
20701,PINK CAT FLORAL CUSHION COVER ,100.97000000000001,25.0,18,3,0.0009465921635111778
35637C,PINK STRING CURTAIN WITH POLE,100.86000000000001,30.0,9,7,0.0009455609152395503
16033,MINI HIGHLIGHTER PENS,100.79999999999998,840.0,4,4,0.0009449984161822985
35911B,PINK/FLOWER RABBIT EGG WARMER ,100.75999999999999,119.0,15,4,0.0009446234168107977
gift_0001_40,Dotcomgiftshop Gift Voucher £40.00,100.7,3.0,3,0,0.0009440609177535465
21370,MIRRORED WALL ART FOXY,100.66000000000001,16.0,9,7,0.0009436859183820456
90010B,BLACK/WHITE GLASS/SILVER BRACELET,100.09,11.0,7,3,0.0009383421773381576
90081C,LILY BROOCH OLIVE COLOUR,99.60000000000001,20.0,15,6,0.0009337484350372715
23611,SET 10 CARDS RED RIDING HOOD 17214,99.60000000000001,40.0,16,0,0.0009337484350372715
17091A,LAVENDER INCENSE IN TIN,99.29000000000002,172.0,25,19,0.0009308421899081395
23464,VINTAGE ZINC WATERING CAN SMALL,99.2,18.0,8,6,0.0009299984413222623
23466,TUSCAN VILLA DOVECOTE,99.0,12.0,4,4,0.0009281234444647577
23465,TUSCAN VILLA FEEDING STATION,99.0,12.0,7,7,0.0009281234444647577
23191,BUNDLE OF 3 RETRO EXERCISE BOOKS,98.99999999999999,60.0,5,5,0.0009281234444647575
84510c,SET OF 4 POLKADOT COASTERS,98.69999999999996,40.0,23,0,0.0009253109491785004
84898F,YELLOW FLOWERS FELT HANDBAG KIT,98.63000000000002,46.0,19,15,0.0009246547002783744
79144C,PAINTED LIGHTBULB RAINBOW DESIGN,98.53999999999994,153.0,51,5,0.0009238109516924965
90101,WHITE FRANGIPANI NECKLACE,98.07000000000001,39.0,17,3,0.0009194047090773615
84723,CHERRY BLOSSOM CANVAS ART PICTURE,97.95000000000002,41.0,6,5,0.0009182797109628589
47369B,BLUE GREEN EMBROIDERY COSMETIC BAG,97.13000000000002,35.0,22,3,0.0009105922238470902
90185B,AMETHYST DIAMANTE EXPANDABLE RING,97.02000000000001,23.0,12,3,0.0009095609755754627
84806A,PINK CANDYSTUFT ARTIFICIAL FLOWER,96.89,137.0,11,11,0.0009083422276180846
90204,PAIR OF ENAMEL BUTTERFLY HAIRCLIP,96.85999999999997,29.0,18,8,0.0009080609780894585
84801A,PINK HYDRANGEA ART FLOWER,96.60000000000001,46.0,5,5,0.000905623482174703
90019B,GOLD M.O.P ORBIT BRACELET,96.52000000000004,18.0,18,2,0.0009048734834317014
72801c,4 ROSE PINK DINNER CANDLES,95.93999999999997,39.0,25,0,0.0008994359925449376
21722,SWEET PUDDING STICKER SHEET,95.52999999999994,98.0,36,13,0.0008955922489870529
90174,BUTTERFLY HAIR BAND,95.42,38.0,21,4,0.0008945610007154261
21777,RECIPE BOX WITH METAL HEART,95.40000000000002,12.0,6,3,0.0008943735010296757
90036D,"FLOWER GLASS GARLAND NECKL.36""BLACK",95.35,12.0,5,4,0.0008939047518152994
90146,FINE SILVER NECKLACE W PASTEL FLOWE,95.35,17.0,7,3,0.0008939047518152994
90178A,AMBER CHUNKY GLASS+BEAD NECKLACE,95.25,8.0,8,6,0.0008929672533865471
20653,CHERRY BLOSSOM LUGGAGE TAG,95.17999999999996,73.0,33,5,0.0008923110044864203
84527,FLAMES SUNGLASSES PINK LENSES,95.1,52.0,8,6,0.0008915610057434188
84666,SQUARE CHERRY BLOSSOM CABINET,94.80000000000001,24.0,4,4,0.000888748510457162
90133,TEAL/FUSCHIA COL BEAD NECKLACE,94.43000000000002,19.0,13,3,0.0008852797662707786
20622,VIP PASSPORT COVER ,94.03999999999999,43.0,17,8,0.0008816235223986444
23402,HOME SWEEET HOME 3 PEG HANGER ,93.75,25.0,4,4,0.0008789047769552629
82613A,"METAL SIGN,CUPCAKE SINGLE HOOK",93.63,72.0,18,13,0.0008777797788407603
47369A,PINK GREEN EMBROIDERY COSMETIC BAG,93.19000000000003,33.0,20,6,0.0008736547857542504
20773,BLUE PAISLEY NOTEBOOK,92.39999999999998,56.0,23,21,0.000866248548167107
90018B,GOLD M.O.P ORBIT DROP EARRINGS,92.28000000000003,22.0,17,5,0.0008651235500526047
35933,PINK STOCKING CHRISTMAS DECORATION,92.21,226.0,19,15,0.0008644673011524778
85132a,CHARLIE + LOLA BISCUITS TINS,92.19999999999999,8.0,8,0,0.0008643735513096024
82615,PINK MARSHMALLOW SCARF KNITTING KIT,91.8,36.0,1,1,0.0008606235575945934
90030C,BROWN KUKUI COCONUT SEED NECKLACE,91.7,77.0,11,8,0.0008596860591658412
90175B,PINK GLASS CHUNKY CHARM BRACELET,91.68,10.0,9,0,0.0008594985594800908
20901,VINTAGE KEEPSAKE BOX PINK FLOWER,91.47999999999999,20.0,15,2,0.0008576235626225861
23075,DOUBLE CERAMIC PARLOUR HOOK,91.30000000000001,22.0,5,5,0.0008559360654508322
20662,FIRST CLASS HOLIDAY PURSE ,90.42000000000002,31.0,20,4,0.0008476860792778121
85230F,JASMINE VOTIVE CANDLE,90.33999999999997,338.0,12,11,0.0008469360805348099
90163A,PINK ROSEBUD & PEARL NECKLACE,90.32,12.0,9,2,0.0008467485808490597
90022,EDWARDIAN DROP EARRINGS JET BLACK,90.2,24.0,20,4,0.000845623582734557
21690,SILVER  CANDLEPOT JARDIN ,90.0,24.0,7,6,0.0008437485858770525
72051S,BAG OF SILVER STONES,89.94999999999999,131.0,13,5,0.0008432798366626763
35833P,4 PINK FLOCK CHRISTMAS BALLS,89.72,50.0,22,8,0.000841123590276546
35400,WOODEN BOX ADVENT CALENDAR ,89.5,10.0,5,5,0.000839061093733291
20892,SET/3 TALL GLASS CANDLE HOLDER PINK,89.22,4.0,3,1,0.0008364360981327845
90123A,PINK HEART OF GLASS BRACELET,89.12,15.0,9,8,0.0008354985997040324
84984A,GREEN PEONY CUSHION COVER,88.35000000000001,19.0,6,4,0.0008282798618026398
84306,S/3 PINK SQUARE PLANTERS ROSES,88.21999999999997,10.0,9,2,0.0008270611138452616
90166,PINK & WHITE ROSEBUD RING,88.04000000000002,21.0,15,4,0.0008253736166735078
90129F,RED GLASS TASSLE BAG CHARM,88.02999999999999,40.0,16,5,0.0008252798668306324
84531B,BLUE KNITTED EGG COSY,87.56000000000003,156.0,28,24,0.0008208736242154972
84989a,75 GREEN FAIRY CAKE CASES,87.50999999999998,42.0,25,0,0.0008204048750011204
23442,12 HANGING EGGS HAND PAINTED,87.36,42.0,7,7,0.0008189986273579922
20869,GOLD FABRIC MIRROR,86.76,180.0,29,17,0.0008133736367854786
21038,SET/4 MODERN VINTAGE COTTON NAPKINS,86.75000000000001,77.0,23,20,0.0008132798869426034
23614,SET 10 CARDS 12 DAYS WRAP  17058,86.58,26.0,11,0,0.0008116861396137244
90003E,GREEN PAIR HEART HAIR SLIDES,86.10999999999999,23.0,14,2,0.0008072798969985886
79051A,SMOKEY GREY COLOUR GLASS,85.91999999999997,240.0,15,10,0.0008054986499839592
79403,FROSTED WHITE BASE ,85.52,95.0,15,9,0.0008017486562689502
75172,PAINTED SEA SHELL METAL WINDCHIME,85.31,93.0,8,8,0.0007997799095685704
20821,GOLDIE LOOKING MIRROR,84.15000000000002,17.0,6,5,0.0007889049277950442
23456,MEDIUM PARLOUR FRAME ,84.1,22.0,2,2,0.0007884361785806678
79030D,"TUMBLER, BAROQUE",84.04,56.0,7,5,0.0007878736795234165
16169K,WRAP FOLK ART,84.0,200.0,8,8,0.0007874986801519157
20941,FROG CANDLE,83.78,64.0,19,13,0.0007854361836086605
90072,RUBY DROP CHANDELIER EARRINGS,83.42000000000002,21.0,14,2,0.0007820611892651525
22016,Dotcomgiftshop Gift Voucher £100.00,83.33,1.0,1,0,0.0007812174406792754
90123C,GREEN HEART OF GLASS BRACELET,83.28999999999999,14.0,6,5,0.0007808424413077743
90129A,PINK GLASS TASSLE BAG CHARM ,82.97999999999998,45.0,20,3,0.0007779361961786421
84881,BLUE WIRE SPIRAL CANDLE HOLDER,82.57,12.0,6,5,0.000774092452620758
35968,FOLK ART METAL HEART T-LIGHT HOLDER,82.10000000000001,163.0,19,14,0.0007696862100056223
35638A,PINK AND BLACK STRING CURTAIN,82.10000000000001,38.0,5,5,0.0007696862100056223
16049,TEATIME GEL PENS ASST,82.08,504.0,5,5,0.0007694987103198718
90108,BLUE BLOSSOM HAIR CLIP,81.95999999999998,70.0,12,6,0.0007683737122053688
21226,POCKET MIRROR WOODLAND,81.79999999999997,94.0,20,4,0.0007668737147193651
20664,TROPICAL HOLIDAY PURSE ,81.65999999999998,32.0,18,3,0.0007655612169191121
71496A,A4 WALL TIDY BLUE OFFICE,80.96000000000001,127.0,12,5,0.0007589987279178463
90175C,BLUE GLASS CHUNKY CHARM BRACELET,80.55,9.0,6,6,0.0007551549843599619
84249A,"GREETING CARD,SQUARE, DOUGHNUTS",80.46,174.0,27,12,0.0007543112357740847
84927E,FLOWERS TILE HOOK,80.16,59.0,13,10,0.0007514987404878279
23370,SET 36 COLOUR PENCILS DOILEY,80.0,64.0,3,3,0.0007499987430018244
90129C,GREEN GLASS TASSLE BAG CHARM,79.76,35.0,16,6,0.0007477487467728189
90124A,PINK MURANO TWIST NECKLACE,79.66000000000001,8.0,6,4,0.0007468112483440668
90162B,ANT SILVER LIME GREEN BOUDICCA RING,79.65,27.0,10,7,0.0007467174985011915
84984B,RED PEONY CUSHION COVER ,79.05000000000001,17.0,5,4,0.0007410925079286778
72811,SMALL ZINC/GLASS CANDLEHOLDER,78.93,53.0,8,6,0.000739967509814175
84847,FLORAL BATHROOM SET,78.75,21.0,11,9,0.0007382800126424209
90039D,FIRE POLISHED GLASS BRACELET GREEN,78.69000000000001,21.0,9,2,0.0007377175135851697
84906,PINK B'FLY C/COVER W BOBBLES,78.17,12.0,7,6,0.0007328425217556576
37479B,CUBIC MUG FLOCK BLUE ON BROWN,78.09,131.0,21,16,0.0007320925230126558
90000A,RASPBERRY ANT COPPER FLOWER NECKLAC,77.91000000000001,13.0,8,6,0.0007304050258409018
90086,CRYSTAL FROG PHONE CHARM,77.79,102.0,28,5,0.0007292800277263991
23497,CLASSIC CROME BICYCLE BELL ,77.4,60.0,2,2,0.0007256237838542651
90129E,PURPLE GLASS TASSLE BAG CHARM,77.03999999999999,42.0,14,1,0.0007222487895107568
20980,36 PENCILS TUBE POSY,76.91,79.0,20,10,0.0007210300415533789
84531A,PINK KNITTED EGG COSY,76.69000000000001,147.0,29,24,0.000718967545010124
46000P,POLYESTER FILLER PAD 65CMx65CM,76.5,18.0,6,5,0.0007171862979954946
84840,SWEETHEART CARRY-ALL BASKET,76.44,6.0,6,3,0.0007166237989382431
90099,NECKLACE+BRACELET SET BLUE HIBISCUS,76.37999999999997,27.0,16,12,0.0007160612998809916
90063B,BLACK VINT ART DEC CRYSTAL NECKLACE,76.32,9.0,6,5,0.0007154988008237404
90177C,DROP DIAMANTE EARRINGS CRYSTAL,76.23000000000002,26.0,14,3,0.0007146550522378636
16207B,PINK HEART RED HANDBAG,76.14,29.0,18,3,0.0007138113036519863
20798,CLEAR MILKSHAKE GLASS,75.60000000000001,36.0,5,5,0.0007087488121367241
22416,SET OF 36 SPACEBOY PAPER DOILIES,75.42,51.0,8,7,0.0007070613149649699
21946,PARTY TIME DESIGN FLANNEL,75.34999999999997,86.0,25,8,0.000706405066064843
21413,PERIWINKLE T-LIGHT HOLDER,75.02,48.0,17,8,0.0007033113212499607
23061,VINTAGE ENGRAVED HEART,75.0,60.0,4,4,0.0007031238215642104
gift_0001_10,Dotcomgiftshop Gift Voucher £10.00,74.97,9.0,8,0,0.0007028425720355847
84968d,SET OF 16 VINTAGE RED CUTLERY,74.88,3.0,3,0,0.0007019988234497075
84251G,"GREETING CARD, OVERCROWDED POOL.",74.70000000000002,270.0,53,15,0.0007003113262779537
23044,PAPER LANTERN 9 POINT HOLLY STAR 23,74.7,18.0,5,5,0.0007003113262779536
23068,ALUMINIUM HEART,74.7,30.0,6,6,0.0007003113262779536
17012E,ORIGAMI OPIUM INCENSE/CANDLE SET ,74.63999999999999,68.0,10,3,0.000699748827220702
90118,PINK DAISY BAG CHARM,74.63999999999999,30.0,19,1,0.000699748827220702
85132b,CHARLIE AND LOLA TABLE TINS,74.60999999999999,9.0,9,0,0.0006994675776920763
85198,ASSORTED FARMYARD ANIMALS IN BUCKET,74.58,90.0,9,6,0.0006991863281634507
21087,SET/6 POSIES PAPER CUPS,74.57,141.0,16,10,0.0006990925783205755
90059A,DIAMANTE HAIR GRIP PACK/2 CRYSTAL,74.53,45.0,27,1,0.0006987175789490746
22285,"DECORATION HEN ON NEST, HANGING",74.42999999999999,42.0,6,3,0.0006977800805203223
90081A,LILY BROOCH AMETHYST COLOUR,74.25000000000001,15.0,8,7,0.0006960925833485684
90098,NECKLACE+BRACELET PINK BUTTERFLY,73.94999999999999,29.0,10,9,0.0006932800880623112
90177D,DROP DIAMANTE EARRINGS PURPLE,73.53000000000003,25.0,14,5,0.0006893425946615521
85197,SET OF 12 MINI BUNNIES IN A BUCKET,73.50000000000003,35.0,19,18,0.0006890613451329264
90214C,"LETTER ""C"" BLING KEY RING",72.77,91.0,33,7,0.0006822176066030344
90103,PURPLE FRANGIPANI NECKLACE,72.65999999999998,29.0,16,2,0.0006811863583314068
84231,EASTER BUNNY WITH BASKET ON BACK,72.63000000000001,108.0,20,13,0.0006809051088027814
20960,WATERMELON BATH SPONGE,72.48999999999998,29.0,10,0,0.0006795926110025279
72801G,4 BURGUNDY WINE DINNER CANDLES,72.46000000000001,57.0,13,9,0.0006793113614739025
90030A,SPOTTED WHITE NATURAL SEED NECKLACE,72.0,72.0,7,7,0.000674998868701642
90036C,"FLOWER GLASS GARLAND NECKL.36""BLUE",71.4,9.0,5,2,0.0006693738781291283
22950,SET OF 36 VINTAGE CHRISTMAS DOILIES,71.27,38.0,8,6,0.0006681551301717503
17014A,ORIGAMI VANILLA INCENSE CONES,71.19000000000001,155.0,8,7,0.0006674051314287486
23413,DECROTIVEVINTAGE COFFEE GRINDER BOX,71.08000000000001,12.0,6,4,0.000666373883157121
20933,YELLOW POT PLANT CANDLE,71.05000000000001,23.0,9,9,0.0006660926336284953
90214S,"LETTER ""S"" BLING KEY RING",70.99999999999999,94.0,41,5,0.000665623884414119
90211A,DIAMOND LAS VEGAS NECKLACE 45CM,70.97,12.0,8,3,0.0006653426348854934
47589,CONGRATULATIONS BUNTING,70.85000000000001,13.0,3,3,0.0006642176367709908
84251B,"GREETING CARD, STICKY GORDON",70.78000000000003,245.0,53,12,0.0006635613878708645
51020B,STRIPY DESIGN SHOWER CAP,70.56999999999998,197.0,15,13,0.0006615926411704841
84927A,WAKE UP COCKEREL TILE HOOK,70.45000000000003,50.0,18,12,0.0006604676430559819
85026B,EAU DE NILE JEWELLED T-LIGHT HOLDER,70.27,79.0,11,9,0.0006587801458842274
90051,CRACKED GLAZE NECKLACE RED,70.16,10.0,7,3,0.0006577488976125999
16161G,WRAP BAD HAIR DAY,70.0,700.0,22,22,0.0006562489001265963
16020C,CLEAR STATIONERY BOX SET ,69.89999999999999,84.0,17,1,0.000655311401697844
90125C,TURQUOISE BERTIE GLASS BEAD CHARM,69.85,77.0,7,2,0.0006548426524834679
46126A,ELVIS WALLHANGING / CURTAIN,69.84,52.0,8,5,0.0006547489026405927
81952V,ROUND PURPLE CLOCK WITH SUCKER,69.72999999999998,367.0,24,22,0.0006537176543689649
22949,SET OF 36 DOLLY GIRL PAPER DOILIES,69.66,45.0,15,12,0.0006530614054688385
90199A,5 STRAND GLASS NECKLACE BLACK,69.63000000000001,11.0,6,3,0.0006527801559402129
84549,CROCHET WHITE RABBIT KEYRING ,69.38000000000001,38.0,7,3,0.0006504364098683323
23040,PAPER LANTERN 9 POINT SNOW STAR,69.0,12.0,4,4,0.0006468739158390735
90019C,SILVER BLACK ORBIT BRACELET,68.73,13.0,11,3,0.0006443426700814424
85188B,PINK METAL SWINGING BUNNY,68.7,78.0,10,8,0.0006440614205528167
90151,SILVER/NATURAL SHELL NECKLACE,68.0,8.0,4,2,0.0006374989315515508
22597,CHRISTMAS MUSICAL ZINC HEART ,67.89999999999999,58.0,10,5,0.0006365614331227984
90194,SILVER LARIAT BLACK STONE EARRINGS,67.87,16.0,10,6,0.0006362801835941728
84247K,"FOLK ART GREETING CARD,pack/12",67.85000000000002,23.0,9,7,0.0006360926839084225
90000B,MIDNIGHT BLUE COPPER FLOWER NECKLAC,67.83,11.0,7,2,0.0006359051842226718
90155,RESIN NECKLACE W PASTEL BEADS,67.62,9.0,7,4,0.0006339364375222921
84874B,BLUE TRAVEL FIRST AID KIT,67.50999999999999,41.0,14,7,0.0006329051892506645
85049B,LUSH GREENS RIBBONS,67.5,54.0,13,13,0.0006328114394077893
82011A,"BATHROOM SCALES, TROPICAL BEACH",67.5,18.0,12,8,0.0006328114394077893
35916A,YELLOW FELT HANGING HEART W FLOWER,67.39,87.0,29,3,0.0006317801911361619
90144,SILVER DROP EARRINGS WITH FLOWER,67.35999999999999,18.0,14,3,0.000631498941607536
90024B,NEW BAROQUE B'FLY NECKLACE RED,67.28,8.0,6,2,0.0006307489428645343
37444A,YELLOW BREAKFAST CUP AND SAUCER,67.13000000000001,55.0,18,9,0.000629342695221406
84859B,BLUE DISCO HANDBAG,66.76,32.0,11,10,0.0006258739510350224
90040B,MURANO STYLE GLASS BRACELET BLACK,66.7,18.0,11,2,0.0006253114519777711
35819P,"ACRYLIC HANGING JEWEL,PINK",66.55000000000001,95.0,7,7,0.0006239052043346427
84686,BEACH HUT MIRROR,66.39,49.0,8,7,0.000622405206848639
17011F,ORIGAMI SANDLEWOOD INCENSE+FLOWER,66.36000000000001,81.0,7,6,0.0006221239573200134
72807a,SET/3 ROSE CANDLE IN JEWELLED BOX,66.32,8.0,5,0,0.0006217489579485124
20663,QUEEN OF THE SKIES HOLIDAY PURSE ,66.26,25.0,20,3,0.0006211864588912611
85008,SET OF 3 CONEY ISLAND OVAL BOXES,66.12,13.0,8,7,0.0006198739610910079
20835,FRENCH LATTICE CUSHION COVER ,65.79999999999998,67.0,8,7,0.0006168739661190003
21031,SPACE CADET BLACK,65.49,53.0,19,9,0.0006139677209898685
90214L,"LETTER ""L"" BLING KEY RING",65.03999999999996,94.0,37,4,0.0006097489780604829
84247N,PACK/12 BLUE FOLKART CARDS,64.90000000000002,22.0,18,16,0.0006084364802602302
90186B,CRYSTAL HOOP EARRING FLORAL LEAF,64.58,22.0,15,6,0.0006054364852882227
23235,BISCUIT TIN VINTAGE LEAF,64.56,24.0,3,3,0.0006052489856024723
90202D,PINK ENAMEL FLOWER HAIR TIE,64.46000000000001,22.0,11,2,0.00060431148717372
90082D,DIAMANTE BOW BROOCH BLACK COLOUR,64.38,10.0,5,4,0.0006035614884307181
90202A,PURPLE ENAMEL FLOWER HAIR TIE,64.27999999999999,22.0,15,1,0.0006026239900019658
90036F,"FLOWER GLASS GARLD NECKL36""TURQUOIS",64.08,8.0,5,1,0.0006007489931444613
90181A,AMBER GLASS/SHELL/PEARL NECKLACE,64.03999999999999,7.0,7,1,0.0006003739937729604
23253,16 PC CUTLERY SET PANTRY DESIGN,63.8,4.0,1,1,0.000598123997543955
21692,SILVER LATTICE VANILLA CANDLE POT,63.75,17.0,7,7,0.0005976552483295788
22407,MONEY BOX FIRST ADE DESIGN,63.75,51.0,13,11,0.0005976552483295788
84875D,BLUE SQUARE COMPACT MIRROR,63.75,51.0,8,8,0.0005976552483295788
84673A,PINK FLY SWAT,63.71999999999996,92.0,43,21,0.0005973739988009529
72133,COLUMBIAN CANDLE RECTANGLE,63.510000000000005,45.0,16,11,0.0005954052521005734
90196B,BLACK GEMSTONE NECKLACE 45CM,63.480000000000004,5.0,5,4,0.0005951240025719477
35815P,"ACRYLIC JEWEL SNOWFLAKE, PINK",63.28000000000001,162.0,5,5,0.0005932490057144433
62094B,TURQ ICE CREAM BUM BAG ,63.21,19.0,8,2,0.0005925927568143165
90141A,GREEN PENDANT TRIPLE SHELL NECKLACE,63.11,12.0,10,2,0.0005916552583855642
S,SAMPLES,63.05,2.0,2,0,0.0005910927593283129
22145,CHRISTMAS CRAFT HEART STOCKING ,63.0,30.0,1,1,0.0005906240101139367
84452,METAL RABBIT LADDER EASTER ,62.900000000000006,74.0,16,14,0.0005896865116851844
40046A,RED DAISY PAPER LAMPSHADE,62.5,50.0,6,6,0.0005859365179701752
84760S,SMALL HANGING GLASS+ZINC LANTERN,62.34999999999999,43.0,8,8,0.0005845302703270468
72351a,SET/6 TURQUOISE BUTTERFLY T-LIGHTS,62.27000000000001,15.0,12,0,0.0005837802715840452
85160B,BLACK BIRD GARDEN DESIGN MUG,62.239999999999995,106.0,16,15,0.0005834990220554192
84247L,FAWN AND MUSHROOM GREETING CARD,62.05999999999998,128.0,19,8,0.0005818115248836651
20848,ZINC HEART LATTICE CHARGER SMALL,61.95000000000002,21.0,8,7,0.0005807802766120379
90210B,CLEAR ACRYLIC FACETED BANGLE,61.56,41.0,7,6,0.0005771240327399039
90087,CRYSTAL SEA HORSE PHONE CHARM,61.46000000000001,107.0,25,4,0.0005761865343111517
16151A,FLOWERS HANDBAG blue and orange,61.25,49.0,3,3,0.0005742177876107718
23541,"WALL ART ,PUDDINGS ",61.2,8.0,2,2,0.0005737490383963957
90183B,AMETHYST DROP EARRINGS W LONG BEADS,61.079999999999984,21.0,17,0,0.0005726240402818927
71495B,CD WALL TIDY RED FLOWERS,61.05,163.0,8,4,0.0005723427907532672
84985A,SET OF 72 GREEN PAPER DOILIES,60.900000000000006,42.0,18,15,0.0005709365431101389
21655,HANGING RIDGE GLASS T-LIGHT HOLDER,60.84,36.0,2,1,0.0005703740440528875
90065A,WHITE VINTAGE CRYSTAL BRACELET,60.75,9.0,4,3,0.0005695302954670104
90214K,"LETTER ""K"" BLING KEY RING",60.69999999999997,78.0,38,6,0.0005690615462526339
84984D,ORIENTAL RED CUSHION COVER ,60.45,13.0,4,3,0.0005667178001807536
84805A,CREAM CLIMBING HYDRANGA ART FLOWER,60.0,32.0,4,3,0.0005624990572513683
90031,BILI NUT AND WOOD NECKLACE,59.89,50.0,7,5,0.0005614678089797408
90206A,GOLD DIAMANTE STAR BROOCH,59.80000000000001,12.0,9,2,0.0005606240603938639
22849,"BREAD BIN, DINER STYLE, MINT",59.8,4.0,1,1,0.0005606240603938636
22847,"BREAD BIN, DINER STYLE, IVORY",59.8,4.0,1,1,0.0005606240603938636
23629,SET 10 CARDS DRESSING UP 17077,59.76000000000001,24.0,10,0,0.0005602490610223629
23537,I LOVE LONDON WALL ART,59.400000000000006,12.0,2,2,0.0005568740666788547
21910,WAY OUT METAL SIGN ,59.39999999999999,36.0,8,8,0.0005568740666788544
23325,RUSTIC STRAWBERRY JAMPOT SMALL,59.39999999999999,36.0,3,3,0.0005568740666788544
79071B,ENGLISH ROSE METAL WASTE BIN,59.00000000000001,20.0,11,10,0.0005531240729638456
90202C,GREEN ENAMEL FLOWER HAIR TIE,58.709999999999994,20.0,14,2,0.0005504053275204639
84798A,PINK FOXGLOVE ARTIIFCIAL FLOWER,58.64999999999999,23.0,4,3,0.0005498428284632124
20760,GARDEN PATH POCKET BOOK,58.64999999999998,69.0,21,18,0.0005498428284632124
72134,COLUMBIAN  CUBE CANDLE ,58.620000000000005,105.0,11,6,0.0005495615789345869
90190C,SILVER/AMETHYST DROP EARRINGS LEAF,58.429999999999986,20.0,19,4,0.0005477803319199573
84877A,PINK ROUND COMPACT MIRROR,58.16,40.0,4,1,0.0005452490861623262
72802a,ROSE SCENT CANDLE IN JEWELLED BOX,58.029999999999994,7.0,2,0,0.0005440303382049482
71406C,BLACK ORANGE SQUEEZER,57.960000000000015,138.0,21,13,0.0005433740893048219
16046,TEATIME PEN CASE & PENS,57.80000000000001,68.0,14,13,0.0005418740918188182
90210A,GREY ACRYLIC FACETED BANGLE,57.54999999999999,34.0,10,3,0.0005395303457469374
84597C,RETRO PINK BALL ASHTRAY ,57.5,46.0,13,11,0.0005390615965325613
84466,TOP SECRET PEN SET,57.5,46.0,10,8,0.0005390615965325613
85006,SET 4 NURSERY DES ROUND BOXES,57.25,55.0,9,9,0.0005367178504606806
90214J,"LETTER ""J"" BLING KEY RING",57.20999999999995,71.0,41,3,0.0005363428510891793
21460,GREEN EASTER EGG HUNT START POST,56.78,28.0,11,9,0.0005323116078455449
90199B,5 STRAND GLASS NECKLACE AMETHYST,56.59,9.0,8,1,0.0005305303608309156
44236,PINK/PURPLE CIRCLE CURTAIN,56.52000000000001,52.0,6,6,0.000529874111930789
90003B,ROSE COLOUR PAIR HEART HAIR SLIDES,56.309999999999995,15.0,10,3,0.000527905365230409
47341B,BLUE TABLE RUN FLOWER,56.25,45.0,11,11,0.0005273428661731578
90038A,GLASS AND PAINTED BEADS BRACELET TO,56.14999999999999,15.0,10,1,0.0005264053677444054
90050,CRACKED GLAZE NECKLACE IVORY,55.720000000000006,8.0,4,2,0.0005223741245007707
84679,CLASSICAL ROSE TABLE LAMP,55.7,6.0,2,2,0.0005221866248150203
90023,FILIGREE DIAMANTE EARRINGS,55.019999999999996,13.0,9,2,0.0005158116354995046
84750B,BLACK SMALL GLASS CAKE STAND,54.99000000000001,61.0,12,12,0.0005155303859708791
90014A,SILVER M.O.P. ORBIT NECKLACE,54.8,11.0,6,3,0.0005137491389562497
90071,RUBY GLASS CLUSTER EARRINGS,54.61999999999996,44.0,33,1,0.0005120616417844952
72132,COLUMBIAN CUBE CANDLE,54.60000000000001,28.0,12,9,0.0005118741420987453
21336,GOLD WASHBAG,54.57000000000001,27.0,10,3,0.0005115928925701195
90040C,MURANO STYLE GLASS BRACELET GOLD,54.41999999999999,15.0,10,3,0.000510186644926991
20759,CHRYSANTHEMUM POCKET BOOK ,54.4,64.0,20,17,0.0005099991452412405
90040A,MURANO STYLE GLASS BRACELET RED,54.290000000000006,14.0,5,2,0.0005089678969696131
20793,BLUE TILED TRAY,54.0,8.0,4,4,0.0005062491515262314
79323B,BLACK CHERRY LIGHTS,54.0,8.0,1,1,0.0005062491515262314
23389,SPACEBOY MINI RUCKSACK,53.95,13.0,4,4,0.0005057804023118553
84251C,"GREETING CARD, TWO SISTERS.",53.87999999999999,127.0,40,2,0.0005051241534117287
90012A,MIDNIGHT BLUE DROP CRYSTAL NECKLACE,53.760000000000005,11.0,5,2,0.000503999155297226
90035A,"PEARL & SHELL 42""NECKL. GREEN",53.62,5.0,3,1,0.0005026866574969728
20851,ZINC HEART LATTICE TRAY OVAL ,53.550000000000004,9.0,7,5,0.0005020304085968462
47586A,PINK FAIRY CAKE CUSHION COVER,53.55,21.0,8,7,0.0005020304085968461
20697,LITTLE GREEN MONSTER SOFT TOY,53.54999999999999,21.0,11,8,0.0005020304085968461
20756,GREEN FERN POCKET BOOK,53.54999999999998,63.0,22,20,0.000502030408596846
90123B,TURQUOISE HEART OF GLASS BRACELET,53.42,9.0,5,4,0.0005008116606394682
90211B,JET BLACK LAS VEGAS NECKLACE 45CM,53.260000000000005,9.0,6,2,0.0004993116631534645
90214E,"LETTER ""E"" BLING KEY RING",53.199999999999974,72.0,30,6,0.000498749164096213
20857,BLUE ROSE PATCH PURSE PINK BUTTERFL,52.8,32.0,8,7,0.000494999170381204
90163B,WHITE ROSEBUD & PEARL NECKLACE,52.72,7.0,5,1,0.0004942491716382022
90168,2 DAISIES HAIR COMB,52.559999999999995,18.0,12,1,0.0004927491741521986
84842,HELLO SAILOR BATHROOM SET,52.5,14.0,9,8,0.0004921866750949472
90176D,DIAMANTE NECKLACE PURPLE,52.5,7.0,4,4,0.0004921866750949472
84805B,BLUE CLIMBING HYDRANGA ART FLOWER,52.5,38.0,3,3,0.0004921866750949472
90138,WHITE/PINK MINI CRYSTALS NECKLACE,52.419999999999995,10.0,7,1,0.0004914366763519454
90141C,TURQ PENDANT TRIPLE SHELL NECKLACE,52.309999999999995,10.0,8,2,0.0004904054280803179
84927D,LA PALMIERA TILE HOOK,52.250000000000014,48.0,14,9,0.0004898429290230667
35265,COLOURFUL FLOWER FRUIT BOWL,52.20000000000001,17.0,12,11,0.0004893741798086905
23196,RETO LEAVES MAGNETIC SHOPPING LIST,52.199999999999996,36.0,3,3,0.0004893741798086904
23035,DOORKNOB CERAMIC IVORY,52.199999999999996,36.0,1,1,0.0004893741798086904
85028S,FRENCH CHATEAU SMALL FRUITBOWL,51.59999999999999,24.0,8,8,0.0004837491892361766
90205A,LARGE MINT DIAMANTE HAIRSLIDE,51.50999999999999,31.0,16,6,0.0004829054406502996
84597B,RETRO BROWN BALL ASHTRAY ,51.25,41.0,5,3,0.00048046794473554375
20910,VINTAGE PHOTO ALBUM PARIS DAYS,50.8,8.0,3,2,0.00047624920180615847
84534B,FAIRY CAKE NOTEBOOK A5 SIZE,50.72,53.0,10,5,0.00047549920306315667
35916B,BLUE FELT HANGING HEART WITH FLOWER,50.57000000000002,75.0,30,1,0.0004740929554200284
17007B,S/3 POT POURI CUSHIONS BLUE COLOURS,50.400000000000006,24.0,2,2,0.00047249920809114943
90018C,SILVER BLACK ORBIT DROP EARRINGS,50.4,12.0,9,3,0.0004724992080911494
47348A,FUSCHIA VOILE POINTY SHOE DEC,50.31,97.0,15,11,0.00047165545950527234
44242B,PINK FEATHERS CURTAIN,50.28,52.0,3,3,0.00047137420997664663
90214D,"LETTER ""D"" BLING KEY RING",49.89999999999998,68.0,32,5,0.0004678117159473877
90214M,"LETTER ""M"" BLING KEY RING",49.81999999999997,60.0,28,3,0.00046706171720438584
90180B,PURPLE AMETHYST NECKLACE W TASSEL,49.81,5.0,5,3,0.0004669679673615109
23603,SET 10 CARD KRAFT REINDEER 17084,49.80000000000002,20.0,14,0,0.00046687421751863585
23197,VEGETABLE MAGNETIC  SHOPPING LIST,49.8,36.0,3,3,0.0004668742175186357
90079,VINTAGE ENAMEL & CRYSTAL NECKLACE,49.760000000000005,10.0,4,2,0.0004664992181471348
20667,CHERRY BLOSSOM PURSE,49.690000000000005,20.0,16,1,0.0004658429692470082
90202B,WHITE ENAMEL FLOWER HAIR TIE,49.64999999999999,17.0,10,2,0.00046546796987550717
90142D,MOP PENDANT SHELL NECKLACE,49.64,10.0,4,3,0.000465374220032632
90157,RIVIERA NECKLACE,49.59,10.0,5,2,0.0004649054708182559
23015,CORDIAL JUG,49.5,6.0,2,2,0.00046406172223237887
21816,CHRISTMAS TREE T-LIGHT HOLDER,49.3,34.0,7,6,0.00046218672537487427
21089,SET/6 GREEN SPRING PAPER CUPS,48.99000000000001,233.0,25,23,0.00045928048024574227
90038B,GLASS AND PAINTED BEADS BRACELET OL,48.76999999999999,13.0,8,1,0.0004572179837024871
84497,BUTTONS AND STRIPES NOTEBOOK ,48.75,13.0,7,7,0.00045703048401673677
90002D,FLOWER BURST SILVER RING CRYSTAL,48.71,13.0,9,5,0.0004566554846452358
21720,CAKE SHOP  STICKER SHEET,48.45,57.0,8,8,0.0004542179887304799
DCGS0076,SUNJAR LED NIGHT NIGHT LIGHT,48.39,3.0,2,0,0.0004536554896732285
84559a,3D SHEET OF DOG STICKERS,48.37999999999999,29.0,22,0,0.0004535617398303532
84510E,SET OF 4 GREEN CAROUSEL COASTERS,48.290000000000006,34.0,16,9,0.0004527179912444763
90205C,LARGE CRYSTAL DIAMANTE HAIRSLIDE,48.20999999999999,29.0,15,3,0.00045196799250147424
84402B,PURPLE DRESS JEWELLERY STAND,48.19,61.0,3,3,0.0004517804928157239
90125B,AQUA BERTIE GLASS BEAD BAG CHARM,48.06,30.0,12,3,0.00045056174485834605
90169,DAISY HAIR COMB,47.83999999999999,19.0,11,1,0.00044849924831509086
90036A,FLOWER GARLAND NECKLACE RED,47.7,6.0,4,3,0.0004471867505148378
23539,"WALL ART , LOVES' SECRET ",47.6,8.0,2,2,0.0004462492520860855
90165B,WHITE ROSEBUD  PEARL EARRINGS,47.429999999999986,19.0,18,1,0.0004446555047572065
17084J,LOVE POTION MASALA INCENSE,47.25,225.0,8,8,0.00044296800758545247
84715,SET OF 6 ICE CREAM SKITTLES,47.2,16.0,3,3,0.0004424992583710764
84086B,YELLOW/BLUE RETRO RADIO,47.2,16.0,7,3,0.0004424992583710764
84706F,RED PEONY TABLE CLOCK,47.2,16.0,10,9,0.0004424992583710764
84750A,PINK SMALL GLASS CAKE STAND,46.8,24.0,1,1,0.0004387492646560672
84857B,BLUE MONTE CARLO HANDBAG,46.8,24.0,1,1,0.0004387492646560672
90190A,SILVER/CRYSTAL DROP EARRINGS W LEAF,46.76,16.0,10,1,0.00043837426528456634
21392,RED POLKADOT PUDDING BOWL,46.39000000000001,34.0,7,5,0.000434905521098183
23107,WHITE WIRE PLANT POT HOLDER,46.24,16.0,2,2,0.0004334992734550545
84801B,WHITE HYDRANGEA ART FLOWER,46.2,22.0,3,3,0.0004331242740835536
23047,PAPER LANTERN 5 POINT STUDDED STAR,46.0,8.0,4,4,0.000431249277226049
85031A,ROMANTIC IMAGES SCRAP BOOK SET,45.900000000000006,16.0,7,7,0.0004303117787972968
90012B,BLACK DROP CRYSTAL NECKLACE,45.35000000000001,13.0,3,2,0.0004251555374391593
90064B,BLACK VINTAGE  CRYSTAL EARRINGS,45.0,12.0,7,6,0.0004218742929385262
23625,SET 6 CARDS SPARKLY REINDEER 17262,44.91000000000001,9.0,4,0,0.00042103054435264925
90141B,IVORY PENDANT TRIPLE SHELL NECKLACE,44.86,9.0,5,2,0.000420561795138273
84906,PINK BUTTERFLY CUSHION COVER,44.85,23.0,5,3,0.0004204680452953978
85185D,FROG SOCK PUPPET,44.250000000000014,15.0,8,7,0.0004148430547228843
20670,VIP HOLIDAY PURSE,44.04,14.0,11,5,0.00041287430802250434
47344B,BLUE FLOWER DES PURSE,43.65999999999999,44.0,6,6,0.00040931181399324557
79063C,"RETRO PILL BOX KEY CHAIN,THE KING",43.64999999999999,235.0,14,13,0.00040921806415037033
90056,CHUNKY CRACKED GLAZE NECKLACE IVORY,43.51,4.0,4,0,0.00040790556635011716
20698,LITTLE PINK MONSTER SOFT TOY,43.35,17.0,8,7,0.0004064055688641136
46138B,BLUE CHENILLE SHAGGY CUSHION COVER ,43.150000000000006,43.0,12,8,0.00040453057200660913
37444C,PINK BREAKFAST CUP AND SAUCER ,43.05000000000001,23.0,9,5,0.0004035930735778568
23038,T-LIGHT HOLDER SILVER SAUCER,42.919999999999995,44.0,8,4,0.00040237432562047876
84539,KNITTED RABBIT DOLL ,42.9,26.0,2,1,0.00040218682593472834
22987,WRAP SUMMER ROSE DESIGN,42.84,102.0,5,4,0.00040162432687747697
20818,GOLD TEDDY BEAR,42.7,15.0,5,2,0.0004003118290772238
16254,TRANSPARENT ACRYLIC TAPE DISPENSER,42.580000000000005,40.0,17,7,0.0003991868309627211
84922,PINK BUTTERFLY WASHBAG,42.29,9.0,6,5,0.00039646808551933936
90029,NEW BAROQUE SMALL NECKLACE BLACK,42.14,5.0,4,2,0.00039506183787621095
90024F,NEW BAROQUE B'FLY NECKLACE CRYSTAL,42.13,5.0,4,1,0.0003949680880333358
47570b,TEA TIME TABLE CLOTH,42.019999999999996,2.0,2,0,0.00039393683976170825
16156L,"WRAP, CAROUSEL",42.0,100.0,4,4,0.00039374934007595783
17084A,TRANQUILITY MASALA INCENSE,42.0,200.0,7,7,0.00039374934007595783
23231,WRAP  VINTAGE DOILEY ,42.0,100.0,2,2,0.00039374934007595783
90120D,WHITE MURANO TWIST BRACELET,41.790000000000006,10.0,5,2,0.00039178059337557805
20666,ECONOMY HOLIDAY PURSE,41.529999999999994,30.0,17,4,0.000389343097460822
23045,PAPER LANTERN 5 POINT STAR MOON 30,41.5,10.0,5,5,0.0003890618479321964
15030,FAN BLACK FRAME ,41.46999999999999,143.0,12,11,0.00038878059840357065
84997a,GREEN 3 PIECE POLKADOT CUTLERY SET,41.449999999999996,5.0,5,0,0.0003885930987178202
72807c,SET/3 VANILLA SCENTED CANDLE IN BOX,41.449999999999996,5.0,5,0,0.0003885930987178202
90059D,DIAMANTE HAIR GRIP PACK/2 PERIDOT,41.44999999999999,25.0,19,1,0.00038859309871782017
90059E,DIAMANTE HAIR GRIP PACK/2 RUBY,41.36999999999998,25.0,15,3,0.00038784309997481827
90039B,FIRE POLISHED GLASS BRACELET MONTAN,41.309999999999995,11.0,6,1,0.000387280600917567
90162C,ANT SILVER FUSCHIA BOUDICCA RING,41.30000000000001,14.0,7,3,0.0003871868510746919
85089,CANDY SPOT BUNNY,41.30000000000001,14.0,5,5,0.0003871868510746919
84921,CREAM AND PINK FLOWERS PONY ,41.25,11.0,5,5,0.00038671810186031573
75013B,"STRING OF 8 BUTTERFLIES,PINK",41.25,25.0,6,6,0.00038671810186031573
23448,CREAM BUNNY EASTER EGG BASKET,41.24999999999999,25.0,3,3,0.0003867181018603156
90067A,PINK VINTAGE VICTORIAN EARRINGS,41.150000000000006,14.0,7,3,0.00038578060343156346
90177E,DROP DIAMANTE EARRINGS GREEN,41.08,14.0,9,1,0.0003851243545314368
90177B,DROP DIAMANTE EARRINGS BLACK DIAMON,41.01,14.0,7,2,0.0003844681056313102
90182C,BLACK 3 BEAD DROP EARRINGS,40.96,14.0,9,1,0.0003839993564169341
90130C,GREEN STONE/CRYSTAL EARRINGS,40.94999999999999,14.0,13,0,0.00038390560657405875
90177A,CLASSIC DIAMANTE EARRINGS JET,40.9,14.0,9,1,0.0003834368573596827
23148,MINITURE ANTIQUE ROSE HOOK IVORY,40.8,48.0,4,4,0.00038249935893093045
10120,DOGGY RUBBER,40.530000000000015,193.0,29,25,0.0003799681131732994
71495A,CD WALL TIDY BLUE OFFICE,40.379999999999995,103.0,8,2,0.00037856186553017083
90214G,"LETTER ""G"" BLING KEY RING",40.19999999999998,60.0,30,5,0.0003768743683584166
85092,CANDY SPOT TEA COSY,40.05,27.0,2,2,0.0003754681207152883
90187B,GREEN DROP EARRINGS W BEAD CLUSTER,40.03,12.0,8,1,0.0003752806210295379
90165A,PINK ROSEBUD PEARL EARRINGS,39.97999999999999,16.0,15,0,0.00037481187181516163
72369A,PINK CLEAR GLASS CANDLE PLATE,39.92,30.0,5,3,0.00037424937275791037
23462,ROCOCO WALL MIROR,39.9,2.0,1,1,0.0003740618730721599
90135,ORANGE/WHT/FUSCHIA STONES NECKLACE,39.660000000000004,8.0,2,1,0.00037181187684315445
84725,FREESTYLE CANVAS ART PICTURE,39.650000000000006,41.0,18,16,0.00037171812700027927
22972,CHILDRENS SPACEBOY MUG,39.599999999999994,24.0,2,2,0.000371249377785903
84596f,SMALL MARSHMALLOWS PINK BOWL,39.36000000000001,16.0,12,0,0.00036899938155689763
84575A,PINK DOG CANNISTER,39.3,14.0,4,4,0.0003684368824996462
21307,SET/4 BUTTERFLY MIRROR MAGNETS,39.199999999999996,79.0,13,11,0.00036749938407089393
35910A,MULTICOLOUR EASTER RABBIT ,39.0,20.0,4,4,0.0003656243872133894
47341A,FUSCHIA TABLE RUN FLOWER ,38.75,27.0,5,5,0.0003632806411415087
90064A,WHITE VINTAGE CRYSTAL EARRINGS,38.699999999999996,10.0,6,3,0.0003628118919271325
84751B,BLACK MEDIUM GLASS CAKE STAND,38.68999999999999,19.0,8,8,0.0003627181420842572
21393,BLUE POLKADOT PUDDING BOWL,38.67,29.0,7,7,0.00036253064239850685
47420,ASSORTED COLOUR SUCTION CUP HOOK,38.379999999999995,202.0,13,11,0.0003598118969551252
84559b,3D SHEET OF CAT STICKERS,38.32999999999999,23.0,20,0,0.00035934314774074903
84746,PINK EASTER HENS+FLOWER,38.31,14.0,9,1,0.00035915564805499866
84925D,LA PALMIERA WALL THERMOMETER,38.25,15.0,10,8,0.0003585931489977473
84617,NEW BAROQUE BLACK BOXES,38.25,3.0,3,3,0.0003585931489977473
90190B,GOLD/AMBER DROP EARRINGS W LEAF,38.18,13.0,7,1,0.0003579369000976207
81952B,ROUND BLUE CLOCK WITH SUCKER,38.0,200.0,9,9,0.00035624940292586655
84033,FLAG OF ST GEORGE ,37.949999999999996,23.0,7,7,0.0003557806537114904
84809B,PINK CHRYSANTHEMUMS ART FLOWER,37.800000000000004,18.0,1,1,0.00035437440606836206
90075,MONTANA DIAMOND CLUSTER NECKLACE,37.66,4.0,3,0,0.0003530619082681088
90199D,5 STRAND GLASS NECKLACE AMBER,37.620000000000005,6.0,6,2,0.000352686908896608
90212B,JET BLACK LAS VEGAS BRACELET ROUND,37.62,10.0,8,1,0.0003526869088966079
79191D,RETRO PLASTIC DAISY TRAY,37.61,35.0,16,7,0.0003525931590537327
23043,PAPER LANTERN 9 POINT HOLLY STAR 40,37.5,6.0,3,3,0.0003515619107821052
72709,IVORY SCULPTED RND CANDLE ,37.4,44.0,7,4,0.00035062441235335286
35809a,ENAMEL PINK TEA CONTAINER,37.33,9.0,9,0,0.0003499681634532263
84509b,SET OF 4 FAIRY CAKE PLACEMATS,37.3,5.0,4,0,0.0003496869139246006
90074,BLACK DIAMOND CLUSTER NECKLACE,37.239999999999995,4.0,3,1,0.0003491244148673492
22837,HOT WATER BOTTLE BABUSHKA LARGE,37.2,8.0,1,1,0.00034874941549584837
22407,MONEY BOX FIRST AID DESIGN,36.78,44.0,11,9,0.00034481192209508875
84522,PINK PARTY SUNGLASSES,36.760000000000005,20.0,12,6,0.00034462442240933833
90085,CRYSTAL STILETTO PHONE CHARM,36.75999999999999,34.0,10,2,0.0003446244224093382
90214H,"LETTER ""H"" BLING KEY RING",36.75999999999998,48.0,30,4,0.00034462442240933806
71510,SQUARE METAL CANDLEHOLDER BASE,36.52,52.0,8,5,0.00034237442618033283
35913B,WHITE/PINK CHICK EASTER DECORATION,36.33,37.0,10,8,0.00034059317916570347
84548,CROCHET BEAR RED/BLUE  KEYRING,36.3,22.0,4,3,0.0003403119296370778
17090D,VANILLA INCENSE 40 CONES IN TIN,36.25,29.0,12,6,0.0003398431804227017
84226,HEN HOUSE W FAMILY IN BARN & NEST,36.21,51.0,10,9,0.0003394681810512008
85216,ASSORTED CAKES FRIDGE MAGNETS,35.74999999999999,55.0,8,6,0.0003351556882789402
90094,NECKLACE+BRACELET SET FRUIT SALAD ,35.7,14.0,13,12,0.0003346869390645642
90179C,BLACK FINE BEAD NECKLACE W TASSEL,35.44,6.0,6,1,0.0003322494431498082
79063D,"RETRO PILL BOX , REVOLUTIONARY",35.32999999999999,190.0,11,9,0.00033121819487818064
90179A,AMBER FINE BEAD NECKLACE W TASSEL,35.31,6.0,5,2,0.00033103069519243027
90123D,WHITE HEART OF GLASS BRACELET,35.31,6.0,5,2,0.00033103069519243027
90011B,BLACK CRYSTAL DROP EARRINGS,35.27,12.0,7,2,0.00033065569582092937
90060F,FIRE POLISHED GLASS NECKL GREEN,35.160000000000004,6.0,6,0,0.00032962444754930186
90186A,AMETHYST HOOP EARRING FLORAL LEAF,35.11,12.0,9,3,0.00032915569833492567
90131,PINK/AMETHYST/GOLD NECKLACE,34.870000000000005,5.0,2,1,0.0003269057021059203
23196,LEAVES MAGNETIC  SHOPPING LIST,34.8,24.0,2,2,0.0003262494532057936
90049,IVORY GOLD METAL BAG CHARM,34.77,5.0,3,2,0.00032596820367716795
90059F,DIAMANTE HAIR GRIP PACK/2 LT ROSE,34.68999999999999,21.0,14,3,0.000325218204934166
20827,GOLD APERITIF GLASS,34.32,88.0,2,1,0.00032174946074778267
79406,FROSTED WHITE BASE ,34.120000000000005,144.0,8,6,0.0003198744638902782
81950B,FLOWER BLUE CLOCK WITH SUCKER,33.93,117.0,8,8,0.00031809321687564877
84873A,FUNKY FLOWER PICNIC BAG FOR 4,33.9,2.0,2,2,0.00031781196734702305
90026C,GLASS BEAD HOOP NECKLACE GREEN,33.82,4.0,3,2,0.00031706196860402125
90024C,NEW BAROQUE B'FLY NECKLACE GREEN,33.81,4.0,3,1,0.00031696821876114607
17136A,BLUE STONES ON WIRE FOR CANDLE,33.75,404.0,17,16,0.00031640571970389464
90038C,GLASS AND BEADS BRACELET IVORY,33.69,9.0,4,1,0.00031584322064664327
72783,BLACK SIL'T SQU CANDLE PLATE ,33.6,16.0,2,2,0.00031499947206076623
90129D,AMBER GLASS TASSLE BAG CHARM,33.440000000000005,14.0,7,2,0.00031349947457476264
23390,DOLLY GIRL MINI RUCKSACK,33.2,8.0,2,2,0.00031124947834575714
37423,WHITE WITH BLACK CATS PLATE,33.18,78.0,3,3,0.00031106197866000667
72807b,SET/3 OCEAN SCENT CANDLE JEWEL BOX,33.16,4.0,4,0,0.0003108744789742562
35610C,WHITE CHRISTMAS FLOCK DROPLET ,32.51,25.0,2,1,0.00030478073918736637
37468,HARDMAN MUG 3 ASSORTED,32.42000000000001,65.0,13,11,0.00030393699060148944
17109D,FLOWER FAIRY INCENSE BOUQUET,32.349999999999994,61.0,5,4,0.00030328074170136266
84824,DANISH ROSE UMBRELLA STAND,31.9,2.0,2,2,0.0002990619987719775
90036B,"FLOWER GLASS GARLAND NECKL.36""GREEN",31.8,4.0,2,2,0.0002981245003432252
20878,SET/9 CHRISTMAS T-LIGHTS SCENTED ,31.25,25.0,7,7,0.0002929682589850876
23366,SET 12 COLOUR PENCILS DOILEY,31.200000000000003,48.0,3,3,0.00029249950977071153
23632,SET 10 CARDS CHEERFUL ROBIN 17065,31.199999999999996,15.0,10,0,0.0002924995097707115
85018D,YULETIDE IMAGES S/6 PAPER BOXES,30.6,12.0,7,6,0.00028687451919819784
22937,BAKING MOULD CHOCOLATE CUP CAKES,30.599999999999998,12.0,2,2,0.0002868745191981978
22937,BAKING MOULD CUPCAKE CHOCOLATE,30.599999999999998,12.0,1,1,0.0002868745191981978
44228,CANNABIS LEAF BEAD CURTAIN,30.599999999999998,36.0,2,2,0.0002868745191981978
37471,MULTICOLOUR POLKADOT PLATE,30.43,29.0,3,1,0.00028528077186931896
90176B,DIAMANTE NECKLACE BLACK ,30.12,4.0,3,1,0.0002823745267401869
35610B,BLACK CHRISTMAS FLOCK DROPLET ,30.0,24.0,1,1,0.00028124952862568415
22953,BIRTHDAY BANNER TAPE,30.0,24.0,1,1,0.00028124952862568415
23252,ENAMEL JUG PANTRY,30.0,8.0,2,2,0.00028124952862568415
23250,ENAMEL BOWL PANTRY,30.0,24.0,2,2,0.00028124952862568415
23396,BUTTERFLY CUSHION COVER,30.0,8.0,2,2,0.00028124952862568415
23437,GIFT BAG LARGE 50'S CHRISTMAS,30.0,24.0,2,2,0.00028124952862568415
90195B,BLACK GEMSTONE BRACELET,29.98,4.0,4,3,0.00028106202893993373
90176E,DIAMANTE NECKLACE GREEN,29.98,4.0,3,2,0.00028106202893993373
90039A,FIRE POLISHED GLASS BRACELET RED,29.96,8.0,3,1,0.00028087452925418325
21310,CAPIZ CHANDELIER,29.95,1.0,1,1,0.000280780779411308
90122B,JADE CRYSTAL+GLASS BRACELET,29.93,6.0,6,1,0.00028059327972555754
21667,GLASS CAKE COVER AND PLATE,29.9,2.0,1,1,0.0002803120301969318
90136,PALE PINK/AMETHYST STONE NECKLACE,29.849999999999998,3.0,2,2,0.0002798432809825557
90014C,SILVER/BLACK ORBIT NECKLACE,29.849999999999998,3.0,2,2,0.0002798432809825557
84660a,WHITE STITCHED WALL CLOCK,29.84,4.0,2,0,0.0002797495311396805
90159,COTE D'AZURE NECKLACE,29.79,6.0,5,2,0.0002792807819253043
90001D,ANTIQUE OLIVE GREEN FLOWER EARRINGS,29.73,7.0,5,3,0.000278718282868053
90120A,PINK MURANO TWIST BRACELET,29.73,7.0,3,0,0.000278718282868053
21757,LIGHTHOUSE PRINTED METAL SIGN,29.700000000000003,6.0,3,3,0.00027843703333942733
23530,"WALL ART,ONLY ONE PERSON ",29.700000000000003,6.0,1,1,0.00027843703333942733
21040,MODERN VINTAGE COTTON SHOPPING BAG,29.699999999999996,22.0,8,8,0.0002784370333394272
35816P,"ACRYLIC JEWEL ANGEL,PINK",29.64,78.0,2,2,0.0002778745342821759
90214I,"LETTER ""I"" BLING KEY RING",29.619999999999997,38.0,13,3,0.0002776870345964255
84706D,CHERRY BLOSSOM TABLE CLOCK ,29.599999999999994,8.0,4,3,0.00027749953491067495
90162D,ANT SILVER PURPLE BOUDICCA RING,29.500000000000004,10.0,5,3,0.0002765620364819228
84465,15 PINK FLUFFY CHICKS IN BOX,29.5,10.0,7,7,0.00027656203648192273
82605,OLD DOC RUSSEL METAL SIGN,29.400000000000006,14.0,3,3,0.0002756245380531705
84558a,3D DOG PICTURE PLAYING CARDS,29.31,5.0,5,0,0.0002747807894672934
85030,FRENCH CHATEAU OVAL PLATTER,29.249999999999996,15.0,6,6,0.000274218290410042
90214N,"LETTER ""N"" BLING KEY RING",29.229999999999993,41.0,24,3,0.0002740307907242915
84199,GLOW IN DARK DOLPHINS,29.190000000000012,139.0,31,28,0.0002736557913527908
21011,GLITTER SNOW PEAR TREE DECORATION,28.999999999999996,20.0,3,2,0.0002718745443381613
46776f,WOVEN ROSE GARDEN CUSHION COVER ,28.91,7.0,1,0,0.0002710307957522843
90152A,SILVER/NAT SHELL NECKLACE W PENDANT,28.759999999999998,5.0,5,3,0.0002696245481091559
84803B,WHITE ALLIUM  ARTIFICIAL FLOWER,28.729999999999997,17.0,4,3,0.00026934329858053016
90093,CLEAR CRYSTAL STAR PHONE CHARM,28.57,52.0,10,5,0.0002678433010945265
90027D,GLASS BEAD HOOP EARRINGS AMETHYST,28.400000000000002,9.0,6,1,0.0002662495537656477
17165D,ASS COL LARGE SAND FROG P'WEIGHT,28.35,27.0,7,6,0.00026578080455127155
23380,PACK OF 12 DOILEY TISSUES,28.08,72.0,2,2,0.00026324955879364033
84798B,PURPLE FOXGLOVE ARTIIFCIAL FLOWER,28.05,11.0,3,2,0.0002629683092650147
90005A,JADE GREEN ENAMEL HAIR COMB,28.02,14.0,10,0,0.00026268705973638896
90214R,"LETTER ""R"" BLING KEY RING",28.009999999999984,41.0,25,3,0.0002625933098935136
84613A,PINK NEW BAROQUE FLOCK CANDLESTICK,27.900000000000002,6.0,3,3,0.00026156206162188626
79066k,RETRO MOD TRAY,27.769999999999992,17.0,10,0,0.0002603433136645082
23637,SET 10 CARDS OUT OF ORDER 17216,27.39,11.0,9,0,0.00025678081963524966
23613,SET 10 XMAS CARDS & BADGES 17070,27.39,11.0,6,0,0.00025678081963524966
44235,ASSORTED COLOURED CIRCLE MOBILE ,27.300000000000008,65.0,7,6,0.00025593707104937263
85126,LARGE ROUND CUTGLASS CANDLESTICK,27.14,2.0,1,0,0.00025443707356336893
85017C,ENVELOPE 50 CURIOUS IMAGES,27.02,50.0,10,10,0.0002533120754488662
79323P,PINK CHERRY LIGHTS,27.0,4.0,1,1,0.0002531245757631157
23702,High Resolution Image,27.0,4.0,3,3,0.0002531245757631157
84993a,75 GREEN PETIT FOUR CASES,26.55999999999999,32.0,19,0,0.00024899958267660566
35598A,DUSTY PINK CHRISTMAS TREE 60CM,26.550000000000004,9.0,2,2,0.00024890583283373053
84675,FROG KING WATERING CAN,26.55,9.0,2,2,0.0002489058328337305
90059B,DIAMANTE HAIR GRIP PACK/2 BLACK DIA,26.519999999999996,16.0,10,3,0.00024862458330510476
21836,GINGHAM OVEN GLOVE RED HEART ,26.490000000000002,5.0,3,2,0.0002483433337764791
72140E,BEST DAD CANDLE LETTERS,26.35,31.0,8,8,0.00024703083597622593
90212C,PURPLE LAS VEGAS BRACELET ROUND,26.25,7.0,3,2,0.0002460933375474736
23636,SET 10 CARDS WISHING TREE 17116,26.19,9.0,7,0,0.0002455308384902223
90183C,BLACK DROP EARRINGS W LONG BEADS,26.149999999999995,9.0,9,1,0.0002451558391187213
35916B,BLUE FELT HANGING HEART W FLOWER,26.11,16.0,2,0,0.00024478083974722043
21461,BLUE EASTER EGG HUNT START POST,25.809999999999995,11.0,6,4,0.00024196834446096354
90026D,GLASS BEAD HOOP NECKLACE AMETHYST,25.5,3.0,3,3,0.00023906209933183153
84968B,SET OF 16 VINTAGE IVORY CUTLERY,25.5,2.0,2,2,0.00023906209933183153
84968f,SET OF 16 VINTAGE SKY BLUE CUTLERY,25.49,1.0,1,0,0.00023896834948895627
35910B,PINK FLOWERS RABBIT EASTER,25.349999999999998,13.0,3,3,0.00023765585168870307
90026B,GLASS BEAD HOOP NECKLACE MONTANA,25.32,3.0,3,2,0.0002373746021600774
90037B,TINY CRYSTAL BRACELET GREEN,25.28,10.0,5,1,0.0002369996027885765
90013D,PURPLE VINTAGE EARRINGS,25.17,6.0,3,0,0.000235968354516949
90188,DROP EARRINGS W FLOWER & LEAF,25.130000000000003,10.0,7,2,0.0002355933551454481
84596e,SMALL LICORICE DES PINK BOWL,25.099999999999998,10.0,6,0,0.0002353121056168224
90033,IVORY SHELL HEART EARRINGS,25.070000000000004,10.0,9,1,0.00023503085608819676
23104,IVORY PANTRY HANGING LAMP ,25.0,2.0,1,1,0.00023437460718807012
22135,LADLE LOVE HEART PINK,24.980000000000008,39.0,13,3,0.00023418710750231975
90016C,SILVER/BLACK PENDANT ORBIT NECKLACE,24.96,3.0,3,0,0.00023399960781656925
23214,BELL HEART ANTIQUE GOLD,24.96,12.0,1,1,0.00023399960781656925
23240,SET OF 4 KNICK KNACK TINS  DOILEY ,24.900000000000002,6.0,1,1,0.00023343710875931787
23620,SET 10 CARDS PERFECT POST 17090,24.900000000000002,10.0,7,0,0.00023343710875931787
85132c,CHARLIE AND LOLA FIGURES TINS,24.869999999999997,3.0,3,0,0.0002331558592306921
85034a,3 GARDENIA MORRIS BOXED CANDLES,24.869999999999997,3.0,3,0,0.0002331558592306921
15060b,FAIRY CAKE DESIGN UMBRELLA,24.869999999999997,3.0,3,0,0.0002331558592306921
85115B,S/4 BLACK DISCO PARTITION PANEL,24.869999999999997,3.0,1,0,0.0002331558592306921
90043,COPPER AND BRASS BAG CHARM,24.810000000000002,4.0,2,2,0.00023259336017344078
90059C,DIAMANTE HAIR GRIP PACK/2 MONTANA,24.789999999999992,15.0,10,3,0.00023240586048769025
90214B,"LETTER ""B"" BLING KEY RING",24.769999999999992,37.0,22,2,0.0002322183608019398
84854,GIRLY PINK TOOL SET,24.75,5.0,1,1,0.00023203086111618944
20820,SILVER LOOKING MIRROR,24.75,5.0,2,2,0.00023203086111618944
20778,GARDEN PATH NOTEBOOK ,24.75,15.0,8,8,0.00023203086111618944
90141E,ORANGE PENDANT TRIPLE SHELL NECKLAC,24.75,5.0,2,1,0.00023203086111618944
84993B,75 BLACK PETIT FOUR CASES,24.36,58.0,18,16,0.0002283746172440555
90076,MONTANA DIAMOND CLUSTER EARRINGS,24.119999999999997,9.0,4,1,0.00022612462101505
47503J,SET/3 FLORAL GARDEN TOOLS IN BAG,23.85,3.0,2,1,0.0002235933752574189
84562A,PINK/WHITE RIBBED MELAMINE JUG,23.85,3.0,3,2,0.0002235933752574189
21357,TOAST ITS - DINOSAUR,23.75,19.0,10,9,0.0002226558768286666
35909A,RABBIT EASTER DECORATION,23.6,8.0,3,3,0.0002212496291855382
35909B,PINK FLOWERS RABBIT EASTER,23.6,8.0,2,2,0.0002212496291855382
90083,CRYSTAL CZECH CROSS PHONE CHARM,23.469999999999995,25.0,9,2,0.00022003088122816018
22246,"GARLAND, MAGIC GARDEN 1.8M",23.4,12.0,1,1,0.0002193746323280336
23244,CANNISTER VINTAGE LEAF DESIGN,23.4,12.0,2,2,0.0002193746323280336
90176C,DIAMANTE NECKLACE,23.32,3.0,2,1,0.00021862463358503182
23623,SET 10 CARD CHRISTMAS WELCOME 17112,23.28,8.0,6,0,0.00021824963421353093
90182A,AMBER 3 BEAD DROP EARRINGS,23.199999999999996,8.0,8,0,0.00021749963547052905
90104,PURPLE FRANGIPANI HAIRCLIP,23.16,28.0,12,1,0.00021712463609902815
23236,STORAGE TIN VINTAGE DOILEY ,23.13,7.0,2,1,0.00021684338657040246
23106,ZINC PLANT POT HOLDER,23.12,8.0,1,1,0.00021674963672752725
85195,HANGING HEART BASKET,23.1,11.0,3,3,0.0002165621370417768
85206B,PINK FELT EASTER EGG BASKET,23.099999999999998,14.0,4,4,0.00021656213704177675
22351,DOTCOMGIFTSHOP TEA TOWEL,23.089999999999996,13.0,2,1,0.00021646838719890154
90214Y,"LETTER ""Y"" BLING KEY RING",22.839999999999996,66.0,8,3,0.00021412464112702083
23145,ZINC T-LIGHT HOLDER STARS LARGE,22.799999999999997,24.0,2,2,0.0002137496417555199
90054,CRACKED GLAZE EARRINGS RED,22.580000000000002,9.0,9,1,0.00021168714521226494
90039C,FIRE POLISHED GLASS BRACELET BLACK,22.48,6.0,6,1,0.00021074964678351264
90176A,CLASSIC DIAMANTE NECKLACE JET,22.48,3.0,2,1,0.00021074964678351264
23640,SET 10 CARDS SCOTTIE DOG 17211,22.410000000000004,9.0,8,0,0.0002100933978833861
23645,SET 10 CHRISTMAS CARDS HOHOHO 16956,22.41,9.0,4,0,0.00021009339788338605
21018,BIRD BOX CHRISTMAS TREE DECORATION,22.060000000000002,24.0,6,4,0.0002068121533827531
90035C,"PEARL & SHELL 42""NECKL. IVORY",21.5,2.0,1,1,0.0002015621621817403
84387A,BIRD ON BRANCH CANVAS SCREEN,21.45,11.0,1,1,0.00020109341296736417
84551,CROCHET DOG KEYRING,21.449999999999996,13.0,2,1,0.00020109341296736412
20695,FLORAL BLUE MONSTER,21.25,5.0,4,4,0.0001992184161098596
90001B,ANTIQUE MID BLUE FLOWER EARRINGS,21.15,5.0,3,2,0.00019828091768110733
90001C,ANTIQUE OPAL WHITE FLOWER EARRINGS,21.130000000000003,5.0,5,2,0.0001980934179953569
90125E,AMBER BERTIE GLASS BEAD BAG CHARM,21.049999999999997,11.0,10,1,0.00019734341925235503
16169P,WRAP GREEN RUSSIAN FOLKART ,21.0,50.0,2,2,0.00019687467003797892
23691,KEEP CALM BIRTHDAY WRAP,21.0,50.0,2,2,0.00019687467003797892
23692,WRAP A PRETTY THANK YOU,21.0,50.0,2,2,0.00019687467003797892
90001A,ANTIQUE RASPBERRY FLOWER EARRINGS,20.950000000000003,5.0,4,1,0.0001964059208236028
17001,HEAVENS SCENT FRAGRANCE OILS ASSTD,20.88,72.0,1,1,0.00019574967192347614
23388,WOODLAND MINI RUCKSACK ,20.75,5.0,2,2,0.0001945309239660982
47518f,ICON PLACEMAT POP ART ELVIS,20.729999999999997,5.0,5,0,0.0001943434242803477
46776a,WOVEN BUBBLE GUM CUSHION COVER,20.65,5.0,1,0,0.0001935934255373459
90141D,ROSE PENDANT TRIPLE SHELL NECKLACE,20.36,4.0,2,1,0.00019087468009396427
90214P,"LETTER ""P"" BLING KEY RING",20.23,39.0,16,4,0.00018965593213658634
90034,WHITE SILVER NECKLACE SHELL GLASS,20.17,2.0,2,0,0.000189093433079335
84415B,BLUE FLOCK CUSHION COVER ,20.0,8.0,3,2,0.0001874996857504561
23646,SET 10 CARDS JINGLE BELLS 16957,19.92,8.0,5,0,0.00018674968700745429
23601,SET 10 CARDS SNOWY SNOWDROPS  17100,19.92,8.0,4,0,0.00018674968700745429
23616,SET 10 CARDS JINGLE BELLS 17217,19.92,8.0,7,0,0.00018674968700745429
22776,"CAKESTAND, 3 TIER, LOVEHEART",19.9,2.0,1,1,0.0001865621873217038
21681,GIANT MEDINA STAMPED METAL BOWL ,19.9,2.0,2,2,0.0001865621873217038
37491A,YELLOW/PINK CERAMIC CANDLE HOLDER,19.81,6.0,4,0,0.00018571843873582675
90156,RESIN BRACELET W PASTEL BEADS,19.8,4.0,3,2,0.00018562468889295154
85024C,PINK SMALL JEWELLED PHOTOFRAME,19.799999999999997,12.0,9,8,0.0001856246888929515
23031,DOORKNOB CRACKED GLAZE PINK,19.799999999999997,12.0,2,2,0.0001856246888929515
23029,DOORKNOB CRACKED GLAZE GREEN,19.799999999999997,12.0,2,2,0.0001856246888929515
23249,ENAMEL DINNER PLATE PANTRY,19.799999999999997,12.0,1,1,0.0001856246888929515
37487B,YELLOW/ORANGE FLOWER DESIGN PLATE,19.72,68.0,2,2,0.0001848746901499497
85028L,FRENCH CHATEAU LARGE FRUIT BOWL ,19.5,10.0,4,4,0.0001828121936066947
79062D,"RETRO TIN ASHTRAY,REVOLUTIONARY",19.4,52.0,4,4,0.0001818746951779424
85047,WHITE BEADED GARLAND STRING 20LIGHT,19.049999999999997,3.0,2,2,0.0001785934506773094
21538,DAIRY MAID  PUDDING BOWL,18.75,5.0,2,2,0.0001757809553910526
21416,CLAM SHELL LARGE,18.75,5.0,4,4,0.0001757809553910526
23056,CRYSTAL CHANDELIER T-LIGHT HOLDER,18.75,3.0,1,1,0.0001757809553910526
44092C,PURPLE/COPPER HANGING LAMPSHADE,18.700000000000003,22.0,8,5,0.00017531220617667649
84856S,SMALL TAHITI BEACH BAG,18.6,4.0,1,0,0.00017437470774792419
90041,PEARL AND CHERRY QUARTZ BRACLET,18.27,5.0,4,1,0.00017128096293304163
35607B,BLACK FEATHER CHRISTMAS DECORATION,18.240000000000002,96.0,7,7,0.00017099971340441597
72821,CUPID SCENTED CANDLE IN GLASS,18.15,11.0,4,4,0.0001701559648185389
23079, TOADSTOOL BEDSIDE LIGHT ,17.9,2.0,1,1,0.0001678122187466582
90060D,FIRE POLISHED GLASS NECKL BRONZE,17.85,3.0,3,3,0.0001673434695322821
21661,VINTAGE GLASS TEA CADDY,17.85,3.0,3,3,0.0001673434695322821
84856L,LARGE TAHITI BEACH BAG,17.82,2.0,2,0,0.0001670622200036564
22134,LADLE LOVE HEART RED ,17.819999999999997,24.0,9,1,0.00016706222000365635
20935,ROUND CACTUS CANDLE,17.700000000000003,6.0,4,4,0.00016593722188915368
90162A,ANT SILVER TURQUOISE BOUDICCA RING,17.700000000000003,6.0,1,1,0.00016593722188915368
90027A,GLASS BEAD HOOP EARRINGS BLACK,17.66,6.0,3,1,0.00016556222251765273
90179B,PURPLE FINE BEAD NECKLACE W TASSEL,17.59,3.0,3,0,0.00016490597361752614
84596b,SMALL DOLLY MIX DESIGN ORANGE BOWL,17.57,7.0,5,0,0.0001647184739317757
90011A,MIDNIGHT BLUE CRYSTAL DROP EARRINGS,17.51,6.0,6,1,0.00016415597487452432
79331,PINK FLOCK GLASS CANDLEHOLDER,17.5,26.0,3,3,0.00016406222503164908
90130A,WHITE STONE/CRYSTAL EARRINGS,17.5,6.0,6,1,0.00016406222503164908
35597D,PINK/WHITE CHRISTMAS TREE 30CM,17.48,46.0,2,2,0.00016387472534589863
23627,SET 10 CARDS XMAS GRAPHIC  17218,17.43,7.0,2,0,0.00016340597613152247
22963,JAM JAR WITH BLUE LID,17.28,24.0,1,1,0.00016199972848839408
37489D,PINK/GREEN FLOWER DESIGN BIG MUG,17.16,40.0,16,16,0.00016087473037389134
22777,GLASS BELL JAR LARGE,17.0,2.0,1,1,0.0001593747328878877
85084,HOLLY TOP CHRISTMAS STOCKING,17.0,20.0,7,6,0.0001593747328878877
47574B,ENGLISH ROSE SCENTED HANGING HEART,17.0,4.0,2,2,0.0001593747328878877
90026A,GLASS BEAD HOOP NECKLACE BLACK,17.0,2.0,1,1,0.0001593747328878877
35645,VINTAGE BEAD PINK JEWEL BOX,17.0,4.0,3,2,0.0001593747328878877
23342,MINT DINER CLOCK,17.0,2.0,1,1,0.0001593747328878877
21120,*Boombox Ipod Classic,16.98,1.0,1,0,0.00015918723320213724
21595,Dad's Cab Electronic Meter,16.94,2.0,2,0,0.00015881223383063631
85035a,GARDENIA 3 WICK MORRIS BOXED CANDLE,16.94,2.0,2,0,0.00015881223383063631
20954,*USB Office Mirror Ball,16.94,2.0,2,0,0.00015881223383063631
90024D,NEW BAROQUE B'FLY NECKLACE PINK,16.82,2.0,2,1,0.00015768723571613357
90024E,NEW BAROQUE B'FLY NECKLACE MONTANA,16.810000000000002,2.0,2,0,0.00015759348587325835
21144,PINK POODLE HANGING DECORATION ,16.8,5.0,2,0,0.00015749973603038312
37489B,BLUE/YELLOW FLOWER DESIGN BIG MUG,16.77,31.0,12,12,0.00015721848650175743
23644,SET 10 CARDS CHRISTMAS TREE 16955,16.65,5.0,5,0,0.00015609348838725468
DCGS0004,HAYNES CAMPER SHOULDER BAG,16.63,1.0,1,0,0.00015590598870150423
84031a,CHARLIE+LOLA RED HOT WATER BOTTLE ,16.63,1.0,1,0,0.00015590598870150423
84031b,CHARLIE LOLA BLUE HOT WATER BOTTLE ,16.63,1.0,1,0,0.00015590598870150423
85036a,GARDENIA 1 WICK MORRIS BOXED CANDLE,16.58,2.0,1,0,0.0001554372394871281
90137,PINK COMBO MINI CRYSTALS NECKLACE,16.310000000000002,3.0,3,0,0.00015290599372949697
35647,VINTAGE BEAD PINK SHADE ,16.25,13.0,2,2,0.0001523434946722456
16248B,BLUE HOLE PUNCH,16.25,13.0,7,7,0.0001523434946722456
23502,PLAYING CARDS VINTAGE DOILEY ,16.25,13.0,2,2,0.0001523434946722456
90089,PINK CRYSTAL SKULL PHONE CHARM,16.220000000000002,32.0,9,2,0.00015206224514361993
85160a,WHITE BIRD GARDEN DESIGN MUG,16.13,1.0,1,0,0.00015121849655774284
90214V,"LETTER ""V"" BLING KEY RING",15.98,26.0,14,2,0.0001498122489146144
72815,3 WICK CHRISTMAS BRIAR CANDLE ,15.97,3.0,2,1,0.0001497184990717392
85136B,BLUE SHARK HELICOPTER,15.9,2.0,2,2,0.0001490622501716126
84795C,OCEAN STRIPE HAMMOCK ,15.9,2.0,1,1,0.0001490622501716126
22778,GLASS BELL JAR SMALL,15.8,4.0,1,1,0.0001481247517428603
DCGS0069,OOH LA LA DOGS COLLAR,15.79,1.0,1,0,0.00014803100189998507
20816,GOLD FLOWER CUSHION COVER ,15.6,8.0,2,1,0.00014624975488535576
78034B,BLUE NETTING STORAGE HANGER,15.599999999999998,8.0,6,6,0.00014624975488535574
90214F,"LETTER ""F"" BLING KEY RING",15.43,27.0,15,2,0.00014465600755647688
84989A,75 GREEN FAIRY CAKE CASES,15.400000000000004,28.0,17,16,0.00014437475802785122
22932,BAKING MOULD TOFFEE CUP  CHOCOLATE,15.299999999999999,6.0,1,1,0.0001434372595990989
35817P,"ACRYLIC JEWEL SNOWFLAKE,PINK",15.299999999999999,6.0,1,1,0.0001434372595990989
17107D,FLOWER FAIRY 5 SUMMER DRAW LINERS,15.299999999999999,6.0,1,1,0.0001434372595990989
90132,LIGHT TOPAZ TEAL/AQUA COL NECKLACE,15.16,3.0,3,0,0.00014212476179884572
90140,PINK SWEETIE NECKLACE,15.120000000000001,2.0,2,0,0.00014174976242734482
72024U,LILAC VOTIVE CANDLE,15.120000000000001,72.0,3,3,0.00014174976242734482
84660b,BLACK STITCHED WALL CLOCK,15.08,2.0,2,0,0.0001413747630558439
35610A,PINK CHRISTMAS FLOCK DROPLET ,15.02,10.0,3,1,0.00014081226399859252
90078,PINK/WHITE GLASS DEMI CHOKER,15.0,2.0,1,1,0.00014062476431284208
84462,3 PINK HEN+CHICKS IN BASKET,15.0,12.0,6,6,0.00014062476431284208
84705C,PINK FLOCK PHOTO FRAME ,15.0,12.0,1,1,0.00014062476431284208
84415A,PINK FLOCK SUEDE CUSHION COVER ,15.0,12.0,2,2,0.00014062476431284208
23251,ENAMEL MUG PANTRY,15.0,12.0,1,1,0.00014062476431284208
23212,PAINTED HEART WREATH WITH BELL,15.0,12.0,1,1,0.00014062476431284208
90189A,SILVER 2 STRAND NECKLACE-LEAF CHARM,15.0,2.0,2,2,0.00014062476431284208
90069,RUBY GLASS CLUSTER NECKLACE,15.0,2.0,1,1,0.00014062476431284208
17191A,ROSE FLOWER CANDLE+INCENSE 16X16CM,15.0,4.0,2,1,0.00014062476431284208
23449,SET OF 6 EASTER RAINBOW CHICKS,15.0,12.0,1,1,0.00014062476431284208
90025F,BAROQUE BUTTERFLY EARRINGS CRYSTAL,14.96,4.0,4,1,0.00014024976494134118
23621,SET 10 CARDS DAVID'S MADONNA 17074,14.940000000000001,6.0,4,0,0.0001400622652555907
23282,FOLDING MIRROR IVORY ,14.939999999999998,18.0,2,2,0.00014006226525559067
23281,FOLDING MIRROR RED  ,14.939999999999998,18.0,2,2,0.00014006226525559067
84509g,SET OF 4 FAIRY CAKE PLACEMATS ,14.92,2.0,2,0,0.00013987476556984025
85031C,CURIOUS IMAGES SCRAP BOOK SET,14.850000000000001,3.0,1,1,0.00013921851666971367
90046,WHITE WITH METAL BAG CHARM,14.850000000000001,3.0,1,1,0.00013921851666971367
90048,GREEN WITH METAL BAG CHARM,14.850000000000001,3.0,1,1,0.00013921851666971367
84593,CROCHET ROSE DES CLOTHES HANGER,14.750000000000002,5.0,1,1,0.0001382810182409614
23634,SET 10 CARDS XMAS CHOIR 17068,14.55,5.0,5,0,0.00013640602138345682
90027C,GLASS BEAD HOOP EARRINGS GREEN,14.5,5.0,5,0,0.00013593727216908066
90182B,AMETHYST 3 BEAD DROP EARRINGS,14.5,5.0,5,0,0.00013593727216908066
16202B,PASTEL BLUE PHOTO ALBUM ,14.5,29.0,2,2,0.00013593727216908066
37489A,YELLOW/PINK FLOWER DESIGN BIG MUG,14.430000000000001,33.0,14,14,0.00013528102326895407
47593A,CAROUSEL PONIES BABY BIB,14.369999999999996,33.0,12,10,0.00013471852421170267
90052,CRACKED GLAZE NECKLACE BROWN,14.14,2.0,2,0,0.00013256227782557247
62043B,BLUE CHECK BAG W HANDLE 34X20CM,14.11,17.0,5,5,0.00013228102829694675
71143,ANTIQUE SILVER BOOK MARK WITH BEADS,14.11,17.0,3,0,0.00013228102829694675
23540,"WALL ART , THE MAGIC FOREST ",13.9,2.0,1,1,0.00013031228159656697
79336,LIGHT PINK FLOCK GLASS CANDLEHOLDER,13.680000000000003,36.0,3,2,0.000128249785053312
37489C,GREEN/BLUE FLOWER DESIGN BIG MUG,13.649999999999999,23.0,8,8,0.0001279685355246863
85017A,ENVELOPE 50 ROMANTIC IMAGES,13.579999999999997,16.0,8,2,0.00012731228662455968
90065B,BLACK VINT ART DEC CRYSTAL BRACELET,13.5,2.0,2,1,0.00012656228788155785
90214T,"LETTER ""T"" BLING KEY RING",13.46,24.0,11,1,0.00012618728851005695
84745A,PINK HANGING GINGHAM EASTER HEN,13.44,32.0,5,5,0.0001259997888243065
84745B,BLUE HANGING GINGHAM EASTER HEN,13.44,32.0,5,5,0.0001259997888243065
90014C,SILVER AND BLACK ORBIT NECKLACE,13.350000000000001,2.0,2,1,0.00012515604023842944
23639,SET 10 CARDS MAGICAL TREE 17086,13.32,4.0,4,0,0.00012487479070980376
23271,CHRISTMAS TABLE CANDLE SILVER SPIKE,13.28,16.0,1,1,0.00012449979133830283
23607,SET 10 CARDS HATS & STOCKINGS 17081,13.28,8.0,7,0,0.00012449979133830283
22952,72 CAKE CASES VINTAGE CHRISTMAS,13.200000000000001,24.0,1,1,0.00012374979259530103
37491C,GREEN/BLUE CERAMIC CANDLE HOLDER,13.2,8.0,1,1,0.000123749792595301
84388,WISE MAN STAR SHAPE EGG PAN,13.139999999999999,24.0,6,6,0.00012318729353804966
37462E,"PET MUG, GOLDFISH",13.1,36.0,12,4,0.00012281229416654873
16162L,THE KING GIFT BAG,13.0,20.0,8,5,0.00012187479573779646
47013C,WINE BOTTLE DRESSING DARK BLUE,12.97,52.0,12,7,0.00012159354620917077
18097A,PINK TALL PORCELAIN T-LIGHT HOLDER ,12.75,5.0,4,4,0.00011953104966591577
21895,POTTING SHED SOW 'N' GROW SET,12.72,2.0,2,1,0.00011924980013729008
DCGS0070,CAMOUFLAGE DOG COLLAR,12.72,1.0,1,0,0.00011924980013729008
90042C,FRESHWATER PEARL BRACELET IVORY,12.7,5.0,5,0,0.00011906230045153962
90055,CRACKED GLAZE EARRINGS BROWN,12.530000000000001,5.0,5,1,0.00011746855312266075
90037C,TINY CRYSTAL BRACELET BLUE,12.520000000000001,5.0,5,0,0.00011737480327978553
20671,BLUE TEATIME PRINT BOWL ,12.5,10.0,2,2,0.00011718730359403506
23071,MARIE ANTOIENETT TRINKET BOX GOLD,12.5,1.0,1,1,0.00011718730359403506
90020,FILIGREE DIAMANTE CHAIN,12.48,1.0,1,0,0.00011699980390828462
23635,SET 10 CARDS CHRISTMAS HOLLY  17259,12.48,3.0,3,0,0.00011699980390828462
23654,SET 10 CARD SNOWMAN 16965,12.450000000000001,5.0,4,0,0.00011671855437965894
82613c,"METAL SIGN,CUPCAKE SINGLE HOOK",12.399999999999999,5.0,4,0,0.00011624980516528277
17164B,ASS COL SMALL SAND GECKO P'WEIGHT,12.18,29.0,9,9,0.00011418730862202775
79329,PINK FLOCK GLASS CANDLEHOLDER,12.18,12.0,2,2,0.00011418730862202775
84016,FLAG OF ST GEORGE CAR FLAG,12.16,27.0,2,1,0.0001139998089362773
90178B,PURPLE CHUNKY GLASS+BEAD NECKLACE,11.95,1.0,1,1,0.00011203106223589752
90021,LASER CUT MULTI STRAND NECKLACE,11.95,1.0,1,1,0.00011203106223589752
84614A,PINK BAROQUE FLOCK CANDLE HOLDER,11.9,2.0,1,1,0.00011156231302152137
84620,BLUE GINGHAM ROSE CUSHION COVER,11.9,2.0,1,1,0.00011156231302152137
44092B,BLUE WHITE PLASTIC RINGS LAMPSHADE,11.899999999999999,14.0,5,4,0.00011156231302152137
90214Z,"LETTER ""Z"" BLING KEY RING",11.84,22.0,10,1,0.00011099981396427001
37444B,BLUE BREAKFAST CUP AND SAUCER ,11.8,4.0,3,2,0.0001106248145927691
35818B,"ACRYLIC JEWEL ICICLE, BLUE",11.780000000000003,31.0,3,3,0.00011043731490701867
16162M,THE KING GIFT BAG 25x24x12cm,11.76,28.0,8,6,0.00011024981522126818
16043,POP ART PUSH DOWN RUBBER ,11.759999999999998,98.0,2,2,0.00011024981522126816
23605,SET 10 CARDS 12 DAYS OF XMAS 17059,11.64,4.0,1,0,0.00010912481710676546
23608,SET 10 CARDS RUDOLPHS NOSE 17097,11.64,4.0,3,0,0.00010912481710676546
85184c,SET 4 VALENTINE DECOUPAGE HEART BOX,11.58,2.0,2,0,0.00010856231804951407
72798C,SET/4 GARDEN ROSE DINNER CANDLE,11.549999999999999,7.0,3,3,0.00010828106852088837
71050,SMALL SINGLE FLAME CANDLE HOLDER,11.549999999999999,33.0,6,5,0.00010828106852088837
90152B,BLUE/GREEN SHELL NECKLACE W PENDANT,11.46,2.0,2,1,0.00010743731993501135
23299,"FOOD COVER WITH BEADS , SET 2 SIZES",11.25,3.0,1,1,0.00010546857323463156
90025D,BAROQUE BUTTERFLY EARRINGS PINK,11.19,3.0,3,0,0.0001049060741773802
84536a,ENGLISH ROSE NOTEBOOK A7 SIZE,11.060000000000002,14.0,4,0,0.00010368732622000224
37488A,YELLOW PINK FLOWER DESIGN BIG BOWL,10.92,28.0,3,3,0.00010237482841974902
79026B,"S/4 ICON COASTER,ELVIS LIVES",10.610000000000001,25.0,9,7,9.946858329061697e-05
16161M,WRAP  PINK FLOCK,10.5,25.0,1,1,9.843733501898946e-05
16169N,WRAP BLUE RUSSIAN FOLKART,10.5,25.0,1,1,9.843733501898946e-05
35966,FOLKART CHRISTMAS TREE T-LIGHT HOLD,10.260000000000002,27.0,2,2,9.618733878998399e-05
35958,FOLKART ZINC STAR CHRISTMAS DEC,10.2,12.0,3,3,9.562483973273261e-05
40005B,BLUE ORGANDY ROUND LAMPSHADE W BEA,10.2,12.0,4,4,9.562483973273261e-05
85109,PINK BOUDOIR T-LIGHT HOLDER,10.2,12.0,1,1,9.562483973273261e-05
44089C,LILAC GAUZE BUTTERFLY LAMPSHADE,10.08,24.0,6,6,9.449984161822988e-05
23086,ZINC STAR T-LIGHT HOLDER ,10.0,8.0,1,1,9.374984287522805e-05
90053,CRACKED GLAZE EARRINGS IVORY,9.99,4.0,4,0,9.365609303235283e-05
23624,SET 10 CARD PERFECT NATIVITY 17089,9.96,4.0,4,0,9.337484350372714e-05
23650,SET 10 CARDS FILIGREE BAUBLE 16961,9.96,4.0,4,0,9.337484350372714e-05
23619,SET 10 CARDS POINSETTIA 17093,9.96,4.0,2,0,9.337484350372714e-05
23615,SET 10 CARDS PRINTED GRAPHIC 17219,9.96,4.0,4,0,9.337484350372714e-05
37474,SET/4 2 TONE EGG SHAPE MIXING BOWLS,9.95,1.0,1,0,9.32810936608519e-05
84689,S/2 BEACH HUT TREASURE CHESTS,9.95,3.0,2,2,9.32810936608519e-05
DCGS0003,BOXED GLASS ASHTRAY,9.94,4.0,4,0,9.318734381797668e-05
82613b,"METAL SIGN,CUPCAKE SINGLE HOOK",9.94,4.0,4,0,9.318734381797668e-05
37491D,PURPLE/BLUE CERAMIC CANDLE HOLDER,9.879999999999999,4.0,2,1,9.26248447607253e-05
85231g,ORANGE SCENTED SET/9 T-LIGHTS,9.779999999999998,6.0,6,0,9.1687346331973e-05
44242A,LILAC FEATHERS CURTAIN,9.48,12.0,1,1,8.88748510457162e-05
23441,HAND PAINTED HANGING EASTER EGG,9.24,22.0,3,3,8.662485481671072e-05
35809B,ENAMEL BLUE RIM TEA CONTAINER,9.18,8.0,3,3,8.606235575945934e-05
90181C,BLACK GLASS/SHELL/PEARL NECKLACE,9.15,1.0,1,0,8.578110623083367e-05
90184c,BLACK CHUNKY BEAD BRACELET W STRAP,9.15,1.0,1,0,8.578110623083367e-05
37351,ORANGE FLOWER MUG ,9.06,10.0,2,1,8.493735764495662e-05
84773,RED ROSE AND LACE C/COVER,8.850000000000001,3.0,1,1,8.296861094457684e-05
20906,VINTAGE NOTEBOOK BEAUTY GIRL,8.850000000000001,3.0,2,2,8.296861094457684e-05
45013,FOLDING SHOE TIDY,8.850000000000001,3.0,2,2,8.296861094457684e-05
90077,BLACK DIAMOND CLUSTER EARRINGS,8.82,3.0,3,0,8.268736141595114e-05
90027B,GLASS BEAD HOOP EARRINGS MONTANA,8.76,3.0,3,0,8.212486235869976e-05
90011D,PURPLE CRYSTAL DROP EARRINGS,8.76,3.0,3,0,8.212486235869976e-05
90011E,AMBER CRYSTAL DROP EARRINGS,8.76,3.0,3,0,8.212486235869976e-05
16206B,RED PURSE WITH PINK HEART,8.75,7.0,2,2,8.203111251582454e-05
90130D,RED STONE/CRYSTAL EARRINGS,8.7,3.0,3,0,8.15623633014484e-05
84732B,CUTE BIRD CEATURE SCREEN,8.58,22.0,2,2,8.043736518694567e-05
90167,BEADED LOVE HEART JEWELLERY SET,8.5,10.0,1,1,7.968736644394384e-05
44265,M/COLOUR POM-POM CURTAIN,8.5,2.0,1,1,7.968736644394384e-05
90102,WHITE FRANGIPANI HAIR CLIP,8.5,10.0,1,1,7.968736644394384e-05
85036b,CHOCOLATE 1 WICK MORRIS BOX CANDLE,8.47,1.0,1,0,7.940611691531816e-05
72803b,OCEAN SCENT CANDLE JEWELLED DRAWER,8.47,1.0,1,0,7.940611691531816e-05
21410,COUNTRY COTTAGE  DOORSTOP GREEN,8.47,1.0,1,0,7.940611691531816e-05
85035c,ROSE 3 WICK MORRIS BOX CANDLE,8.47,1.0,1,0,7.940611691531816e-05
85035b,CHOCOLATE 3 WICK MORRIS BOX CANDLE,8.47,1.0,1,0,7.940611691531816e-05
84975,HEART SHAPED MIRROR,8.45,5.0,2,2,7.92186172295677e-05
20871,OPULENT VELVET SET/3 CANDLES,8.42,2.0,1,0,7.893736770094202e-05
21594,Dr. Jam's Arouzer Stress Ball,8.34,2.0,2,0,7.81873689579402e-05
23612,SET 10 MINICARDS CUTE SNOWMAN 17071,8.299999999999999,5.0,2,0,7.781236958643927e-05
72802c,VANILLA SCENT CANDLE JEWELLED BOX,8.29,1.0,1,0,7.771861974356405e-05
85034b,3 WHITE CHOC MORRIS BOXED CANDLES,8.29,1.0,1,0,7.771861974356405e-05
84924F,PSYCHEDELIC METAL SIGN CALENDAR,7.9,10.0,3,3,7.406237587143015e-05
16244B,MAXWELL 2 TONE BLUE 60 PAGE PHOTO A,7.85,7.0,2,2,7.359362665705402e-05
35607A,PINK FLUFFY CHRISTMAS DECORATION,7.82,26.0,2,1,7.331237712842833e-05
90042A,FRESHWATER PEARL BRACELET GOLD,7.6499999999999995,3.0,2,1,7.171862979954945e-05
85189,HANGING BUTTERFLY  EGG,7.6499999999999995,9.0,3,2,7.171862979954945e-05
79149B,SILICON STAR BULB  BLUE,7.5600000000000005,18.0,8,8,7.087488121367241e-05
21827,EIGHT PIECE CREEPY CRAWLIE SET,7.5,6.0,3,3,7.031238215642104e-05
37379A,PINK CHERRY BLOSSOM CUP & SAUCER,7.5,6.0,1,1,7.031238215642104e-05
85160A,WHITE BIRD GARDEN DESIGN MUG,7.5,6.0,1,0,7.031238215642104e-05
90068,"RUBY GLASS NECKLACE 42""",7.5,1.0,1,0,7.031238215642104e-05
16202E,BLACK PHOTO ALBUM ,7.5,15.0,3,3,7.031238215642104e-05
90025A,BAROQUE BUTTERFLY EARRINGS BLACK,7.5,2.0,2,2,7.031238215642104e-05
23633,SET 10 CARDS WORLD CHILDREN 17067,7.470000000000001,3.0,3,0,7.003113262779535e-05
62097B,BLUE STRIPES SHOULDER BAG,7.47,9.0,3,2,7.003113262779535e-05
90128A,PINK LEAVES AND BEADS PHONE CHARM,7.43,3.0,2,0,6.965613325629444e-05
84596g,SMALL CHOCOLATES PINK BOWL,7.38,3.0,1,0,6.91873840419183e-05
71496B,A4 WALL TIDY RED FLOWERS,7.37,13.0,4,4,6.909363419904306e-05
85144,JARDIN ETCHED GLASS BUTTER DISH,7.25,1.0,1,1,6.796863608454033e-05
10124G,ARMY CAMO BOOKCOVER TAPE,7.14,17.0,4,4,6.693738781291283e-05
90214O,"LETTER ""O"" BLING KEY RING",6.819999999999999,16.0,5,1,6.393739284090552e-05
90214W,"LETTER ""W"" BLING KEY RING",6.819999999999999,16.0,5,1,6.393739284090552e-05
35443,RASTA IN BATH W SPLIFF ASHTRAY,6.8,8.0,6,5,6.374989315515506e-05
84802B,PURPLE ANEMONE ARTIFICIAL FLOWER,6.76,4.0,1,1,6.337489378365416e-05
35833G,4 GOLD FLOCK CHRISTMAS BALLS,6.72,2.0,1,0,6.299989441215325e-05
10124A,SPOTS ON RED BOOKCOVER TAPE,6.72,16.0,5,5,6.299989441215325e-05
21186,WHITE DOVE HONEYCOMB PAPER GARLAND,6.72,2.0,1,0,6.299989441215325e-05
62074B,ELEPHANT CLIP W SUCTION CUP,6.72,16.0,4,4,6.299989441215325e-05
23604,SET 10 MINI SANTA & SNOWMAN  17087,6.64,4.0,2,0,6.224989566915142e-05
37491B,BLUE/YELLOW CERAMIC CANDLE HOLDER,6.6,4.0,1,1,6.18748962976505e-05
20678,LARGE BLACK DIAMANTE HAIRSLIDE,6.6,4.0,1,1,6.18748962976505e-05
90126C,AMBER BERTIE MOBILE PHONE CHARM,6.58,2.0,1,0,6.168739661190005e-05
85224,ASSORTED COLOUR SILK GLASSES CASE,6.300000000000001,3.0,1,1,5.906240101139368e-05
44089A,PINK GAUZE BUTTERFLY LAMPSHADE,6.3,15.0,4,4,5.906240101139367e-05
35591T,TURQUOISE CHRISTMAS TREE ,6.25,5.0,4,4,5.859365179701753e-05
21228,"POCKET MIRROR ""GLAMOROUS""",6.25,5.0,2,2,5.859365179701753e-05
85225,BLING KEY RING STAND,6.25,6.0,3,3,5.859365179701753e-05
23610,SET 10 CARDS CHRISTMAS ROBIN 17095,6.24,3.0,3,0,5.849990195414231e-05
90060B,FIRE POLISHED GLASS NECKL GOLD,5.95,1.0,1,1,5.5781156510760684e-05
90152C,BLUE/NAT SHELL NECKLACE W PENDANT,5.95,1.0,1,1,5.5781156510760684e-05
84499,BLACK FLOWER CANDLE PLATE,5.949999999999999,7.0,2,2,5.5781156510760684e-05
90014B,GOLD M.O.P. ORBIT NECKLACE,5.9,2.0,2,2,5.531240729638455e-05
79161A,ST GEORGE SET OF 10 PARTY LIGHTS,5.9,2.0,2,2,5.531240729638455e-05
35598C,WHITE CHRISTMAS TREE 60CM,5.9,2.0,2,2,5.531240729638455e-05
84228,HEN HOUSE WITH CHICK STANDING,5.88,14.0,3,3,5.512490761063409e-05
23638,SET 10 CARDS ROBIN WATERPUMP  17096,5.82,2.0,2,0,5.456240855338273e-05
23652,SET 10 CARD CHRISTMAS STAMPS 16963,5.82,2.0,1,0,5.456240855338273e-05
23617,SET 10 CARDS SWIRLY XMAS TREE 17104,5.82,2.0,1,0,5.456240855338273e-05
90011C,GREEN CRYSTAL DROP EARRINGS,5.8,2.0,2,0,5.437490886763226e-05
90067B,BROWN VINTAGE VICTORIAN EARRINGS,5.8,2.0,2,0,5.437490886763226e-05
23630,SET 10 CARDS HANGING BAUBLES 17080,5.48,2.0,2,1,5.137491389562497e-05
35004P,SET OF 3 PINK FLYING DUCKS,5.45,1.0,1,1,5.109366436699929e-05
21839,MUMMY MOUSE RED GINGHAM RIBBON,5.45,1.0,1,1,5.109366436699929e-05
81953P,ROUND ARTICULATED PINK CLOCK W/SUCK,5.32,28.0,3,2,4.987491640962132e-05
37509,NEW ENGLAND MUG W GIFT BOX,5.1,2.0,2,2,4.781241986636631e-05
20964,POLYESTER FILLER PAD 60x40cm,5.1,2.0,1,1,4.781241986636631e-05
90142A,GREEN PENDANT SHELL NECKLACE,5.09,1.0,1,0,4.771867002349107e-05
84803A,PINK ALLIUM  ARTIFICIAL FLOWER,5.07,3.0,1,0,4.7531170337740626e-05
22034,ROBIN CHRISTMAS CARD,5.0200000000000005,10.0,4,1,4.706242112336448e-05
90135A,ORANGE/FUSCHIA STONES NECKLACE,4.98,1.0,1,0,4.668742175186357e-05
23649,SET 10 CARDS DECK THE HALLS 16960,4.98,2.0,2,0,4.668742175186357e-05
47593b,SCOTTIE DOGS BABY BIB,4.9799999999999995,6.0,1,0,4.6687421751863565e-05
90128C,GREEN LEAVES AND BEADS PHONE CHARM,4.97,2.0,2,0,4.659367190898834e-05
90128D,PURPLE LEAVES AND BEADS PHONE CHAR,4.97,2.0,2,0,4.659367190898834e-05
84661a,WHITE SQUARE TABLE CLOCK,4.96,1.0,1,0,4.649992206611311e-05
84661b,BLACK SQUARE TABLE CLOCK,4.96,1.0,1,0,4.649992206611311e-05
85031B,BLOSSOM IMAGES SCRAP BOOK SET,4.95,1.0,1,1,4.6406172223237884e-05
90081B,LILY BROOCH WHITE/SILVER COLOUR,4.95,1.0,1,0,4.6406172223237884e-05
35650,VINTAGE BEAD PINK JEWEL STAND,4.95,1.0,1,1,4.6406172223237884e-05
85231b,CINAMMON SET OF 9 T-LIGHTS,4.92,3.0,3,0,4.6124922694612204e-05
85049b,LUSH GREENS RIBBONS,4.92,2.0,2,0,4.6124922694612204e-05
85049d,BRIGHT BLUES RIBBONS ,4.92,2.0,2,0,4.6124922694612204e-05
90127A,PINK BEADS+HAND PHONE CHARM,4.92,2.0,1,0,4.6124922694612204e-05
84971l,LARGE HEART FLOWERS HOOK   ,4.92,2.0,1,0,4.6124922694612204e-05
84613C,BLUE NEW BAROQUE FLOCK CANDLESTICK,4.65,1.0,1,1,4.3593676936981046e-05
81950V,FLOWER PURPLE CLOCK WITH SUCKER,4.64,16.0,3,3,4.3499927094105815e-05
79151B,"SILICON CUBE 25W, BLUE",4.62,11.0,2,2,4.331242740835536e-05
71215,METAL BASE FOR CANDLES,4.62,11.0,2,2,4.331242740835536e-05
35817P,PINK ACRYLIC JEWEL SNOWFLAKE,4.5600000000000005,12.0,1,1,4.274992835110399e-05
84206A,3 BLACK CATS W HEARTS BLANK CARD,4.5600000000000005,24.0,3,3,4.274992835110399e-05
84732D,CUTE RABBIT CEATURE SCREEN ,4.29,11.0,2,2,4.0218682593472834e-05
81950V,FLOWER PURPLE CLOCK W/SUCKER,4.25,5.0,3,3,3.984368322197192e-05
22218,CAKE STAND LACE WHITE,4.25,1.0,1,1,3.984368322197192e-05
22199,FRYING PAN RED POLKADOT ,4.25,1.0,1,1,3.984368322197192e-05
20703,BLUE PADDED SOFT MOBILE,4.25,1.0,1,1,3.984368322197192e-05
79157V,UBO-LIGHT TRIOBASE PURPLE,4.25,5.0,3,3,3.984368322197192e-05
20861,GOLD COSMETIC BAG PINK STAR,4.2,2.0,2,2,3.937493400759578e-05
47016,LIGHT DECORATION BATTERY OPERATED,4.2,2.0,1,1,3.937493400759578e-05
22206,"MUG , DOTCOMGIFTSHOP.COM ",4.17,5.0,5,0,3.90936844789701e-05
23391, I LOVE LONDON MINI RUCKSACK,4.15,1.0,1,1,3.890618479321964e-05
46776b,WOVEN BERRIES CUSHION COVER ,4.13,1.0,1,0,3.871868510746918e-05
46776e,WOVEN CANDY CUSHION COVER ,4.13,1.0,1,0,3.871868510746918e-05
47591b,SCOTTIES CHILDRENS APRON,4.13,1.0,1,0,3.871868510746918e-05
84536b,FAIRY CAKES NOTEBOOK A7 SIZE,4.050000000000001,5.0,1,0,3.7968686364467364e-05
17174,ASSTD RASTA KEY-CHAINS,3.7800000000000002,9.0,3,3,3.5437440606836206e-05
44091A,BLUE CRUSOE CHECK LAMPSHADE,3.78,9.0,3,3,3.54374406068362e-05
90128B,BLUE LEAVES AND BEADS PHONE CHARM,3.76,2.0,2,1,3.524994092108574e-05
37464,ROBOT MUG IN DISPLAY BOX,3.75,3.0,2,2,3.515619107821052e-05
79192A,RETRO PLASTIC 70'S TRAY,3.75,3.0,2,2,3.515619107821052e-05
90025B,BAROQUE BUTTERFLY EARRINGS RED,3.73,1.0,1,0,3.496869139246006e-05
90025E,BAROQUE BUTTERFLY EARRINGS MONTANA,3.73,1.0,1,0,3.496869139246006e-05
35271S,GOLD PRINT PAPER BAG,3.6100000000000003,19.0,2,2,3.384369327795733e-05
16010,FOLDING CAMPING SCISSOR W/KNIF & S,3.5999999999999996,30.0,3,3,3.3749943435082096e-05
84270,ASSTD DESIGN BUBBLE GUM RING,3.5700000000000003,17.0,4,0,3.3468693906456416e-05
16202A,PASTEL PINK PHOTO ALBUM ,3.5,7.0,2,2,3.281244500632982e-05
90214U,"LETTER ""U"" BLING KEY RING",3.4799999999999995,12.0,1,1,3.2624945320579354e-05
79157B,UBO-LIGHT TRIOBASE BLUE,3.4,4.0,2,2,3.187494657757753e-05
84802A,WHITE ANEMONE ARTIFICIAL FLOWER,3.38,2.0,1,1,3.168744689182708e-05
22528,GARDENERS KNEELING PAD,3.36,1.0,1,0,3.1499947206076626e-05
85119,WATERING CAN SINGLE HOOK PISTACHIO,3.36,1.0,1,0,3.1499947206076626e-05
90126A,PINK BERTIE MOBILE PHONE CHARM,3.36,1.0,1,0,3.1499947206076626e-05
21160,KEEP OUT GIRLS DOOR HANGER ,3.36,1.0,1,0,3.1499947206076626e-05
23643,SET 10 CARDS CHRISTMAS BAUBLE 16954,3.33,1.0,1,0,3.121869767745094e-05
84534b,FAIRY CAKE NOTEBOOK A5 SIZE,3.32,2.0,2,0,3.112494783457571e-05
90187A,BLUE DROP EARRINGS W BEAD CLUSTER,3.32,1.0,1,0,3.112494783457571e-05
10123C,HEARTS WRAPPING TAPE ,3.25,5.0,3,3,3.0468698934449115e-05
47013A,WINE BOTTLE DRESSING LT.BLUE,3.04,14.0,4,4,2.8499952234069325e-05
23628,SET 10 CARDS TRIANGLE ICONS  17220,2.91,1.0,1,0,2.7281204276691366e-05
23602,SET 10 CARDS 3 WISE MEN 17107,2.91,1.0,1,0,2.7281204276691366e-05
23609,SET 10 CARDS SNOWY ROBIN 17099,2.91,1.0,1,0,2.7281204276691366e-05
90183c,BLACK DROP EARRINGS W LONG BEADS,2.9,1.0,1,0,2.718745443381613e-05
m,Manual,2.55,1.0,1,0,2.3906209933183153e-05
90100,NECKLACE+BRACELET SET PINK DAISY,2.55,1.0,1,1,2.3906209933183153e-05
17028J,INCENSE BAZAAR PEACH,2.52,6.0,1,1,2.362496040455747e-05
35609A,PINK FEATHER CHRISTMAS DECORATION,2.51,1.0,1,0,2.3531210561682238e-05
62096B,PURPLE/TURQ FLOWERS HANDBAG,2.5,2.0,1,1,2.3437460718807014e-05
90037A,TINY CRYSTAL BRACELET RED,2.48,1.0,1,0,2.3249961033056554e-05
84201B,HAPPY BIRTHDAY CARD STRIPEY TEDDY,2.47,13.0,2,2,2.315621119018133e-05
84510e,SET OF 4 GREEN CAROUSEL COASTERS,2.46,1.0,1,0,2.3062461347306102e-05
84596l,BISCUITS SMALL BOWL LIGHT BLUE,2.46,1.0,1,0,2.3062461347306102e-05
82613a,"METAL SIGN,CUPCAKE SINGLE HOOK",2.46,1.0,1,0,2.3062461347306102e-05
85049c,ROMANTIC PINKS RIBBONS ,2.46,1.0,1,0,2.3062461347306102e-05
85179a,GREEN BITTY LIGHT CHAIN,2.46,1.0,1,0,2.3062461347306102e-05
37330,BIG POLKADOT MUG,2.34,6.0,1,1,2.193746323280336e-05
46115B,GREEN POP ART MAO CUSHION COVER ,2.2800000000000002,12.0,2,1,2.1374964175551996e-05
77079,DOLPHIN WINDMILL,2.12,1.0,1,1,1.987496668954835e-05
47579,TEA TIME BREAKFAST BASKET,2.1,1.0,1,1,1.968746700379789e-05
85170A,SET/6 IVORY BIRD T-LIGHT CANDLES,2.1,1.0,1,1,1.968746700379789e-05
20860,GOLD COSMETICS BAG WITH BUTTERFLY,2.1,1.0,1,0,1.968746700379789e-05
90112,PINK DOLLY HAIR CLIPS,2.1,2.0,1,0,1.968746700379789e-05
21414,SCALLOP SHELL SOAP DISH,2.1,1.0,1,1,1.968746700379789e-05
81953B,ROUND BLUE CLOCK WITH SUCKER,2.09,11.0,3,2,1.9593717160922658e-05
84731,3 BIRDS CANVAS SCREEN,2.04,2.0,2,2,1.9124967946546522e-05
21491,SET OF THREE VINTAGE GIFT WRAPS,1.95,1.0,1,0,1.828121936066947e-05
22323,PINK POLKADOT KIDS BAG,1.95,1.0,1,1,1.828121936066947e-05
22146,EASTER CRAFT IVY WREATH WITH CHICK,1.95,1.0,1,1,1.828121936066947e-05
90092,BLUE CRYSTAL BOOT PHONE CHARM,1.66,1.0,1,0,1.5562473917287854e-05
23664,FLOWER SHOP DESIGN MUG,1.65,1.0,1,1,1.5468724074412626e-05
84550,CROCHET LILAC/RED BEAR KEYRING,1.65,1.0,1,1,1.5468724074412626e-05
84206C,CHAMPAGNE TRAY BLANK CARD,1.52,8.0,2,2,1.4249976117034663e-05
37461,FUNKY MONKEY MUG,1.25,1.0,1,1,1.1718730359403507e-05
35597A,DUSTY PINK CHRISTMAS TREE 30CM,1.25,1.0,1,1,1.1718730359403507e-05
35597B,BLACKCHRISTMAS TREE 30CM,1.25,1.0,1,1,1.1718730359403507e-05
21009,ETCHED GLASS STAR TREE DECORATION,1.25,1.0,1,0,1.1718730359403507e-05
84977,WIRE FLOWER T-LIGHT HOLDER,1.25,1.0,1,0,1.1718730359403507e-05
84569C,PACK 4 FLOWER/BUTTERFLY PATCHES,1.25,1.0,1,1,1.1718730359403507e-05
84743C,ORANGE FELT VASE + FLOWERS,1.25,1.0,1,1,1.1718730359403507e-05
23370,SET 36 COLOURING PENCILS DOILEY,1.25,1.0,1,1,1.1718730359403507e-05
84990,60 GOLD AND SILVER FAIRY CAKE CASES,1.1,2.0,2,2,1.0312482716275086e-05
84201C,HAPPY BIRTHDAY CARD TEDDY/CAKE,0.95,5.0,1,1,8.906235073146664e-06
84206B,CAT WITH SUNGLASSES BLANK CARD,0.95,5.0,1,1,8.906235073146664e-06
90084,PINK CRYSTAL GUITAR PHONE CHARM,0.85,1.0,1,1,7.968736644394383e-06
21268,VINTAGE BLUE TINSEL REEL,0.84,2.0,1,1,7.874986801519157e-06
51014c,"FEATHER PEN,COAL BLACK",0.83,1.0,1,0,7.781236958643927e-06
23366,SET 12 COLOURING PENCILS DOILEY,0.65,1.0,1,1,6.093739786889824e-06
84227,HEN HOUSE W CHICK IN NEST,0.42,1.0,1,1,3.937493400759578e-06
PADS,PADS TO MATCH ALL CUSHIONS,0.003,3.0,3,3,2.8124952862568415e-08
